request_id,department,asset_type,location,from_km,to_km,section,priority,reason,status
REQ-DEMO-0001,ENGINEERING,ENGINEERING Emergency Asset,KVZ (Kavali-Bitragunta),224.0,208.0,BZA-GDR-UP,Critical,[DEMO] Unusual hammering sound heard at Rail Joint KM 294/12 - Emergency Block: Weld Hairline Crack Attention,Pending Review
REQ-DEMO-0002,S_AND_T,S_AND_T Emergency Asset,NLR (Nellore-Venkatachalam),174.0,157.0,BZA-GDR-UP,Critical,[DEMO] Point No. 24B flashing out of correspondence at Tenali Yard - Emergency Block: Point Machine Obstruction Clearing,Pending Review
REQ-DEMO-0003,OHE_TRACTION,OHE_TRACTION Emergency Asset,BPP (Bapatla-Chirala),354.0,339.0,BZA-GDR-UP,Critical,[DEMO] Heavy sparking and loose steady arm at Mast 576/12 Godavari Bridge - Emergency Block: OHE Steady Arm Immediate Clamping,Pending Review
REQ-DEMO-0004,ENGINEERING,ENGINEERING Emergency Asset,TEL (Tenali-Duggirala),397.0,407.0,GDR-BZA-DN,Critical,[DEMO] Track buckle alert due to high ambient rail temperature at KM 182 - Emergency Block: Rail De-stressing Attention,Pending Review
REQ-DEMO-0005,S_AND_T,S_AND_T Emergency Asset,TEL (Tenali-Tsunduru),397.0,385.0,BZA-GDR-UP,Critical,[DEMO] MSDAC reset failure on Up line between Eluru and Denduluru - Emergency Block: Axle Counter Sensor Alignment,Pending Review
REQ-DEMO-0006,ENGINEERING,60kg PSC Track Bed,EE (Eluru-Denduluru),488.0,490.5,BZA-VSKP-DN,High,[DEMO] Corrugated rail renewal and heavy ballast screening.,Submitted
REQ-DEMO-0007,OHE_TRACTION,25kV Catenary Wire,EE (Eluru-Denduluru),488.0,490.5,BZA-VSKP-DN,High,[DEMO] 25kV OHE isolation and catenary wire height adjustment during track renewal.,Submitted
REQ-DEMO-0008,S_AND_T,DC Track Circuit Bonds,EE (Eluru-Denduluru),488.0,490.5,BZA-VSKP-DN,High,[DEMO] Reconnecting track circuit bonding jumpers and joint insulation after tamping.,Submitted
REQ-DEMO-0009,ENGINEERING,60kg PSC Track Bed,GWM (Gannavaram-Telaprolu),448.0,450.5,BZA-VSKP-DN,High,[DEMO] Corrugated rail renewal and heavy ballast screening.,Submitted
REQ-DEMO-0010,OHE_TRACTION,25kV Catenary Wire,GWM (Gannavaram-Telaprolu),448.0,450.5,BZA-VSKP-DN,High,[DEMO] 25kV OHE isolation and catenary wire height adjustment during track renewal.,Submitted
REQ-DEMO-0011,S_AND_T,DC Track Circuit Bonds,GWM (Gannavaram-Telaprolu),448.0,450.5,BZA-VSKP-DN,High,[DEMO] Reconnecting track circuit bonding jumpers and joint insulation after tamping.,Submitted
REQ-DEMO-0012,ENGINEERING,60kg PSC Track Bed,SLO (Samalkot-Pithapuram),628.0,630.5,BZA-VSKP-DN,High,[DEMO] Corrugated rail renewal and heavy ballast screening.,Submitted
REQ-DEMO-0013,OHE_TRACTION,25kV Catenary Wire,SLO (Samalkot-Pithapuram),628.0,630.5,BZA-VSKP-DN,High,[DEMO] 25kV OHE isolation and catenary wire height adjustment during track renewal.,Submitted
REQ-DEMO-0014,S_AND_T,DC Track Circuit Bonds,SLO (Samalkot-Pithapuram),628.0,630.5,BZA-VSKP-DN,High,[DEMO] Reconnecting track circuit bonding jumpers and joint insulation after tamping.,Submitted
REQ-DEMO-0015,ENGINEERING,60kg PSC Track Bed,NLR (Nellore-Kodavaluru),174.0,176.5,GDR-BZA-DN,High,[DEMO] Corrugated rail renewal and heavy ballast screening.,Submitted
REQ-DEMO-0016,OHE_TRACTION,25kV Catenary Wire,NLR (Nellore-Kodavaluru),174.0,176.5,GDR-BZA-DN,High,[DEMO] 25kV OHE isolation and catenary wire height adjustment during track renewal.,Submitted
REQ-DEMO-0017,S_AND_T,DC Track Circuit Bonds,NLR (Nellore-Kodavaluru),174.0,176.5,GDR-BZA-DN,High,[DEMO] Reconnecting track circuit bonding jumpers and joint insulation after tamping.,Submitted
REQ-DEMO-0018,ENGINEERING,60kg PSC Track Bed,DVD (Duvvada-Anakapalle),761.0,763.5,VSKP-BZA-UP,High,[DEMO] Corrugated rail renewal and heavy ballast screening.,Submitted
REQ-DEMO-0019,OHE_TRACTION,25kV Catenary Wire,DVD (Duvvada-Anakapalle),761.0,763.5,VSKP-BZA-UP,High,[DEMO] 25kV OHE isolation and catenary wire height adjustment during track renewal.,Submitted
REQ-DEMO-0020,S_AND_T,DC Track Circuit Bonds,DVD (Duvvada-Anakapalle),761.0,763.5,VSKP-BZA-UP,High,[DEMO] Reconnecting track circuit bonding jumpers and joint insulation after tamping.,Submitted
REQ-DEMO-0021,ENGINEERING,60kg PSC Track Bed,SKM (Singarayakonda-Tanguturu),262.0,264.5,GDR-BZA-DN,High,[DEMO] Corrugated rail renewal and heavy ballast screening.,Submitted
REQ-DEMO-0022,OHE_TRACTION,25kV Catenary Wire,SKM (Singarayakonda-Tanguturu),262.0,264.5,GDR-BZA-DN,High,[DEMO] 25kV OHE isolation and catenary wire height adjustment during track renewal.,Submitted
REQ-DEMO-0023,S_AND_T,DC Track Circuit Bonds,SKM (Singarayakonda-Tanguturu),262.0,264.5,GDR-BZA-DN,High,[DEMO] Reconnecting track circuit bonding jumpers and joint insulation after tamping.,Submitted
REQ-DEMO-0024,ENGINEERING,60kg PSC Track Bed,TDD (Tadepalligudem-Navabpalem),536.0,538.5,BZA-VSKP-DN,High,[DEMO] Corrugated rail renewal and heavy ballast screening.,Submitted
REQ-DEMO-0025,OHE_TRACTION,25kV Catenary Wire,TDD (Tadepalligudem-Navabpalem),536.0,538.5,BZA-VSKP-DN,High,[DEMO] 25kV OHE isolation and catenary wire height adjustment during track renewal.,Submitted
REQ-DEMO-0026,S_AND_T,DC Track Circuit Bonds,TDD (Tadepalligudem-Navabpalem),536.0,538.5,BZA-VSKP-DN,High,[DEMO] Reconnecting track circuit bonding jumpers and joint insulation after tamping.,Submitted
REQ-DEMO-0027,ENGINEERING,60kg PSC Track Bed,NLR (Nellore-Kodavaluru),174.0,176.5,GDR-BZA-DN,High,[DEMO] Corrugated rail renewal and heavy ballast screening.,Submitted
REQ-DEMO-0028,OHE_TRACTION,25kV Catenary Wire,NLR (Nellore-Kodavaluru),174.0,176.5,GDR-BZA-DN,High,[DEMO] 25kV OHE isolation and catenary wire height adjustment during track renewal.,Submitted
REQ-DEMO-0029,S_AND_T,DC Track Circuit Bonds,NLR (Nellore-Kodavaluru),174.0,176.5,GDR-BZA-DN,High,[DEMO] Reconnecting track circuit bonding jumpers and joint insulation after tamping.,Submitted
REQ-DEMO-0030,ENGINEERING,60kg PSC Track Bed,TUNI (Tuni-Annavaram),681.0,683.5,VSKP-BZA-UP,High,[DEMO] Corrugated rail renewal and heavy ballast screening.,Submitted
REQ-DEMO-0031,OHE_TRACTION,25kV Catenary Wire,TUNI (Tuni-Annavaram),681.0,683.5,VSKP-BZA-UP,High,[DEMO] 25kV OHE isolation and catenary wire height adjustment during track renewal.,Submitted
REQ-DEMO-0032,S_AND_T,DC Track Circuit Bonds,TUNI (Tuni-Annavaram),681.0,683.5,VSKP-BZA-UP,High,[DEMO] Reconnecting track circuit bonding jumpers and joint insulation after tamping.,Submitted
REQ-DEMO-0033,ENGINEERING,60kg PSC Track Bed,DVD (Duvvada-Visakhapatnam),761.0,763.5,BZA-VSKP-DN,High,[DEMO] Corrugated rail renewal and heavy ballast screening.,Submitted
REQ-DEMO-0034,OHE_TRACTION,25kV Catenary Wire,DVD (Duvvada-Visakhapatnam),761.0,763.5,BZA-VSKP-DN,High,[DEMO] 25kV OHE isolation and catenary wire height adjustment during track renewal.,Submitted
REQ-DEMO-0035,S_AND_T,DC Track Circuit Bonds,DVD (Duvvada-Visakhapatnam),761.0,763.5,BZA-VSKP-DN,High,[DEMO] Reconnecting track circuit bonding jumpers and joint insulation after tamping.,Submitted
REQ-DEMO-0036,ENGINEERING,60kg PSC Track Bed,RJY (Rajahmundry-Kovvuru),578.0,580.5,VSKP-BZA-UP,High,[DEMO] Corrugated rail renewal and heavy ballast screening.,Submitted
REQ-DEMO-0037,OHE_TRACTION,25kV Catenary Wire,RJY (Rajahmundry-Kovvuru),578.0,580.5,VSKP-BZA-UP,High,[DEMO] 25kV OHE isolation and catenary wire height adjustment during track renewal.,Submitted
REQ-DEMO-0038,S_AND_T,DC Track Circuit Bonds,RJY (Rajahmundry-Kovvuru),578.0,580.5,VSKP-BZA-UP,High,[DEMO] Reconnecting track circuit bonding jumpers and joint insulation after tamping.,Submitted
REQ-DEMO-0039,ENGINEERING,60kg PSC Track Bed,RJY (Rajahmundry-Kovvuru),578.0,580.5,VSKP-BZA-UP,High,[DEMO] Corrugated rail renewal and heavy ballast screening.,Submitted
REQ-DEMO-0040,OHE_TRACTION,25kV Catenary Wire,RJY (Rajahmundry-Kovvuru),578.0,580.5,VSKP-BZA-UP,High,[DEMO] 25kV OHE isolation and catenary wire height adjustment during track renewal.,Submitted
REQ-DEMO-0041,S_AND_T,DC Track Circuit Bonds,RJY (Rajahmundry-Kovvuru),578.0,580.5,VSKP-BZA-UP,High,[DEMO] Reconnecting track circuit bonding jumpers and joint insulation after tamping.,Submitted
REQ-DEMO-0042,S_AND_T,High-Availability Axle Counters (MSDAC),TEL (Tenali-Tsunduru),397.0,385.0,BZA-GDR-UP,Critical,[DEMO] OVERDUE by 18 days. Mandatory statutory maintenance exceeded due date.,Overdue Pending
REQ-DEMO-0043,S_AND_T,DC Track Circuit / Audio Frequency TC,OGL (Ongole-Surareddipalem),290.0,280.0,BZA-GDR-UP,Critical,[DEMO] OVERDUE by 25 days. Mandatory statutory maintenance exceeded due date.,Overdue Pending
REQ-DEMO-0044,S_AND_T,High-Availability Axle Counters (MSDAC),CLX (Chirala-Bapatla),339.0,354.0,GDR-BZA-DN,Critical,[DEMO] OVERDUE by 33 days. Mandatory statutory maintenance exceeded due date.,Overdue Pending
REQ-DEMO-0045,ENGINEERING,Ballast Bed,GNT (Guntur-Tenali Chord),0.0,25.4,GNT-TEL,Critical,[DEMO] OVERDUE by 8 days. Mandatory statutory maintenance exceeded due date.,Overdue Pending
REQ-DEMO-0046,OHE_TRACTION,Sectional Isolator Switches,NLR (Nellore-Kodavaluru),174.0,185.0,GDR-BZA-DN,Critical,[DEMO] OVERDUE by 21 days. Mandatory statutory maintenance exceeded due date.,Overdue Pending
REQ-DEMO-0047,ENGINEERING,Track Geometry / Ballast,NLR (Nellore-Kodavaluru),174.0,185.0,GDR-BZA-DN,Critical,[DEMO] OVERDUE by 19 days. Mandatory statutory maintenance exceeded due date.,Overdue Pending
REQ-DEMO-0048,ENGINEERING,Girder / Substructure,RJY (Rajahmundry-Kovvuru),578.0,570.0,VSKP-BZA-UP,Critical,[DEMO] OVERDUE by 30 days. Mandatory statutory maintenance exceeded due date.,Overdue Pending
REQ-DEMO-0049,ENGINEERING,Fishplated / Welded Joints,TDD (Tadepalligudem-Navabpalem),536.0,545.0,BZA-VSKP-DN,Critical,[DEMO] OVERDUE by 28 days. Mandatory statutory maintenance exceeded due date.,Overdue Pending
REQ-DEMO-0050,ENGINEERING,PSC Sleepers,EE (Eluru-Vatlur),488.0,479.0,VSKP-BZA-UP,Critical,[DEMO] OVERDUE by 16 days. Mandatory statutory maintenance exceeded due date.,Overdue Pending
REQ-DEMO-0051,OHE_TRACTION,Sectional Isolator Switches,NDD (Nidadavolu-Chagallu),555.0,564.0,BZA-VSKP-DN,Critical,[DEMO] OVERDUE by 31 days. Mandatory statutory maintenance exceeded due date.,Overdue Pending
REQ-DEMO-0052,S_AND_T,Automatic Signal Hut Relay Racks,SLO (Samalkot-Pithapuram),628.0,640.0,BZA-VSKP-DN,Critical,[DEMO] OVERDUE by 31 days. Mandatory statutory maintenance exceeded due date.,Overdue Pending
REQ-DEMO-0053,OHE_TRACTION,OHE Traction Masts & Portals,GDV (Gudivada-Machilipatnam Branch),0.0,36.7,GDV-MTM,Critical,[DEMO] OVERDUE by 17 days. Mandatory statutory maintenance exceeded due date.,Overdue Pending
REQ-DEMO-0054,S_AND_T,Station Solid State Data Logger,SKM (Singarayakonda-Tanguturu),262.0,272.0,GDR-BZA-DN,Critical,[DEMO] OVERDUE by 13 days. Mandatory statutory maintenance exceeded due date.,Overdue Pending
REQ-DEMO-0055,ENGINEERING,Girder / Substructure,CLX (Chirala-Bapatla),339.0,354.0,GDR-BZA-DN,Critical,[DEMO] OVERDUE by 33 days. Mandatory statutory maintenance exceeded due date.,Overdue Pending
REQ-DEMO-0056,S_AND_T,Electric Point Machine (IRS-500),RJY (Rajahmundry-Kadiyam (Godavari Br.)),578.0,588.0,BZA-VSKP-DN,Critical,[DEMO] OVERDUE by 19 days. Mandatory statutory maintenance exceeded due date.,Overdue Pending
REQ-DEMO-0057,OHE_TRACTION,Section Insulators / Neutral Section,NLR (Nellore-Kodavaluru),174.0,185.0,GDR-BZA-DN,Critical,[DEMO] OVERDUE by 34 days. Mandatory statutory maintenance exceeded due date.,Overdue Pending
REQ-DEMO-0058,ENGINEERING,Ballast Bed,TUNI (Tuni-Annavaram),681.0,665.0,VSKP-BZA-UP,Critical,[DEMO] OVERDUE by 5 days. Mandatory statutory maintenance exceeded due date.,Overdue Pending
REQ-DEMO-0059,OHE_TRACTION,Contact Wire Wear & Stagger,NLR (Nellore-Venkatachalam),174.0,157.0,BZA-GDR-UP,Critical,[DEMO] OVERDUE by 38 days. Mandatory statutory maintenance exceeded due date.,Overdue Pending
REQ-DEMO-0060,S_AND_T,Electronic Interlocking (EI) Panel,AKP (Anakapalle-Thadi),745.0,752.0,BZA-VSKP-DN,Critical,[DEMO] OVERDUE by 24 days. Mandatory statutory maintenance exceeded due date.,Overdue Pending
REQ-DEMO-0061,S_AND_T,Underground Signalling Cable / OFC,SLO (Samalkot-Bikkavolu),628.0,611.0,VSKP-BZA-UP,Critical,[DEMO] OVERDUE by 6 days. Mandatory statutory maintenance exceeded due date.,Overdue Pending
REQ-DEMO-0062,S_AND_T,Electronic Interlocking (EI) Panel,TEL (Tenali-Tsunduru),397.0,385.0,BZA-GDR-UP,Low,[DEMO] Heavy overhaul requiring 5-hour continuous slot during peak Vande Bharat / Express window (Infeasible).,Submitted
REQ-DEMO-0063,S_AND_T,High-Availability Axle Counters (MSDAC),OGL (Ongole-Surareddipalem),290.0,280.0,BZA-GDR-UP,Low,[DEMO] Heavy overhaul requiring 5-hour continuous slot during peak Vande Bharat / Express window (Infeasible).,Submitted
REQ-DEMO-0064,S_AND_T,DC Track Circuit / Audio Frequency TC,AKP (Anakapalle-Thadi),745.0,752.0,BZA-VSKP-DN,Low,[DEMO] Heavy overhaul requiring 5-hour continuous slot during peak Vande Bharat / Express window (Infeasible).,Submitted
REQ-DEMO-0065,ENGINEERING,Fishplated / Welded Joints,EE (Eluru-Denduluru),488.0,498.0,BZA-VSKP-DN,Low,[DEMO] Heavy overhaul requiring 5-hour continuous slot during peak Vande Bharat / Express window (Infeasible).,Submitted
REQ-DEMO-0066,S_AND_T,Electric Point Machine (IRS-500),CLX (Chirala-Bapatla),339.0,354.0,GDR-BZA-DN,Low,[DEMO] Heavy overhaul requiring 5-hour continuous slot during peak Vande Bharat / Express window (Infeasible).,Submitted
REQ-DEMO-0067,S_AND_T,DC Track Circuit / Audio Frequency TC,BZA (Vijayawada-Krishna Canal),428.0,423.0,BZA-GDR-UP,Low,[DEMO] Heavy overhaul requiring 5-hour continuous slot during peak Vande Bharat / Express window (Infeasible).,Submitted
REQ-DEMO-0068,OHE_TRACTION,Cantilever & Dropper Assembly,AKP (Anakapalle-Thadi),745.0,752.0,BZA-VSKP-DN,Low,[DEMO] Heavy overhaul requiring 5-hour continuous slot during peak Vande Bharat / Express window (Infeasible).,Submitted
REQ-DEMO-0069,ENGINEERING,LC Gate Track & Check Rails,GNT (Guntur-Tenali Chord),0.0,25.4,GNT-TEL,Low,[DEMO] Heavy overhaul requiring 5-hour continuous slot during peak Vande Bharat / Express window (Infeasible).,Submitted
REQ-DEMO-0070,ENGINEERING,Track Geometry / Ballast,AKP (Anakapalle-Thadi),745.0,752.0,BZA-VSKP-DN,Low,[DEMO] Heavy overhaul requiring 5-hour continuous slot during peak Vande Bharat / Express window (Infeasible).,Submitted
REQ-DEMO-0071,OHE_TRACTION,Contact Wire / Bracket,TUNI (Tuni-Gullipadu),681.0,693.0,BZA-VSKP-DN,Low,[DEMO] Heavy overhaul requiring 5-hour continuous slot during peak Vande Bharat / Express window (Infeasible).,Submitted
REQ-DEMO-0072,ENGINEERING,Rail Head Profile,TDD (Tadepalligudem-Navabpalem),536.0,545.0,BZA-VSKP-DN,Medium,[DEMO] Routine planned maintenance for Rail Head Profile as per annual schedule.,Submitted
REQ-DEMO-0073,S_AND_T,Station Solid State Data Logger,KCC (Krishna Canal-Vijayawada),423.0,428.0,GDR-BZA-DN,Low,[DEMO] Routine planned maintenance for Station Solid State Data Logger as per annual schedule.,Submitted
REQ-DEMO-0074,OHE_TRACTION,Sectional Isolator Switches,SLO (Samalkot-Bikkavolu),628.0,611.0,VSKP-BZA-UP,Medium,[DEMO] Routine planned maintenance for Sectional Isolator Switches as per annual schedule.,Submitted
REQ-DEMO-0075,OHE_TRACTION,OHE Traction Masts & Portals,SLO (Samalkot-Pithapuram),628.0,640.0,BZA-VSKP-DN,Low,[DEMO] Routine planned maintenance for OHE Traction Masts & Portals as per annual schedule.,Submitted
REQ-DEMO-0076,ENGINEERING,Ballast Bed,RJY (Rajahmundry-Kovvuru),578.0,570.0,VSKP-BZA-UP,Medium,[DEMO] Routine planned maintenance for Ballast Bed as per annual schedule.,Submitted
REQ-DEMO-0077,OHE_TRACTION,Contact Wire Wear & Stagger,EE (Eluru-Denduluru),488.0,498.0,BZA-VSKP-DN,Medium,[DEMO] Routine planned maintenance for Contact Wire Wear & Stagger as per annual schedule.,Submitted
REQ-DEMO-0078,S_AND_T,Automatic Signal Hut Relay Racks,BTTR (Bitragunta-Kavali),208.0,224.0,GDR-BZA-DN,High,[DEMO] Routine planned maintenance for Automatic Signal Hut Relay Racks as per annual schedule.,Submitted
REQ-DEMO-0079,ENGINEERING,Rails & Sleepers (TSR/CTR),TEL (Tenali-Tsunduru),397.0,385.0,BZA-GDR-UP,Critical,[DEMO] Routine planned maintenance for Rails & Sleepers (TSR/CTR) as per annual schedule.,Submitted
REQ-DEMO-0080,OHE_TRACTION,25kV TSS Transformer / CB,OGL (Ongole-Ammanabrolu),290.0,305.0,GDR-BZA-DN,Critical,[DEMO] Routine planned maintenance for 25kV TSS Transformer / CB as per annual schedule.,Submitted
REQ-DEMO-0081,S_AND_T,High-Availability Axle Counters (MSDAC),RJY (Rajahmundry-Kadiyam (Godavari Br.)),578.0,588.0,BZA-VSKP-DN,High,[DEMO] Routine planned maintenance for High-Availability Axle Counters (MSDAC) as per annual schedule.,Submitted
REQ-DEMO-0082,ENGINEERING,Rail Head Profile,TEL (Tenali-Duggirala),397.0,407.0,GDR-BZA-DN,Medium,[DEMO] Routine planned maintenance for Rail Head Profile as per annual schedule.,Submitted
REQ-DEMO-0083,OHE_TRACTION,Section Insulators / Neutral Section,GDV (Gudivada-Machilipatnam Branch),0.0,36.7,GDV-MTM,High,[DEMO] Routine planned maintenance for Section Insulators / Neutral Section as per annual schedule.,Submitted
REQ-DEMO-0084,ENGINEERING,Rails & Sleepers (TSR/CTR),RJY (Rajahmundry-Kadiyam (Godavari Br.)),578.0,588.0,BZA-VSKP-DN,Critical,[DEMO] Routine planned maintenance for Rails & Sleepers (TSR/CTR) as per annual schedule.,Submitted
REQ-DEMO-0085,S_AND_T,Electric Point Machine (IRS-500),NLR (Nellore-Venkatachalam),174.0,157.0,BZA-GDR-UP,Critical,[DEMO] Routine planned maintenance for Electric Point Machine (IRS-500) as per annual schedule.,Submitted
REQ-DEMO-0086,ENGINEERING,Rail Head Profile,GDV (Gudivada-Machilipatnam Branch),0.0,36.7,GDV-MTM,Medium,[DEMO] Routine planned maintenance for Rail Head Profile as per annual schedule.,Submitted
REQ-DEMO-0087,ENGINEERING,Track Cess & Side Drains,AKP (Anakapalle-Thadi),745.0,752.0,BZA-VSKP-DN,Low,[DEMO] Routine planned maintenance for Track Cess & Side Drains as per annual schedule.,Submitted
REQ-DEMO-0088,ENGINEERING,Fishplated / Welded Joints,NLR (Nellore-Kodavaluru),174.0,185.0,GDR-BZA-DN,High,[DEMO] Routine planned maintenance for Fishplated / Welded Joints as per annual schedule.,Submitted
REQ-DEMO-0089,ENGINEERING,Track Cess & Side Drains,GWM (Gannavaram-Telaprolu),448.0,460.0,BZA-VSKP-DN,Low,[DEMO] Routine planned maintenance for Track Cess & Side Drains as per annual schedule.,Submitted
REQ-DEMO-0090,S_AND_T,Electric Point Machine (IRS-500),GNT (Guntur-Tenali Chord),0.0,25.4,GNT-TEL,Critical,[DEMO] Routine planned maintenance for Electric Point Machine (IRS-500) as per annual schedule.,Submitted
REQ-DEMO-0091,S_AND_T,Station Solid State Data Logger,SLO (Samalkot-Bikkavolu),628.0,611.0,VSKP-BZA-UP,Low,[DEMO] Routine planned maintenance for Station Solid State Data Logger as per annual schedule.,Submitted
REQ-DEMO-0092,ENGINEERING,Track Cess & Side Drains,BZA (Vijayawada-Krishna Canal),428.0,423.0,BZA-GDR-UP,Low,[DEMO] Routine planned maintenance for Track Cess & Side Drains as per annual schedule.,Submitted
REQ-DEMO-0093,S_AND_T,Electronic Interlocking (EI) Panel,BPP (Bapatla-Chirala),354.0,339.0,BZA-GDR-UP,Critical,[DEMO] Routine planned maintenance for Electronic Interlocking (EI) Panel as per annual schedule.,Submitted
REQ-DEMO-0094,S_AND_T,Automatic Signal Hut Relay Racks,BPP (Bapatla-Chirala),354.0,339.0,BZA-GDR-UP,High,[DEMO] Routine planned maintenance for Automatic Signal Hut Relay Racks as per annual schedule.,Submitted
REQ-DEMO-0095,ENGINEERING,Ballast Bed,CLX (Chirala-Bapatla),339.0,354.0,GDR-BZA-DN,Medium,[DEMO] Routine planned maintenance for Ballast Bed as per annual schedule.,Submitted
REQ-DEMO-0096,S_AND_T,Automatic Signal Hut Relay Racks,GDV (Gudivada-Machilipatnam Branch),0.0,36.7,GDV-MTM,High,[DEMO] Routine planned maintenance for Automatic Signal Hut Relay Racks as per annual schedule.,Submitted
REQ-DEMO-0097,S_AND_T,Station Solid State Data Logger,DVD (Duvvada-Anakapalle),761.0,745.0,VSKP-BZA-UP,Low,[DEMO] Routine planned maintenance for Station Solid State Data Logger as per annual schedule.,Submitted
REQ-DEMO-0098,ENGINEERING,LC Gate Track & Check Rails,NDD (Nidadavolu-Chagallu),555.0,564.0,BZA-VSKP-DN,High,[DEMO] Routine planned maintenance for LC Gate Track & Check Rails as per annual schedule.,Submitted
REQ-DEMO-0099,OHE_TRACTION,Contact Wire / Bracket,AKP (Anakapalle-Thadi),745.0,752.0,BZA-VSKP-DN,High,[DEMO] Routine planned maintenance for Contact Wire / Bracket as per annual schedule.,Submitted
REQ-DEMO-0100,OHE_TRACTION,Sectional Isolator Switches,SKM (Singarayakonda-Tanguturu),262.0,272.0,GDR-BZA-DN,Medium,[DEMO] Routine planned maintenance for Sectional Isolator Switches as per annual schedule.,Submitted
REQ-DEMO-0101,S_AND_T,DC Track Circuit / Audio Frequency TC,KCC (Krishna Canal-Vijayawada),423.0,428.0,GDR-BZA-DN,High,[DEMO] Routine planned maintenance for DC Track Circuit / Audio Frequency TC as per annual schedule.,Submitted
REQ-DEMO-0102,ENGINEERING,Fishplated / Welded Joints,TEL (Tenali-Duggirala),397.0,407.0,GDR-BZA-DN,High,[DEMO] Routine planned maintenance for Fishplated / Welded Joints as per annual schedule.,Submitted
REQ-DEMO-0103,ENGINEERING,Ballast Bed,SLO (Samalkot-Pithapuram),628.0,640.0,BZA-VSKP-DN,Medium,[DEMO] Routine planned maintenance for Ballast Bed as per annual schedule.,Submitted
REQ-DEMO-0104,S_AND_T,Underground Signalling Cable / OFC,GWM (Gannavaram-Telaprolu),448.0,460.0,BZA-VSKP-DN,Medium,[DEMO] Routine planned maintenance for Underground Signalling Cable / OFC as per annual schedule.,Submitted
REQ-DEMO-0105,OHE_TRACTION,25kV TSS Transformer / CB,GDR (Gudur-Manubolu),136.0,145.0,GDR-BZA-DN,Critical,[DEMO] Routine planned maintenance for 25kV TSS Transformer / CB as per annual schedule.,Submitted
REQ-DEMO-0106,S_AND_T,Station Solid State Data Logger,EE (Eluru-Vatlur),488.0,479.0,VSKP-BZA-UP,Low,[DEMO] Routine planned maintenance for Station Solid State Data Logger as per annual schedule.,Submitted
REQ-DEMO-0107,S_AND_T,High-Availability Axle Counters (MSDAC),RJY (Rajahmundry-Kovvuru),578.0,570.0,VSKP-BZA-UP,High,[DEMO] Routine planned maintenance for High-Availability Axle Counters (MSDAC) as per annual schedule.,Submitted
REQ-DEMO-0108,ENGINEERING,PSC Sleepers,RJY (Rajahmundry-Kadiyam (Godavari Br.)),578.0,588.0,BZA-VSKP-DN,High,[DEMO] Routine planned maintenance for PSC Sleepers as per annual schedule.,Submitted
REQ-DEMO-0109,OHE_TRACTION,Contact Wire / Bracket,TUNI (Tuni-Annavaram),681.0,665.0,VSKP-BZA-UP,High,[DEMO] Routine planned maintenance for Contact Wire / Bracket as per annual schedule.,Submitted
REQ-DEMO-0110,ENGINEERING,Ballast Bed,BZA (Vijayawada-Krishna Canal),428.0,423.0,BZA-GDR-UP,Medium,[DEMO] Routine planned maintenance for Ballast Bed as per annual schedule.,Submitted
REQ-DEMO-0111,S_AND_T,High-Availability Axle Counters (MSDAC),KVZ (Kavali-Bitragunta),224.0,208.0,BZA-GDR-UP,High,[DEMO] Routine planned maintenance for High-Availability Axle Counters (MSDAC) as per annual schedule.,Submitted
REQ-DEMO-0112,ENGINEERING,Track Cess & Side Drains,BPP (Bapatla-Chirala),354.0,339.0,BZA-GDR-UP,Low,[DEMO] Routine planned maintenance for Track Cess & Side Drains as per annual schedule.,Submitted
REQ-DEMO-0113,S_AND_T,Automatic Signal Hut Relay Racks,GNT (Guntur-Tenali Chord),0.0,25.4,GNT-TEL,High,[DEMO] Routine planned maintenance for Automatic Signal Hut Relay Racks as per annual schedule.,Submitted
REQ-DEMO-0114,ENGINEERING,Ballast Bed,TDD (Tadepalligudem-Navabpalem),536.0,545.0,BZA-VSKP-DN,Medium,[DEMO] Routine planned maintenance for Ballast Bed as per annual schedule.,Submitted
REQ-DEMO-0115,ENGINEERING,P-Way Track Parameters,DVD (Duvvada-Visakhapatnam),761.0,778.0,BZA-VSKP-DN,Low,[DEMO] Routine planned maintenance for P-Way Track Parameters as per annual schedule.,Submitted
REQ-DEMO-0116,S_AND_T,DC Track Circuit / Audio Frequency TC,KVZ (Kavali-Bitragunta),224.0,208.0,BZA-GDR-UP,High,[DEMO] Routine planned maintenance for DC Track Circuit / Audio Frequency TC as per annual schedule.,Submitted
REQ-DEMO-0117,ENGINEERING,LC Gate Track & Check Rails,CLX (Chirala-Bapatla),339.0,354.0,GDR-BZA-DN,High,[DEMO] Routine planned maintenance for LC Gate Track & Check Rails as per annual schedule.,Submitted
REQ-DEMO-0118,S_AND_T,Underground Signalling Cable / OFC,TEL (Tenali-Tsunduru),397.0,385.0,BZA-GDR-UP,Medium,[DEMO] Routine planned maintenance for Underground Signalling Cable / OFC as per annual schedule.,Submitted
REQ-DEMO-0119,OHE_TRACTION,Contact Wire Wear & Stagger,OGL (Ongole-Ammanabrolu),290.0,305.0,GDR-BZA-DN,Medium,[DEMO] Routine planned maintenance for Contact Wire Wear & Stagger as per annual schedule.,Submitted
REQ-DEMO-0120,ENGINEERING,Track Cess & Side Drains,OGL (Ongole-Surareddipalem),290.0,280.0,BZA-GDR-UP,Low,[DEMO] Routine planned maintenance for Track Cess & Side Drains as per annual schedule.,Submitted
REQ-DEMO-0121,S_AND_T,High-Availability Axle Counters (MSDAC),GNT (Guntur-Tenali Chord),0.0,25.4,GNT-TEL,High,[DEMO] Routine planned maintenance for High-Availability Axle Counters (MSDAC) as per annual schedule.,Submitted
REQ-DEMO-0122,OHE_TRACTION,Section Insulators / Neutral Section,EE (Eluru-Denduluru),488.0,498.0,BZA-VSKP-DN,High,[DEMO] Routine planned maintenance for Section Insulators / Neutral Section as per annual schedule.,Submitted
REQ-DEMO-0123,OHE_TRACTION,Sectional Isolator Switches,TDD (Tadepalligudem-Navabpalem),536.0,545.0,BZA-VSKP-DN,Medium,[DEMO] Routine planned maintenance for Sectional Isolator Switches as per annual schedule.,Submitted
REQ-DEMO-0124,ENGINEERING,LC Gate Track & Check Rails,NLR (Nellore-Venkatachalam),174.0,157.0,BZA-GDR-UP,High,[DEMO] Routine planned maintenance for LC Gate Track & Check Rails as per annual schedule.,Submitted
REQ-DEMO-0125,OHE_TRACTION,Contact Wire Wear & Stagger,NLR (Nellore-Kodavaluru),174.0,185.0,GDR-BZA-DN,Medium,[DEMO] Routine planned maintenance for Contact Wire Wear & Stagger as per annual schedule.,Submitted
REQ-DEMO-0126,S_AND_T,Color Light Signals (MACLS),BVRM (Bhimavaram-Narasapur Branch),0.0,29.4,BVRM-NS,Medium,[DEMO] Routine planned maintenance for Color Light Signals (MACLS) as per annual schedule.,Submitted
REQ-DEMO-0127,OHE_TRACTION,Contact Wire Wear & Stagger,EE (Eluru-Denduluru),488.0,498.0,BZA-VSKP-DN,Medium,[DEMO] Routine planned maintenance for Contact Wire Wear & Stagger as per annual schedule.,Submitted
REQ-DEMO-0128,ENGINEERING,P-Way Track Parameters,GDV (Gudivada-Machilipatnam Branch),0.0,36.7,GDV-MTM,Low,[DEMO] Routine planned maintenance for P-Way Track Parameters as per annual schedule.,Submitted
REQ-DEMO-0129,OHE_TRACTION,25kV TSS Transformer / CB,NLR (Nellore-Venkatachalam),174.0,157.0,BZA-GDR-UP,Critical,[DEMO] Routine planned maintenance for 25kV TSS Transformer / CB as per annual schedule.,Submitted
REQ-DEMO-0130,ENGINEERING,PSC Sleepers,TEL (Tenali-Duggirala),397.0,407.0,GDR-BZA-DN,High,[DEMO] Routine planned maintenance for PSC Sleepers as per annual schedule.,Submitted
REQ-DEMO-0131,ENGINEERING,Ballast Bed,BVRM (Bhimavaram-Narasapur Branch),0.0,29.4,BVRM-NS,Medium,[DEMO] Routine planned maintenance for Ballast Bed as per annual schedule.,Submitted
REQ-DEMO-0132,S_AND_T,Automatic Signal Hut Relay Racks,CLX (Chirala-Bapatla),339.0,354.0,GDR-BZA-DN,High,[DEMO] Routine planned maintenance for Automatic Signal Hut Relay Racks as per annual schedule.,Submitted
REQ-DEMO-0133,OHE_TRACTION,25kV TSS Transformer / CB,SKM (Singarayakonda-Tanguturu),262.0,272.0,GDR-BZA-DN,Critical,[DEMO] Routine planned maintenance for 25kV TSS Transformer / CB as per annual schedule.,Submitted
REQ-DEMO-0134,S_AND_T,DC Track Circuit / Audio Frequency TC,KVZ (Kavali-Bitragunta),224.0,208.0,BZA-GDR-UP,High,[DEMO] Routine planned maintenance for DC Track Circuit / Audio Frequency TC as per annual schedule.,Submitted
REQ-DEMO-0135,ENGINEERING,Track Geometry / Ballast,BVRM (Bhimavaram-Narasapur Branch),0.0,29.4,BVRM-NS,Medium,[DEMO] Routine planned maintenance for Track Geometry / Ballast as per annual schedule.,Submitted
REQ-DEMO-0136,S_AND_T,DC Track Circuit / Audio Frequency TC,KVZ (Kavali-Bitragunta),224.0,208.0,BZA-GDR-UP,High,[DEMO] Routine planned maintenance for DC Track Circuit / Audio Frequency TC as per annual schedule.,Submitted
REQ-DEMO-0137,ENGINEERING,Ballast Bed,GDV (Gudivada-Machilipatnam Branch),0.0,36.7,GDV-MTM,Medium,[DEMO] Routine planned maintenance for Ballast Bed as per annual schedule.,Submitted
REQ-DEMO-0138,ENGINEERING,Rails & Sleepers (TSR/CTR),CLX (Chirala-Bapatla),339.0,354.0,GDR-BZA-DN,Critical,[DEMO] Routine planned maintenance for Rails & Sleepers (TSR/CTR) as per annual schedule.,Submitted
REQ-DEMO-0139,OHE_TRACTION,Section Insulators / Neutral Section,OGL (Ongole-Ammanabrolu),290.0,305.0,GDR-BZA-DN,High,[DEMO] Routine planned maintenance for Section Insulators / Neutral Section as per annual schedule.,Submitted
REQ-DEMO-0140,S_AND_T,DC Track Circuit / Audio Frequency TC,NLR (Nellore-Kodavaluru),174.0,185.0,GDR-BZA-DN,High,[DEMO] Routine planned maintenance for DC Track Circuit / Audio Frequency TC as per annual schedule.,Submitted
REQ-DEMO-0141,S_AND_T,Color Light Signals (MACLS),SLO (Samalkot-Pithapuram),628.0,640.0,BZA-VSKP-DN,Medium,[DEMO] Routine planned maintenance for Color Light Signals (MACLS) as per annual schedule.,Submitted
REQ-DEMO-0142,S_AND_T,Electronic Interlocking (EI) Panel,AKP (Anakapalle-Thadi),745.0,752.0,BZA-VSKP-DN,Critical,[DEMO] Routine planned maintenance for Electronic Interlocking (EI) Panel as per annual schedule.,Submitted
REQ-DEMO-0143,OHE_TRACTION,Section Insulators / Neutral Section,BZA (Vijayawada-Krishna Canal),428.0,423.0,BZA-GDR-UP,High,[DEMO] Routine planned maintenance for Section Insulators / Neutral Section as per annual schedule.,Submitted
REQ-DEMO-0144,OHE_TRACTION,Sectional Isolator Switches,DVD (Duvvada-Visakhapatnam),761.0,778.0,BZA-VSKP-DN,Medium,[DEMO] Routine planned maintenance for Sectional Isolator Switches as per annual schedule.,Submitted
REQ-DEMO-0145,OHE_TRACTION,OHE Traction Masts & Portals,TEL (Tenali-Tsunduru),397.0,385.0,BZA-GDR-UP,Low,[DEMO] Routine planned maintenance for OHE Traction Masts & Portals as per annual schedule.,Submitted
REQ-DEMO-0146,OHE_TRACTION,OHE Traction Masts & Portals,GDR (Gudur-Manubolu),136.0,145.0,GDR-BZA-DN,Low,[DEMO] Routine planned maintenance for OHE Traction Masts & Portals as per annual schedule.,Submitted
REQ-DEMO-0147,OHE_TRACTION,25kV Contact & Catenary Wire,TUNI (Tuni-Annavaram),681.0,665.0,VSKP-BZA-UP,Medium,[DEMO] Routine planned maintenance for 25kV Contact & Catenary Wire as per annual schedule.,Submitted
REQ-DEMO-0148,S_AND_T,Color Light Signals (MACLS),BZA (Vijayawada-Krishna Canal),428.0,423.0,BZA-GDR-UP,Medium,[DEMO] Routine planned maintenance for Color Light Signals (MACLS) as per annual schedule.,Submitted
REQ-DEMO-0149,S_AND_T,Electronic Interlocking (EI) Panel,DVD (Duvvada-Visakhapatnam),761.0,778.0,BZA-VSKP-DN,Critical,[DEMO] Routine planned maintenance for Electronic Interlocking (EI) Panel as per annual schedule.,Submitted
REQ-DEMO-0150,ENGINEERING,Track Geometry / Ballast,EE (Eluru-Denduluru),488.0,498.0,BZA-VSKP-DN,Medium,[DEMO] Routine planned maintenance for Track Geometry / Ballast as per annual schedule.,Submitted
REQ-DEMO-0151,OHE_TRACTION,OHE Traction Masts & Portals,GWM (Gannavaram-Telaprolu),448.0,460.0,BZA-VSKP-DN,Low,[DEMO] Routine planned maintenance for OHE Traction Masts & Portals as per annual schedule.,Submitted
REQ-DEMO-0152,S_AND_T,Electric Point Machine (IRS-500),GWM (Gannavaram-Telaprolu),448.0,460.0,BZA-VSKP-DN,Critical,[DEMO] Routine planned maintenance for Electric Point Machine (IRS-500) as per annual schedule.,Submitted
REQ-DEMO-0153,S_AND_T,Underground Signalling Cable / OFC,KVZ (Kavali-Bitragunta),224.0,208.0,BZA-GDR-UP,Medium,[DEMO] Routine planned maintenance for Underground Signalling Cable / OFC as per annual schedule.,Submitted
REQ-DEMO-0154,S_AND_T,Station Solid State Data Logger,AKP (Anakapalle-Thadi),745.0,752.0,BZA-VSKP-DN,Low,[DEMO] Routine planned maintenance for Station Solid State Data Logger as per annual schedule.,Submitted
REQ-DEMO-0155,OHE_TRACTION,OHE Traction Masts & Portals,KCC (Krishna Canal-Vijayawada),423.0,428.0,GDR-BZA-DN,Low,[DEMO] Routine planned maintenance for OHE Traction Masts & Portals as per annual schedule.,Submitted
REQ-DEMO-0156,ENGINEERING,Rails & Sleepers (TSR/CTR),DVD (Duvvada-Visakhapatnam),761.0,778.0,BZA-VSKP-DN,Critical,[DEMO] Routine planned maintenance for Rails & Sleepers (TSR/CTR) as per annual schedule.,Submitted
REQ-DEMO-0157,OHE_TRACTION,25kV Contact & Catenary Wire,BZA (Vijayawada-Krishna Canal),428.0,423.0,BZA-GDR-UP,Medium,[DEMO] Routine planned maintenance for 25kV Contact & Catenary Wire as per annual schedule.,Submitted
REQ-DEMO-0158,ENGINEERING,Ballast Bed,SLO (Samalkot-Bikkavolu),628.0,611.0,VSKP-BZA-UP,Medium,[DEMO] Routine planned maintenance for Ballast Bed as per annual schedule.,Submitted
REQ-DEMO-0159,OHE_TRACTION,Contact Wire / Bracket,TUNI (Tuni-Annavaram),681.0,665.0,VSKP-BZA-UP,High,[DEMO] Routine planned maintenance for Contact Wire / Bracket as per annual schedule.,Submitted
REQ-DEMO-0160,ENGINEERING,LC Gate Track & Check Rails,EE (Eluru-Vatlur),488.0,479.0,VSKP-BZA-UP,High,[DEMO] Routine planned maintenance for LC Gate Track & Check Rails as per annual schedule.,Submitted
REQ-DEMO-0161,OHE_TRACTION,Contact Wire / Bracket,SLO (Samalkot-Pithapuram),628.0,640.0,BZA-VSKP-DN,High,[DEMO] Routine planned maintenance for Contact Wire / Bracket as per annual schedule.,Submitted
REQ-DEMO-0162,OHE_TRACTION,Section Insulators / Neutral Section,TEL (Tenali-Duggirala),397.0,407.0,GDR-BZA-DN,High,[DEMO] Routine planned maintenance for Section Insulators / Neutral Section as per annual schedule.,Submitted
REQ-DEMO-0163,S_AND_T,Underground Signalling Cable / OFC,SKM (Singarayakonda-Tanguturu),262.0,272.0,GDR-BZA-DN,Medium,[DEMO] Routine planned maintenance for Underground Signalling Cable / OFC as per annual schedule.,Submitted
REQ-DEMO-0164,S_AND_T,Underground Signalling Cable / OFC,GDV (Gudivada-Machilipatnam Branch),0.0,36.7,GDV-MTM,Medium,[DEMO] Routine planned maintenance for Underground Signalling Cable / OFC as per annual schedule.,Submitted
REQ-DEMO-0165,S_AND_T,DC Track Circuit / Audio Frequency TC,GWM (Gannavaram-Telaprolu),448.0,460.0,BZA-VSKP-DN,High,[DEMO] Routine planned maintenance for DC Track Circuit / Audio Frequency TC as per annual schedule.,Submitted
REQ-DEMO-0166,ENGINEERING,LC Gate Track & Check Rails,KVZ (Kavali-Bitragunta),224.0,208.0,BZA-GDR-UP,High,[DEMO] Routine planned maintenance for LC Gate Track & Check Rails as per annual schedule.,Submitted
REQ-DEMO-0167,OHE_TRACTION,Contact Wire Wear & Stagger,SKM (Singarayakonda-Tanguturu),262.0,272.0,GDR-BZA-DN,Medium,[DEMO] Routine planned maintenance for Contact Wire Wear & Stagger as per annual schedule.,Submitted
REQ-DEMO-0168,ENGINEERING,Ballast Bed,BTTR (Bitragunta-Kavali),208.0,224.0,GDR-BZA-DN,Medium,[DEMO] Routine planned maintenance for Ballast Bed as per annual schedule.,Submitted
REQ-DEMO-0169,S_AND_T,Station Solid State Data Logger,SLO (Samalkot-Pithapuram),628.0,640.0,BZA-VSKP-DN,Low,[DEMO] Routine planned maintenance for Station Solid State Data Logger as per annual schedule.,Submitted
REQ-DEMO-0170,ENGINEERING,Track Cess & Side Drains,DVD (Duvvada-Anakapalle),761.0,745.0,VSKP-BZA-UP,Low,[DEMO] Routine planned maintenance for Track Cess & Side Drains as per annual schedule.,Submitted
REQ-DEMO-0171,OHE_TRACTION,Section Insulators / Neutral Section,OGL (Ongole-Surareddipalem),290.0,280.0,BZA-GDR-UP,High,[DEMO] Routine planned maintenance for Section Insulators / Neutral Section as per annual schedule.,Submitted
REQ-DEMO-0172,OHE_TRACTION,25kV TSS Transformer / CB,BPP (Bapatla-Chirala),354.0,339.0,BZA-GDR-UP,Critical,[DEMO] Routine planned maintenance for 25kV TSS Transformer / CB as per annual schedule.,Submitted
REQ-DEMO-0173,ENGINEERING,PSC Sleepers,KVZ (Kavali-Bitragunta),224.0,208.0,BZA-GDR-UP,High,[DEMO] Routine planned maintenance for PSC Sleepers as per annual schedule.,Submitted
REQ-DEMO-0174,S_AND_T,Electric Point Machine (IRS-500),GNT (Guntur-Tenali Chord),0.0,25.4,GNT-TEL,Critical,[DEMO] Routine planned maintenance for Electric Point Machine (IRS-500) as per annual schedule.,Submitted
REQ-DEMO-0175,OHE_TRACTION,25kV TSS Transformer / CB,GWM (Gannavaram-Telaprolu),448.0,460.0,BZA-VSKP-DN,Critical,[DEMO] Routine planned maintenance for 25kV TSS Transformer / CB as per annual schedule.,Submitted
REQ-DEMO-0176,ENGINEERING,P-Way Track Parameters,BPP (Bapatla-Chirala),354.0,339.0,BZA-GDR-UP,Low,[DEMO] Routine planned maintenance for P-Way Track Parameters as per annual schedule.,Submitted
REQ-DEMO-0177,OHE_TRACTION,25kV Contact & Catenary Wire,OGL (Ongole-Surareddipalem),290.0,280.0,BZA-GDR-UP,Medium,[DEMO] Routine planned maintenance for 25kV Contact & Catenary Wire as per annual schedule.,Submitted
REQ-DEMO-0178,ENGINEERING,Track Cess & Side Drains,BTTR (Bitragunta-Kavali),208.0,224.0,GDR-BZA-DN,Low,[DEMO] Routine planned maintenance for Track Cess & Side Drains as per annual schedule.,Submitted
REQ-DEMO-0179,S_AND_T,Station Solid State Data Logger,KVZ (Kavali-Bitragunta),224.0,208.0,BZA-GDR-UP,Low,[DEMO] Routine planned maintenance for Station Solid State Data Logger as per annual schedule.,Submitted
REQ-DEMO-0180,OHE_TRACTION,OHE Traction Masts & Portals,BPP (Bapatla-Chirala),354.0,339.0,BZA-GDR-UP,Low,[DEMO] Routine planned maintenance for OHE Traction Masts & Portals as per annual schedule.,Submitted
