block_request_id,department,request_type,section,line,recommended_start,recommended_end,previous_train,previous_train_clear_time,next_train,next_train_entry_time,raw_gap,safety_buffer,usable_gap,required_duration,dependency_status,isolation_status,resource_status,conflicts,feasibility,reason
REQ-DEMO-0001,ENGINEERING,Rail joint inspection,BZA-GDR-UP,UP Line,03:45,04:30,12764,03:40,12841,14:10,628,10,618,45,Satisfied,Granted / Ready,Available,None,FEASIBLE,Feasible window verified: 03:45–04:30 (45m granted within 628m gap). Previous Train 12764 clears at 03:40 (+5m buffer). Next Train 12841 enters at 14:10 (-5m buffer). Safety buffers and operational dependencies fully satisfied.
REQ-DEMO-0002,S_AND_T,Point machine maintenance,BZA-GDR-UP,UP Line,04:25,05:25,12764,04:20,12841,14:10,588,10,578,60,Satisfied,Granted / Ready,Available,None,FEASIBLE,Feasible window verified: 04:25–05:25 (60m granted within 588m gap). Previous Train 12764 clears at 04:20 (+5m buffer). Next Train 12841 enters at 14:10 (-5m buffer). Safety buffers and operational dependencies fully satisfied.
REQ-DEMO-0003,OHE_TRACTION,Pantograph/OHE-related defect attention,BZA-GDR-UP,UP Line,02:14,02:59,12764,02:09,12841,11:08,537,10,527,45,Satisfied,Permit to Work Required (25kV OHE Disconnection),Available,None,FEASIBLE,Feasible window verified: 02:14–02:59 (45m granted within 537m gap). Previous Train 12764 clears at 02:09 (+5m buffer). Next Train 12841 enters at 11:08 (-5m buffer). Safety buffers and operational dependencies fully satisfied.
REQ-DEMO-0004,ENGINEERING,Track defect,GDR-BZA-DN,DOWN Line,04:01,05:01,12846,03:56,22834,03:56,1440,10,1430,60,Satisfied,Granted / Ready,Available,None,FEASIBLE,Feasible window verified: 04:01–05:01 (60m granted within 1440m gap). Previous Train 12846 clears at 03:56 (+5m buffer). Next Train 22834 enters at 03:56 (-5m buffer). Safety buffers and operational dependencies fully satisfied.
REQ-DEMO-0005,S_AND_T,Axle counter maintenance,BZA-GDR-UP,UP Line,01:22,02:02,12764,01:17,12841,11:08,589,10,579,40,Satisfied,Granted / Ready,Available,None,FEASIBLE,Feasible window verified: 01:22–02:02 (40m granted within 589m gap). Previous Train 12764 clears at 01:17 (+5m buffer). Next Train 12841 enters at 11:08 (-5m buffer). Safety buffers and operational dependencies fully satisfied.
REQ-DEMO-0006,ENGINEERING,Track renewal activity,BZA-VSKP-DN,DOWN Line,07:17,10:17,13352,07:12,20702,20:15,773,10,763,180,Satisfied,Permit to Work Required (25kV OHE Disconnection),Available,None,FEASIBLE,Feasible window verified: 07:17–10:17 (180m granted within 773m gap). Previous Train 13352 clears at 07:12 (+5m buffer). Next Train 20702 enters at 20:15 (-5m buffer). Safety buffers and operational dependencies fully satisfied.
REQ-DEMO-0007,OHE_TRACTION,Overhead equipment replacement,BZA-VSKP-DN,DOWN Line,None,None,13352,07:12,20702,20:15,773,10,763,150,Unsatisfied,Permit to Work Required (25kV OHE Disconnection),Available,DEPENDENCY CONFLICT (Requires REQ-DEMO-0006 (Engg Track Disconnection First)),REJECTED,NOT FEASIBLE: DEPENDENCY CONFLICT (Requires REQ-DEMO-0006 (Engg Track Disconnection First)). Requested duration 150m (Min: 90m) exceeds available safe interval between scheduled trains on BZA-VSKP-DN.
REQ-DEMO-0008,S_AND_T,Track circuit inspection,BZA-VSKP-DN,DOWN Line,07:17,08:02,13352,07:12,20702,20:15,773,10,763,45,Satisfied,Granted / Ready,Available,None,FEASIBLE,Feasible window verified: 07:17–08:02 (45m granted within 773m gap). Previous Train 13352 clears at 07:12 (+5m buffer). Next Train 20702 enters at 20:15 (-5m buffer). Safety buffers and operational dependencies fully satisfied.
REQ-DEMO-0009,ENGINEERING,Track renewal activity,BZA-VSKP-DN,DOWN Line,06:15,09:15,13352,06:10,20702,20:15,835,10,825,180,Satisfied,Permit to Work Required (25kV OHE Disconnection),Available,None,FEASIBLE,Feasible window verified: 06:15–09:15 (180m granted within 835m gap). Previous Train 13352 clears at 06:10 (+5m buffer). Next Train 20702 enters at 20:15 (-5m buffer). Safety buffers and operational dependencies fully satisfied.
REQ-DEMO-0010,OHE_TRACTION,Overhead equipment replacement,BZA-VSKP-DN,DOWN Line,None,None,13352,06:10,20702,20:15,835,10,825,150,Unsatisfied,Permit to Work Required (25kV OHE Disconnection),Available,DEPENDENCY CONFLICT (Requires REQ-DEMO-0009 (Engg Track Disconnection First)),REJECTED,NOT FEASIBLE: DEPENDENCY CONFLICT (Requires REQ-DEMO-0009 (Engg Track Disconnection First)). Requested duration 150m (Min: 90m) exceeds available safe interval between scheduled trains on BZA-VSKP-DN.
REQ-DEMO-0011,S_AND_T,Track circuit inspection,BZA-VSKP-DN,DOWN Line,06:15,07:00,13352,06:10,20702,20:15,835,10,825,45,Satisfied,Granted / Ready,Available,None,FEASIBLE,Feasible window verified: 06:15–07:00 (45m granted within 835m gap). Previous Train 13352 clears at 06:10 (+5m buffer). Next Train 20702 enters at 20:15 (-5m buffer). Safety buffers and operational dependencies fully satisfied.
REQ-DEMO-0012,ENGINEERING,Track renewal activity,BZA-VSKP-DN,DOWN Line,09:58,12:58,13352,09:53,20702,20:15,612,10,602,180,Satisfied,Permit to Work Required (25kV OHE Disconnection),Available,None,FEASIBLE,Feasible window verified: 09:58–12:58 (180m granted within 612m gap). Previous Train 13352 clears at 09:53 (+5m buffer). Next Train 20702 enters at 20:15 (-5m buffer). Safety buffers and operational dependencies fully satisfied.
REQ-DEMO-0013,OHE_TRACTION,Overhead equipment replacement,BZA-VSKP-DN,DOWN Line,None,None,13352,09:53,20702,20:15,612,10,602,150,Unsatisfied,Permit to Work Required (25kV OHE Disconnection),Available,DEPENDENCY CONFLICT (Requires REQ-DEMO-0012 (Engg Track Disconnection First)),REJECTED,NOT FEASIBLE: DEPENDENCY CONFLICT (Requires REQ-DEMO-0012 (Engg Track Disconnection First)). Requested duration 150m (Min: 90m) exceeds available safe interval between scheduled trains on BZA-VSKP-DN.
REQ-DEMO-0014,S_AND_T,Track circuit inspection,BZA-VSKP-DN,DOWN Line,09:58,10:43,13352,09:53,20702,20:15,612,10,602,45,Satisfied,Granted / Ready,Available,None,FEASIBLE,Feasible window verified: 09:58–10:43 (45m granted within 612m gap). Previous Train 13352 clears at 09:53 (+5m buffer). Next Train 20702 enters at 20:15 (-5m buffer). Safety buffers and operational dependencies fully satisfied.
REQ-DEMO-0015,ENGINEERING,Track renewal activity,GDR-BZA-DN,DOWN Line,01:40,04:40,20850,01:35,20702,17:04,927,10,917,180,Satisfied,Permit to Work Required (25kV OHE Disconnection),Available,None,FEASIBLE,Feasible window verified: 01:40–04:40 (180m granted within 927m gap). Previous Train 20850 clears at 01:35 (+5m buffer). Next Train 20702 enters at 17:04 (-5m buffer). Safety buffers and operational dependencies fully satisfied.
REQ-DEMO-0016,OHE_TRACTION,Overhead equipment replacement,GDR-BZA-DN,DOWN Line,None,None,20850,01:35,20702,17:04,927,10,917,150,Unsatisfied,Permit to Work Required (25kV OHE Disconnection),Available,DEPENDENCY CONFLICT (Requires REQ-DEMO-0015 (Engg Track Disconnection First)),REJECTED,NOT FEASIBLE: DEPENDENCY CONFLICT (Requires REQ-DEMO-0015 (Engg Track Disconnection First)). Requested duration 150m (Min: 90m) exceeds available safe interval between scheduled trains on GDR-BZA-DN.
REQ-DEMO-0017,S_AND_T,Track circuit inspection,GDR-BZA-DN,DOWN Line,01:40,02:25,20850,01:35,20702,17:04,927,10,917,45,Satisfied,Granted / Ready,Available,None,FEASIBLE,Feasible window verified: 01:40–02:25 (45m granted within 927m gap). Previous Train 20850 clears at 01:35 (+5m buffer). Next Train 20702 enters at 17:04 (-5m buffer). Safety buffers and operational dependencies fully satisfied.
REQ-DEMO-0018,ENGINEERING,Track renewal activity,VSKP-BZA-UP,UP Line,05:25,08:25,12841,05:20,20834,23:22,1080,10,1070,180,Satisfied,Permit to Work Required (25kV OHE Disconnection),Available,None,FEASIBLE,Feasible window verified: 05:25–08:25 (180m granted within 1080m gap). Previous Train 12841 clears at 05:20 (+5m buffer). Next Train 20834 enters at 23:22 (-5m buffer). Safety buffers and operational dependencies fully satisfied.
REQ-DEMO-0019,OHE_TRACTION,Overhead equipment replacement,VSKP-BZA-UP,UP Line,None,None,12841,05:20,20834,23:22,1080,10,1070,150,Unsatisfied,Permit to Work Required (25kV OHE Disconnection),Available,DEPENDENCY CONFLICT (Requires REQ-DEMO-0018 (Engg Track Disconnection First)),REJECTED,NOT FEASIBLE: DEPENDENCY CONFLICT (Requires REQ-DEMO-0018 (Engg Track Disconnection First)). Requested duration 150m (Min: 90m) exceeds available safe interval between scheduled trains on VSKP-BZA-UP.
REQ-DEMO-0020,S_AND_T,Track circuit inspection,VSKP-BZA-UP,UP Line,05:25,06:10,12841,05:20,20834,23:22,1080,10,1070,45,Satisfied,Granted / Ready,Available,None,FEASIBLE,Feasible window verified: 05:25–06:10 (45m granted within 1080m gap). Previous Train 12841 clears at 05:20 (+5m buffer). Next Train 20834 enters at 23:22 (-5m buffer). Safety buffers and operational dependencies fully satisfied.
REQ-DEMO-0021,ENGINEERING,Track renewal activity,GDR-BZA-DN,DOWN Line,03:24,06:24,13352,03:19,20702,18:15,894,10,884,180,Satisfied,Permit to Work Required (25kV OHE Disconnection),Available,None,FEASIBLE,Feasible window verified: 03:24–06:24 (180m granted within 894m gap). Previous Train 13352 clears at 03:19 (+5m buffer). Next Train 20702 enters at 18:15 (-5m buffer). Safety buffers and operational dependencies fully satisfied.
REQ-DEMO-0022,OHE_TRACTION,Overhead equipment replacement,GDR-BZA-DN,DOWN Line,None,None,13352,03:19,20702,18:15,894,10,884,150,Unsatisfied,Permit to Work Required (25kV OHE Disconnection),Available,DEPENDENCY CONFLICT (Requires REQ-DEMO-0021 (Engg Track Disconnection First)),REJECTED,NOT FEASIBLE: DEPENDENCY CONFLICT (Requires REQ-DEMO-0021 (Engg Track Disconnection First)). Requested duration 150m (Min: 90m) exceeds available safe interval between scheduled trains on GDR-BZA-DN.
REQ-DEMO-0023,S_AND_T,Track circuit inspection,GDR-BZA-DN,DOWN Line,03:24,04:09,13352,03:19,20702,18:15,894,10,884,45,Satisfied,Granted / Ready,Available,None,FEASIBLE,Feasible window verified: 03:24–04:09 (45m granted within 894m gap). Previous Train 13352 clears at 03:19 (+5m buffer). Next Train 20702 enters at 18:15 (-5m buffer). Safety buffers and operational dependencies fully satisfied.
REQ-DEMO-0024,ENGINEERING,Track renewal activity,BZA-VSKP-DN,DOWN Line,07:59,10:59,13352,07:54,20702,20:15,731,10,721,180,Satisfied,Permit to Work Required (25kV OHE Disconnection),Available,None,FEASIBLE,Feasible window verified: 07:59–10:59 (180m granted within 731m gap). Previous Train 13352 clears at 07:54 (+5m buffer). Next Train 20702 enters at 20:15 (-5m buffer). Safety buffers and operational dependencies fully satisfied.
REQ-DEMO-0025,OHE_TRACTION,Overhead equipment replacement,BZA-VSKP-DN,DOWN Line,None,None,13352,07:54,20702,20:15,731,10,721,150,Unsatisfied,Permit to Work Required (25kV OHE Disconnection),Available,DEPENDENCY CONFLICT (Requires REQ-DEMO-0024 (Engg Track Disconnection First)),REJECTED,NOT FEASIBLE: DEPENDENCY CONFLICT (Requires REQ-DEMO-0024 (Engg Track Disconnection First)). Requested duration 150m (Min: 90m) exceeds available safe interval between scheduled trains on BZA-VSKP-DN.
REQ-DEMO-0026,S_AND_T,Track circuit inspection,BZA-VSKP-DN,DOWN Line,07:59,08:44,13352,07:54,20702,20:15,731,10,721,45,Satisfied,Granted / Ready,Available,None,FEASIBLE,Feasible window verified: 07:59–08:44 (45m granted within 731m gap). Previous Train 13352 clears at 07:54 (+5m buffer). Next Train 20702 enters at 20:15 (-5m buffer). Safety buffers and operational dependencies fully satisfied.
REQ-DEMO-0027,ENGINEERING,Track renewal activity,GDR-BZA-DN,DOWN Line,01:40,04:40,20850,01:35,20702,17:04,927,10,917,180,Satisfied,Permit to Work Required (25kV OHE Disconnection),Available,None,FEASIBLE,Feasible window verified: 01:40–04:40 (180m granted within 927m gap). Previous Train 20850 clears at 01:35 (+5m buffer). Next Train 20702 enters at 17:04 (-5m buffer). Safety buffers and operational dependencies fully satisfied.
REQ-DEMO-0028,OHE_TRACTION,Overhead equipment replacement,GDR-BZA-DN,DOWN Line,None,None,20850,01:35,20702,17:04,927,10,917,150,Unsatisfied,Permit to Work Required (25kV OHE Disconnection),Available,DEPENDENCY CONFLICT (Requires REQ-DEMO-0027 (Engg Track Disconnection First)),REJECTED,NOT FEASIBLE: DEPENDENCY CONFLICT (Requires REQ-DEMO-0027 (Engg Track Disconnection First)). Requested duration 150m (Min: 90m) exceeds available safe interval between scheduled trains on GDR-BZA-DN.
REQ-DEMO-0029,S_AND_T,Track circuit inspection,GDR-BZA-DN,DOWN Line,01:40,02:25,20850,01:35,20702,17:04,927,10,917,45,Satisfied,Granted / Ready,Available,None,FEASIBLE,Feasible window verified: 01:40–02:25 (45m granted within 927m gap). Previous Train 20850 clears at 01:35 (+5m buffer). Next Train 20702 enters at 17:04 (-5m buffer). Safety buffers and operational dependencies fully satisfied.
REQ-DEMO-0030,ENGINEERING,Track renewal activity,VSKP-BZA-UP,UP Line,06:15,09:15,12841,06:10,20834,22:11,961,10,951,180,Satisfied,Permit to Work Required (25kV OHE Disconnection),Available,None,FEASIBLE,Feasible window verified: 06:15–09:15 (180m granted within 961m gap). Previous Train 12841 clears at 06:10 (+5m buffer). Next Train 20834 enters at 22:11 (-5m buffer). Safety buffers and operational dependencies fully satisfied.
REQ-DEMO-0031,OHE_TRACTION,Overhead equipment replacement,VSKP-BZA-UP,UP Line,None,None,12841,06:10,20834,22:11,961,10,951,150,Unsatisfied,Permit to Work Required (25kV OHE Disconnection),Available,DEPENDENCY CONFLICT (Requires REQ-DEMO-0030 (Engg Track Disconnection First)),REJECTED,NOT FEASIBLE: DEPENDENCY CONFLICT (Requires REQ-DEMO-0030 (Engg Track Disconnection First)). Requested duration 150m (Min: 90m) exceeds available safe interval between scheduled trains on VSKP-BZA-UP.
REQ-DEMO-0032,S_AND_T,Track circuit inspection,VSKP-BZA-UP,UP Line,06:15,07:00,12841,06:10,20834,22:11,961,10,951,45,Satisfied,Granted / Ready,Available,None,FEASIBLE,Feasible window verified: 06:15–07:00 (45m granted within 961m gap). Previous Train 12841 clears at 06:10 (+5m buffer). Next Train 20834 enters at 22:11 (-5m buffer). Safety buffers and operational dependencies fully satisfied.
REQ-DEMO-0033,ENGINEERING,Track renewal activity,BZA-VSKP-DN,DOWN Line,12:25,15:25,13352,12:20,20702,20:15,465,10,455,180,Satisfied,Permit to Work Required (25kV OHE Disconnection),Available,None,FEASIBLE,Feasible window verified: 12:25–15:25 (180m granted within 465m gap). Previous Train 13352 clears at 12:20 (+5m buffer). Next Train 20702 enters at 20:15 (-5m buffer). Safety buffers and operational dependencies fully satisfied.
REQ-DEMO-0034,OHE_TRACTION,Overhead equipment replacement,BZA-VSKP-DN,DOWN Line,None,None,13352,12:20,20702,20:15,465,10,455,150,Unsatisfied,Permit to Work Required (25kV OHE Disconnection),Available,DEPENDENCY CONFLICT (Requires REQ-DEMO-0033 (Engg Track Disconnection First)),REJECTED,NOT FEASIBLE: DEPENDENCY CONFLICT (Requires REQ-DEMO-0033 (Engg Track Disconnection First)). Requested duration 150m (Min: 90m) exceeds available safe interval between scheduled trains on BZA-VSKP-DN.
REQ-DEMO-0035,S_AND_T,Track circuit inspection,BZA-VSKP-DN,DOWN Line,12:25,13:10,13352,12:20,20702,20:15,465,10,455,45,Satisfied,Granted / Ready,Available,None,FEASIBLE,Feasible window verified: 12:25–13:10 (45m granted within 465m gap). Previous Train 13352 clears at 12:20 (+5m buffer). Next Train 20702 enters at 20:15 (-5m buffer). Safety buffers and operational dependencies fully satisfied.
REQ-DEMO-0036,ENGINEERING,Track renewal activity,VSKP-BZA-UP,UP Line,07:44,10:44,12841,07:39,20834,20:47,786,10,776,180,Satisfied,Permit to Work Required (25kV OHE Disconnection),Available,None,FEASIBLE,Feasible window verified: 07:44–10:44 (180m granted within 786m gap). Previous Train 12841 clears at 07:39 (+5m buffer). Next Train 20834 enters at 20:47 (-5m buffer). Safety buffers and operational dependencies fully satisfied.
REQ-DEMO-0037,OHE_TRACTION,Overhead equipment replacement,VSKP-BZA-UP,UP Line,None,None,12841,07:39,20834,20:47,786,10,776,150,Unsatisfied,Permit to Work Required (25kV OHE Disconnection),Available,DEPENDENCY CONFLICT (Requires REQ-DEMO-0036 (Engg Track Disconnection First)),REJECTED,NOT FEASIBLE: DEPENDENCY CONFLICT (Requires REQ-DEMO-0036 (Engg Track Disconnection First)). Requested duration 150m (Min: 90m) exceeds available safe interval between scheduled trains on VSKP-BZA-UP.
REQ-DEMO-0038,S_AND_T,Track circuit inspection,VSKP-BZA-UP,UP Line,07:44,08:29,12841,07:39,20834,20:47,786,10,776,45,Satisfied,Granted / Ready,Available,None,FEASIBLE,Feasible window verified: 07:44–08:29 (45m granted within 786m gap). Previous Train 12841 clears at 07:39 (+5m buffer). Next Train 20834 enters at 20:47 (-5m buffer). Safety buffers and operational dependencies fully satisfied.
REQ-DEMO-0039,ENGINEERING,Track renewal activity,VSKP-BZA-UP,UP Line,07:44,10:44,12841,07:39,20834,20:47,786,10,776,180,Satisfied,Permit to Work Required (25kV OHE Disconnection),Available,None,FEASIBLE,Feasible window verified: 07:44–10:44 (180m granted within 786m gap). Previous Train 12841 clears at 07:39 (+5m buffer). Next Train 20834 enters at 20:47 (-5m buffer). Safety buffers and operational dependencies fully satisfied.
REQ-DEMO-0040,OHE_TRACTION,Overhead equipment replacement,VSKP-BZA-UP,UP Line,None,None,12841,07:39,20834,20:47,786,10,776,150,Unsatisfied,Permit to Work Required (25kV OHE Disconnection),Available,DEPENDENCY CONFLICT (Requires REQ-DEMO-0039 (Engg Track Disconnection First)),REJECTED,NOT FEASIBLE: DEPENDENCY CONFLICT (Requires REQ-DEMO-0039 (Engg Track Disconnection First)). Requested duration 150m (Min: 90m) exceeds available safe interval between scheduled trains on VSKP-BZA-UP.
REQ-DEMO-0041,S_AND_T,Track circuit inspection,VSKP-BZA-UP,UP Line,07:44,08:29,12841,07:39,20834,20:47,786,10,776,45,Satisfied,Granted / Ready,Available,None,FEASIBLE,Feasible window verified: 07:44–08:29 (45m granted within 786m gap). Previous Train 12841 clears at 07:39 (+5m buffer). Next Train 20834 enters at 20:47 (-5m buffer). Safety buffers and operational dependencies fully satisfied.
REQ-DEMO-0042,S_AND_T,Axle counter maintenance,BZA-GDR-UP,UP Line,01:22,02:22,12764,01:17,12841,11:08,589,10,579,60,Satisfied,Granted / Ready,Available,None,FEASIBLE,Feasible window verified: 01:22–02:22 (60m granted within 589m gap). Previous Train 12764 clears at 01:17 (+5m buffer). Next Train 12841 enters at 11:08 (-5m buffer). Safety buffers and operational dependencies fully satisfied.
REQ-DEMO-0043,S_AND_T,Track circuit inspection,BZA-GDR-UP,UP Line,02:58,03:58,12764,02:53,12841,12:37,582,10,572,60,Satisfied,Granted / Ready,Available,None,FEASIBLE,Feasible window verified: 02:58–03:58 (60m granted within 582m gap). Previous Train 12764 clears at 02:53 (+5m buffer). Next Train 12841 enters at 12:37 (-5m buffer). Safety buffers and operational dependencies fully satisfied.
REQ-DEMO-0044,S_AND_T,Axle counter maintenance,GDR-BZA-DN,DOWN Line,03:14,04:14,12846,03:09,22834,03:09,1440,10,1430,60,Satisfied,Granted / Ready,Available,None,FEASIBLE,Feasible window verified: 03:14–04:14 (60m granted within 1440m gap). Previous Train 12846 clears at 03:09 (+5m buffer). Next Train 22834 enters at 03:09 (-5m buffer). Safety buffers and operational dependencies fully satisfied.
REQ-DEMO-0045,ENGINEERING,Ballast maintenance,GNT-TEL,Double Line,01:07,04:07,20850,01:02,12760,04:42,218,10,208,180,Satisfied,Granted / Ready,Available,None,FEASIBLE,Feasible window verified: 01:07–04:07 (180m granted within 218m gap). Previous Train 20850 clears at 01:02 (+5m buffer). Next Train 12760 enters at 04:42 (-5m buffer). Safety buffers and operational dependencies fully satisfied.
REQ-DEMO-0046,OHE_TRACTION,Isolator maintenance,GDR-BZA-DN,DOWN Line,01:40,02:40,20850,01:35,20702,17:04,927,10,917,60,Satisfied,Permit to Work Required (25kV OHE Disconnection),Available,None,FEASIBLE,Feasible window verified: 01:40–02:40 (60m granted within 927m gap). Previous Train 20850 clears at 01:35 (+5m buffer). Next Train 20702 enters at 17:04 (-5m buffer). Safety buffers and operational dependencies fully satisfied.
REQ-DEMO-0047,ENGINEERING,Track tamping,GDR-BZA-DN,DOWN Line,01:40,03:40,20850,01:35,20702,17:04,927,10,917,120,Satisfied,Granted / Ready,Available,None,FEASIBLE,Feasible window verified: 01:40–03:40 (120m granted within 927m gap). Previous Train 20850 clears at 01:35 (+5m buffer). Next Train 20702 enters at 17:04 (-5m buffer). Safety buffers and operational dependencies fully satisfied.
REQ-DEMO-0048,ENGINEERING,Bridge inspection,VSKP-BZA-UP,UP Line,00:45,01:45,12764,00:40,12841,07:39,417,10,407,60,Satisfied,Granted / Ready,Available,None,FEASIBLE,Feasible window verified: 00:45–01:45 (60m granted within 417m gap). Previous Train 12764 clears at 00:40 (+5m buffer). Next Train 12841 enters at 07:39 (-5m buffer). Safety buffers and operational dependencies fully satisfied.
REQ-DEMO-0049,ENGINEERING,Rail joint inspection,BZA-VSKP-DN,DOWN Line,04:45,05:30,12846,04:40,22834,04:40,1430,10,1420,45,Satisfied,Granted / Ready,Available,None,FEASIBLE,Feasible window verified: 04:45–05:30 (45m granted within 1430m gap). Previous Train 12846 clears at 04:40 (+5m buffer). Next Train 22834 enters at 04:40 (-5m buffer). Safety buffers and operational dependencies fully satisfied.
REQ-DEMO-0050,ENGINEERING,Sleeper replacement,VSKP-BZA-UP,UP Line,00:45,03:45,12764,00:40,12841,09:04,502,10,492,180,Satisfied,Granted / Ready,Available,None,FEASIBLE,Feasible window verified: 00:45–03:45 (180m granted within 502m gap). Previous Train 12764 clears at 00:40 (+5m buffer). Next Train 12841 enters at 09:04 (-5m buffer). Safety buffers and operational dependencies fully satisfied.
REQ-DEMO-0051,OHE_TRACTION,Isolator maintenance,BZA-VSKP-DN,DOWN Line,04:45,05:45,12846,04:40,22834,04:40,1430,10,1420,60,Satisfied,Permit to Work Required (25kV OHE Disconnection),Available,None,FEASIBLE,Feasible window verified: 04:45–05:45 (60m granted within 1430m gap). Previous Train 12846 clears at 04:40 (+5m buffer). Next Train 22834 enters at 04:40 (-5m buffer). Safety buffers and operational dependencies fully satisfied.
REQ-DEMO-0052,S_AND_T,Automatic signalling equipment maintenance,BZA-VSKP-DN,DOWN Line,04:45,06:15,12846,04:40,22834,04:40,1430,10,1420,90,Satisfied,Granted / Ready,Available,None,FEASIBLE,Feasible window verified: 04:45–06:15 (90m granted within 1430m gap). Previous Train 12846 clears at 04:40 (+5m buffer). Next Train 22834 enters at 04:40 (-5m buffer). Safety buffers and operational dependencies fully satisfied.
REQ-DEMO-0053,OHE_TRACTION,Mast inspection,GDV-MTM,Single Line,01:07,01:52,20850,01:02,12760,04:42,218,10,208,45,Satisfied,Granted / Ready,Available,None,FEASIBLE,Feasible window verified: 01:07–01:52 (45m granted within 218m gap). Previous Train 20850 clears at 01:02 (+5m buffer). Next Train 12760 enters at 04:42 (-5m buffer). Safety buffers and operational dependencies fully satisfied.
REQ-DEMO-0054,S_AND_T,Data logger maintenance,GDR-BZA-DN,DOWN Line,02:33,03:03,22834,02:28,12846,02:30,1440,10,1430,30,Satisfied,Granted / Ready,Available,None,FEASIBLE,Feasible window verified: 02:33–03:03 (30m granted within 1440m gap). Previous Train 22834 clears at 02:28 (+5m buffer). Next Train 12846 enters at 02:30 (-5m buffer). Safety buffers and operational dependencies fully satisfied.
REQ-DEMO-0055,ENGINEERING,Bridge inspection,GDR-BZA-DN,DOWN Line,03:14,04:14,12846,03:09,22834,03:09,1440,10,1430,60,Satisfied,Granted / Ready,Available,None,FEASIBLE,Feasible window verified: 03:14–04:14 (60m granted within 1440m gap). Previous Train 12846 clears at 03:09 (+5m buffer). Next Train 22834 enters at 03:09 (-5m buffer). Safety buffers and operational dependencies fully satisfied.
REQ-DEMO-0056,S_AND_T,Point machine maintenance,BZA-VSKP-DN,DOWN Line,04:45,06:15,12846,04:40,22834,04:40,1430,10,1420,90,Satisfied,Granted / Ready,Available,None,FEASIBLE,Feasible window verified: 04:45–06:15 (90m granted within 1430m gap). Previous Train 12846 clears at 04:40 (+5m buffer). Next Train 22834 enters at 04:40 (-5m buffer). Safety buffers and operational dependencies fully satisfied.
REQ-DEMO-0057,OHE_TRACTION,Section insulator maintenance,GDR-BZA-DN,DOWN Line,01:40,03:10,20850,01:35,20702,17:04,927,10,917,90,Satisfied,Permit to Work Required (25kV OHE Disconnection),Available,None,FEASIBLE,Feasible window verified: 01:40–03:10 (90m granted within 927m gap). Previous Train 20850 clears at 01:35 (+5m buffer). Next Train 20702 enters at 17:04 (-5m buffer). Safety buffers and operational dependencies fully satisfied.
REQ-DEMO-0058,ENGINEERING,Ballast maintenance,VSKP-BZA-UP,UP Line,00:45,03:45,12764,00:40,12841,06:10,330,10,320,180,Satisfied,Granted / Ready,Available,None,FEASIBLE,Feasible window verified: 00:45–03:45 (180m granted within 330m gap). Previous Train 12764 clears at 00:40 (+5m buffer). Next Train 12841 enters at 06:10 (-5m buffer). Safety buffers and operational dependencies fully satisfied.
REQ-DEMO-0059,OHE_TRACTION,Contact wire inspection,BZA-GDR-UP,UP Line,04:25,05:25,12764,04:20,12841,14:10,588,10,578,60,Satisfied,Permit to Work Required (25kV OHE Disconnection),Available,None,FEASIBLE,Feasible window verified: 04:25–05:25 (60m granted within 588m gap). Previous Train 12764 clears at 04:20 (+5m buffer). Next Train 12841 enters at 14:10 (-5m buffer). Safety buffers and operational dependencies fully satisfied.
REQ-DEMO-0060,S_AND_T,Interlocking equipment inspection,BZA-VSKP-DN,DOWN Line,04:45,05:45,12846,04:40,22834,04:40,1430,10,1420,60,Satisfied,Granted / Ready,Available,None,FEASIBLE,Feasible window verified: 04:45–05:45 (60m granted within 1430m gap). Previous Train 12846 clears at 04:40 (+5m buffer). Next Train 22834 enters at 04:40 (-5m buffer). Safety buffers and operational dependencies fully satisfied.
REQ-DEMO-0061,S_AND_T,Signal cable maintenance,VSKP-BZA-UP,UP Line,00:45,02:45,12764,00:40,12841,06:56,374,10,364,120,Satisfied,Granted / Ready,Available,None,FEASIBLE,Feasible window verified: 00:45–02:45 (120m granted within 374m gap). Previous Train 12764 clears at 00:40 (+5m buffer). Next Train 12841 enters at 06:56 (-5m buffer). Safety buffers and operational dependencies fully satisfied.
REQ-DEMO-0062,S_AND_T,Interlocking equipment inspection,BZA-GDR-UP,UP Line,01:22,06:22,12764,01:17,12841,11:08,589,10,579,300,Satisfied,Granted / Ready,Available,None,FEASIBLE,Feasible window verified: 01:22–06:22 (300m granted within 589m gap). Previous Train 12764 clears at 01:17 (+5m buffer). Next Train 12841 enters at 11:08 (-5m buffer). Safety buffers and operational dependencies fully satisfied.
REQ-DEMO-0063,S_AND_T,Axle counter maintenance,BZA-GDR-UP,UP Line,02:58,07:58,12764,02:53,12841,12:37,582,10,572,300,Satisfied,Granted / Ready,Available,None,FEASIBLE,Feasible window verified: 02:58–07:58 (300m granted within 582m gap). Previous Train 12764 clears at 02:53 (+5m buffer). Next Train 12841 enters at 12:37 (-5m buffer). Safety buffers and operational dependencies fully satisfied.
REQ-DEMO-0064,S_AND_T,Track circuit inspection,BZA-VSKP-DN,DOWN Line,04:45,09:45,12846,04:40,22834,04:40,1430,10,1420,300,Satisfied,Granted / Ready,Available,None,FEASIBLE,Feasible window verified: 04:45–09:45 (300m granted within 1430m gap). Previous Train 12846 clears at 04:40 (+5m buffer). Next Train 22834 enters at 04:40 (-5m buffer). Safety buffers and operational dependencies fully satisfied.
REQ-DEMO-0065,ENGINEERING,Rail joint inspection,BZA-VSKP-DN,DOWN Line,04:45,09:45,12846,04:40,22834,04:40,1430,10,1420,300,Satisfied,Granted / Ready,Available,None,FEASIBLE,Feasible window verified: 04:45–09:45 (300m granted within 1430m gap). Previous Train 12846 clears at 04:40 (+5m buffer). Next Train 22834 enters at 04:40 (-5m buffer). Safety buffers and operational dependencies fully satisfied.
REQ-DEMO-0066,S_AND_T,Point machine maintenance,GDR-BZA-DN,DOWN Line,03:14,08:14,12846,03:09,22834,03:09,1440,10,1430,300,Satisfied,Granted / Ready,Available,None,FEASIBLE,Feasible window verified: 03:14–08:14 (300m granted within 1440m gap). Previous Train 12846 clears at 03:09 (+5m buffer). Next Train 22834 enters at 03:09 (-5m buffer). Safety buffers and operational dependencies fully satisfied.
REQ-DEMO-0067,S_AND_T,Track circuit inspection,BZA-GDR-UP,UP Line,00:45,05:45,12764,00:40,12841,10:35,585,10,575,300,Satisfied,Granted / Ready,Available,None,FEASIBLE,Feasible window verified: 00:45–05:45 (300m granted within 585m gap). Previous Train 12764 clears at 00:40 (+5m buffer). Next Train 12841 enters at 10:35 (-5m buffer). Safety buffers and operational dependencies fully satisfied.
REQ-DEMO-0068,OHE_TRACTION,OHE maintenance,BZA-VSKP-DN,DOWN Line,04:45,09:45,12846,04:40,22834,04:40,1430,10,1420,300,Satisfied,Permit to Work Required (25kV OHE Disconnection),Available,None,FEASIBLE,Feasible window verified: 04:45–09:45 (300m granted within 1430m gap). Previous Train 12846 clears at 04:40 (+5m buffer). Next Train 22834 enters at 04:40 (-5m buffer). Safety buffers and operational dependencies fully satisfied.
REQ-DEMO-0069,ENGINEERING,Level crossing maintenance,GNT-TEL,Double Line,00:30,05:30,12846,00:25,22834,00:25,1438,10,1428,300,Satisfied,Granted / Ready,Available,None,FEASIBLE,Feasible window verified: 00:30–05:30 (300m granted within 1438m gap). Previous Train 12846 clears at 00:25 (+5m buffer). Next Train 22834 enters at 00:25 (-5m buffer). Safety buffers and operational dependencies fully satisfied.
REQ-DEMO-0070,ENGINEERING,Track tamping,BZA-VSKP-DN,DOWN Line,04:45,09:45,12846,04:40,22834,04:40,1430,10,1420,300,Satisfied,Granted / Ready,Available,None,FEASIBLE,Feasible window verified: 04:45–09:45 (300m granted within 1430m gap). Previous Train 12846 clears at 04:40 (+5m buffer). Next Train 22834 enters at 04:40 (-5m buffer). Safety buffers and operational dependencies fully satisfied.
REQ-DEMO-0071,OHE_TRACTION,Overhead equipment replacement,BZA-VSKP-DN,DOWN Line,04:45,09:45,12846,04:40,22834,04:40,1430,10,1420,300,Satisfied,Permit to Work Required (25kV OHE Disconnection),Available,None,FEASIBLE,Feasible window verified: 04:45–09:45 (300m granted within 1430m gap). Previous Train 12846 clears at 04:40 (+5m buffer). Next Train 22834 enters at 04:40 (-5m buffer). Safety buffers and operational dependencies fully satisfied.
REQ-DEMO-0072,ENGINEERING,Rail grinding,BZA-VSKP-DN,DOWN Line,07:59,10:29,13352,07:54,20702,20:15,731,10,721,150,Satisfied,Granted / Ready,Available,None,FEASIBLE,Feasible window verified: 07:59–10:29 (150m granted within 731m gap). Previous Train 13352 clears at 07:54 (+5m buffer). Next Train 20702 enters at 20:15 (-5m buffer). Safety buffers and operational dependencies fully satisfied.
REQ-DEMO-0073,S_AND_T,Data logger maintenance,GDR-BZA-DN,DOWN Line,06:15,06:45,13352,06:10,20702,20:15,835,10,825,30,Satisfied,Granted / Ready,Available,None,FEASIBLE,Feasible window verified: 06:15–06:45 (30m granted within 835m gap). Previous Train 13352 clears at 06:10 (+5m buffer). Next Train 20702 enters at 20:15 (-5m buffer). Safety buffers and operational dependencies fully satisfied.
REQ-DEMO-0074,OHE_TRACTION,Isolator maintenance,VSKP-BZA-UP,UP Line,00:45,01:45,12764,00:40,12841,06:56,374,10,364,60,Satisfied,Permit to Work Required (25kV OHE Disconnection),Available,None,FEASIBLE,Feasible window verified: 00:45–01:45 (60m granted within 374m gap). Previous Train 12764 clears at 00:40 (+5m buffer). Next Train 12841 enters at 06:56 (-5m buffer). Safety buffers and operational dependencies fully satisfied.
REQ-DEMO-0075,OHE_TRACTION,Mast inspection,BZA-VSKP-DN,DOWN Line,09:58,10:43,13352,09:53,20702,20:15,612,10,602,45,Satisfied,Granted / Ready,Available,None,FEASIBLE,Feasible window verified: 09:58–10:43 (45m granted within 612m gap). Previous Train 13352 clears at 09:53 (+5m buffer). Next Train 20702 enters at 20:15 (-5m buffer). Safety buffers and operational dependencies fully satisfied.
REQ-DEMO-0076,ENGINEERING,Ballast maintenance,VSKP-BZA-UP,UP Line,07:44,10:44,12841,07:39,20834,20:47,786,10,776,180,Satisfied,Granted / Ready,Available,None,FEASIBLE,Feasible window verified: 07:44–10:44 (180m granted within 786m gap). Previous Train 12841 clears at 07:39 (+5m buffer). Next Train 20834 enters at 20:47 (-5m buffer). Safety buffers and operational dependencies fully satisfied.
REQ-DEMO-0077,OHE_TRACTION,Contact wire inspection,BZA-VSKP-DN,DOWN Line,07:17,08:17,13352,07:12,20702,20:15,773,10,763,60,Satisfied,Permit to Work Required (25kV OHE Disconnection),Available,None,FEASIBLE,Feasible window verified: 07:17–08:17 (60m granted within 773m gap). Previous Train 13352 clears at 07:12 (+5m buffer). Next Train 20702 enters at 20:15 (-5m buffer). Safety buffers and operational dependencies fully satisfied.
REQ-DEMO-0078,S_AND_T,Automatic signalling equipment maintenance,GDR-BZA-DN,DOWN Line,02:04,03:34,13352,01:59,20702,17:04,903,10,893,90,Satisfied,Granted / Ready,Available,None,FEASIBLE,Feasible window verified: 02:04–03:34 (90m granted within 903m gap). Previous Train 13352 clears at 01:59 (+5m buffer). Next Train 20702 enters at 17:04 (-5m buffer). Safety buffers and operational dependencies fully satisfied.
REQ-DEMO-0079,ENGINEERING,Track renewal activity,BZA-GDR-UP,UP Line,11:13,15:13,12841,11:08,20834,19:16,483,10,473,240,Satisfied,Granted / Ready,Available,None,FEASIBLE,Feasible window verified: 11:13–15:13 (240m granted within 483m gap). Previous Train 12841 clears at 11:08 (+5m buffer). Next Train 20834 enters at 19:16 (-5m buffer). Safety buffers and operational dependencies fully satisfied.
REQ-DEMO-0080,OHE_TRACTION,Traction substation maintenance,GDR-BZA-DN,DOWN Line,03:24,05:24,13352,03:19,20702,18:15,894,10,884,120,Satisfied,Permit to Work Required (25kV OHE Disconnection),Available,None,FEASIBLE,Feasible window verified: 03:24–05:24 (120m granted within 894m gap). Previous Train 13352 clears at 03:19 (+5m buffer). Next Train 20702 enters at 18:15 (-5m buffer). Safety buffers and operational dependencies fully satisfied.
REQ-DEMO-0081,S_AND_T,Axle counter maintenance,BZA-VSKP-DN,DOWN Line,08:58,09:58,13352,08:53,20702,20:15,672,10,662,60,Satisfied,Granted / Ready,Available,None,FEASIBLE,Feasible window verified: 08:58–09:58 (60m granted within 672m gap). Previous Train 13352 clears at 08:53 (+5m buffer). Next Train 20702 enters at 20:15 (-5m buffer). Safety buffers and operational dependencies fully satisfied.
REQ-DEMO-0082,ENGINEERING,Rail grinding,GDR-BZA-DN,DOWN Line,05:15,07:45,13352,05:10,20702,19:35,865,10,855,150,Satisfied,Granted / Ready,Available,None,FEASIBLE,Feasible window verified: 05:15–07:45 (150m granted within 865m gap). Previous Train 13352 clears at 05:10 (+5m buffer). Next Train 20702 enters at 19:35 (-5m buffer). Safety buffers and operational dependencies fully satisfied.
REQ-DEMO-0083,OHE_TRACTION,Section insulator maintenance,GDV-MTM,Single Line,15:05,16:28,20834,15:00,20702,16:35,93,10,83,90,Satisfied,Permit to Work Required (25kV OHE Disconnection),Available,None,FEASIBLE,Feasible window verified: 15:05–16:28 (83m granted within 93m gap). Previous Train 20834 clears at 15:00 (+5m buffer). Next Train 20702 enters at 16:35 (-5m buffer). Safety buffers and operational dependencies fully satisfied.
REQ-DEMO-0084,ENGINEERING,Track renewal activity,BZA-VSKP-DN,DOWN Line,08:58,12:58,13352,08:53,20702,20:15,672,10,662,240,Satisfied,Granted / Ready,Available,None,FEASIBLE,Feasible window verified: 08:58–12:58 (240m granted within 672m gap). Previous Train 13352 clears at 08:53 (+5m buffer). Next Train 20702 enters at 20:15 (-5m buffer). Safety buffers and operational dependencies fully satisfied.
REQ-DEMO-0085,S_AND_T,Point machine maintenance,BZA-GDR-UP,UP Line,04:25,05:55,12764,04:20,12841,14:10,588,10,578,90,Satisfied,Granted / Ready,Available,None,FEASIBLE,Feasible window verified: 04:25–05:55 (90m granted within 588m gap). Previous Train 12764 clears at 04:20 (+5m buffer). Next Train 12841 enters at 14:10 (-5m buffer). Safety buffers and operational dependencies fully satisfied.
REQ-DEMO-0086,ENGINEERING,Rail grinding,GDV-MTM,Single Line,05:00,07:30,12764,04:55,12841,14:50,593,10,583,150,Satisfied,Granted / Ready,Available,None,FEASIBLE,Feasible window verified: 05:00–07:30 (150m granted within 593m gap). Previous Train 12764 clears at 04:55 (+5m buffer). Next Train 12841 enters at 14:50 (-5m buffer). Safety buffers and operational dependencies fully satisfied.
REQ-DEMO-0087,ENGINEERING,Drainage maintenance,BZA-VSKP-DN,DOWN Line,11:58,13:28,13352,11:53,20702,20:15,492,10,482,90,Satisfied,Granted / Ready,Available,None,FEASIBLE,Feasible window verified: 11:58–13:28 (90m granted within 492m gap). Previous Train 13352 clears at 11:53 (+5m buffer). Next Train 20702 enters at 20:15 (-5m buffer). Safety buffers and operational dependencies fully satisfied.
REQ-DEMO-0088,ENGINEERING,Rail joint inspection,GDR-BZA-DN,DOWN Line,01:40,02:25,20850,01:35,20702,17:04,927,10,917,45,Satisfied,Granted / Ready,Available,None,FEASIBLE,Feasible window verified: 01:40–02:25 (45m granted within 927m gap). Previous Train 20850 clears at 01:35 (+5m buffer). Next Train 20702 enters at 17:04 (-5m buffer). Safety buffers and operational dependencies fully satisfied.
REQ-DEMO-0089,ENGINEERING,Drainage maintenance,BZA-VSKP-DN,DOWN Line,06:15,07:45,13352,06:10,20702,20:15,835,10,825,90,Satisfied,Granted / Ready,Available,None,FEASIBLE,Feasible window verified: 06:15–07:45 (90m granted within 835m gap). Previous Train 13352 clears at 06:10 (+5m buffer). Next Train 20702 enters at 20:15 (-5m buffer). Safety buffers and operational dependencies fully satisfied.
REQ-DEMO-0090,S_AND_T,Point machine maintenance,GNT-TEL,Double Line,15:05,16:28,20834,15:00,20702,16:35,93,10,83,90,Satisfied,Granted / Ready,Available,None,FEASIBLE,Feasible window verified: 15:05–16:28 (83m granted within 93m gap). Previous Train 20834 clears at 15:00 (+5m buffer). Next Train 20702 enters at 16:35 (-5m buffer). Safety buffers and operational dependencies fully satisfied.
REQ-DEMO-0091,S_AND_T,Data logger maintenance,VSKP-BZA-UP,UP Line,00:45,01:15,12764,00:40,12841,06:56,374,10,364,30,Satisfied,Granted / Ready,Available,None,FEASIBLE,Feasible window verified: 00:45–01:15 (30m granted within 374m gap). Previous Train 12764 clears at 00:40 (+5m buffer). Next Train 12841 enters at 06:56 (-5m buffer). Safety buffers and operational dependencies fully satisfied.
REQ-DEMO-0092,ENGINEERING,Drainage maintenance,BZA-GDR-UP,UP Line,10:40,12:10,12841,10:35,20834,19:16,516,10,506,90,Satisfied,Granted / Ready,Available,None,FEASIBLE,Feasible window verified: 10:40–12:10 (90m granted within 516m gap). Previous Train 12841 clears at 10:35 (+5m buffer). Next Train 20834 enters at 19:16 (-5m buffer). Safety buffers and operational dependencies fully satisfied.
REQ-DEMO-0093,S_AND_T,Interlocking equipment inspection,BZA-GDR-UP,UP Line,11:13,12:13,12841,11:08,20834,19:16,483,10,473,60,Satisfied,Granted / Ready,Available,None,FEASIBLE,Feasible window verified: 11:13–12:13 (60m granted within 483m gap). Previous Train 12841 clears at 11:08 (+5m buffer). Next Train 20834 enters at 19:16 (-5m buffer). Safety buffers and operational dependencies fully satisfied.
REQ-DEMO-0094,S_AND_T,Automatic signalling equipment maintenance,BZA-GDR-UP,UP Line,11:13,12:43,12841,11:08,20834,19:16,483,10,473,90,Satisfied,Granted / Ready,Available,None,FEASIBLE,Feasible window verified: 11:13–12:43 (90m granted within 483m gap). Previous Train 12841 clears at 11:08 (+5m buffer). Next Train 20834 enters at 19:16 (-5m buffer). Safety buffers and operational dependencies fully satisfied.
REQ-DEMO-0095,ENGINEERING,Ballast maintenance,GDR-BZA-DN,DOWN Line,04:36,07:36,20850,04:31,20702,18:53,862,10,852,180,Satisfied,Granted / Ready,Available,None,FEASIBLE,Feasible window verified: 04:36–07:36 (180m granted within 862m gap). Previous Train 20850 clears at 04:31 (+5m buffer). Next Train 20702 enters at 18:53 (-5m buffer). Safety buffers and operational dependencies fully satisfied.
REQ-DEMO-0096,S_AND_T,Automatic signalling equipment maintenance,GDV-MTM,Single Line,15:05,16:28,20834,15:00,20702,16:35,93,10,83,90,Satisfied,Granted / Ready,Available,None,FEASIBLE,Feasible window verified: 15:05–16:28 (83m granted within 93m gap). Previous Train 20834 clears at 15:00 (+5m buffer). Next Train 20702 enters at 16:35 (-5m buffer). Safety buffers and operational dependencies fully satisfied.
REQ-DEMO-0097,S_AND_T,Data logger maintenance,VSKP-BZA-UP,UP Line,05:36,06:06,12841,05:31,20834,23:22,1069,10,1059,30,Satisfied,Granted / Ready,Available,None,FEASIBLE,Feasible window verified: 05:36–06:06 (30m granted within 1069m gap). Previous Train 12841 clears at 05:31 (+5m buffer). Next Train 20834 enters at 23:22 (-5m buffer). Safety buffers and operational dependencies fully satisfied.
REQ-DEMO-0098,ENGINEERING,Level crossing maintenance,BZA-VSKP-DN,DOWN Line,08:20,09:50,13352,08:15,20702,20:15,710,10,700,90,Satisfied,Granted / Ready,Available,None,FEASIBLE,Feasible window verified: 08:20–09:50 (90m granted within 710m gap). Previous Train 13352 clears at 08:15 (+5m buffer). Next Train 20702 enters at 20:15 (-5m buffer). Safety buffers and operational dependencies fully satisfied.
REQ-DEMO-0099,OHE_TRACTION,Overhead equipment replacement,BZA-VSKP-DN,DOWN Line,04:45,07:45,12846,04:40,22834,04:40,1430,10,1420,180,Satisfied,Permit to Work Required (25kV OHE Disconnection),Available,None,FEASIBLE,Feasible window verified: 04:45–07:45 (180m granted within 1430m gap). Previous Train 12846 clears at 04:40 (+5m buffer). Next Train 22834 enters at 04:40 (-5m buffer). Safety buffers and operational dependencies fully satisfied.
REQ-DEMO-0100,OHE_TRACTION,Isolator maintenance,GDR-BZA-DN,DOWN Line,02:33,03:33,22834,02:28,12846,02:30,1440,10,1430,60,Satisfied,Permit to Work Required (25kV OHE Disconnection),Available,None,FEASIBLE,Feasible window verified: 02:33–03:33 (60m granted within 1440m gap). Previous Train 22834 clears at 02:28 (+5m buffer). Next Train 12846 enters at 02:30 (-5m buffer). Safety buffers and operational dependencies fully satisfied.
REQ-DEMO-0101,S_AND_T,Track circuit inspection,GDR-BZA-DN,DOWN Line,04:45,05:45,12846,04:40,22834,04:40,1430,10,1420,60,Satisfied,Granted / Ready,Available,None,FEASIBLE,Feasible window verified: 04:45–05:45 (60m granted within 1430m gap). Previous Train 12846 clears at 04:40 (+5m buffer). Next Train 22834 enters at 04:40 (-5m buffer). Safety buffers and operational dependencies fully satisfied.
REQ-DEMO-0102,ENGINEERING,Rail joint inspection,GDR-BZA-DN,DOWN Line,05:15,06:00,13352,05:10,20702,19:35,865,10,855,45,Satisfied,Granted / Ready,Available,None,FEASIBLE,Feasible window verified: 05:15–06:00 (45m granted within 865m gap). Previous Train 13352 clears at 05:10 (+5m buffer). Next Train 20702 enters at 19:35 (-5m buffer). Safety buffers and operational dependencies fully satisfied.
REQ-DEMO-0103,ENGINEERING,Ballast maintenance,BZA-VSKP-DN,DOWN Line,09:58,12:58,13352,09:53,20702,20:15,612,10,602,180,Satisfied,Granted / Ready,Available,None,FEASIBLE,Feasible window verified: 09:58–12:58 (180m granted within 612m gap). Previous Train 13352 clears at 09:53 (+5m buffer). Next Train 20702 enters at 20:15 (-5m buffer). Safety buffers and operational dependencies fully satisfied.
REQ-DEMO-0104,S_AND_T,Signal cable maintenance,BZA-VSKP-DN,DOWN Line,06:15,08:15,13352,06:10,20702,20:15,835,10,825,120,Satisfied,Granted / Ready,Available,None,FEASIBLE,Feasible window verified: 06:15–08:15 (120m granted within 835m gap). Previous Train 13352 clears at 06:10 (+5m buffer). Next Train 20702 enters at 20:15 (-5m buffer). Safety buffers and operational dependencies fully satisfied.
REQ-DEMO-0105,OHE_TRACTION,Traction substation maintenance,GDR-BZA-DN,DOWN Line,01:07,03:07,20850,01:02,20702,16:35,931,10,921,120,Satisfied,Permit to Work Required (25kV OHE Disconnection),Available,None,FEASIBLE,Feasible window verified: 01:07–03:07 (120m granted within 931m gap). Previous Train 20850 clears at 01:02 (+5m buffer). Next Train 20702 enters at 16:35 (-5m buffer). Safety buffers and operational dependencies fully satisfied.
REQ-DEMO-0106,S_AND_T,Data logger maintenance,VSKP-BZA-UP,UP Line,09:09,09:39,12841,09:04,20834,19:16,607,10,597,30,Satisfied,Granted / Ready,Available,None,FEASIBLE,Feasible window verified: 09:09–09:39 (30m granted within 607m gap). Previous Train 12841 clears at 09:04 (+5m buffer). Next Train 20834 enters at 19:16 (-5m buffer). Safety buffers and operational dependencies fully satisfied.
REQ-DEMO-0107,S_AND_T,Axle counter maintenance,VSKP-BZA-UP,UP Line,07:44,08:44,12841,07:39,20834,20:47,786,10,776,60,Satisfied,Granted / Ready,Available,None,FEASIBLE,Feasible window verified: 07:44–08:44 (60m granted within 786m gap). Previous Train 12841 clears at 07:39 (+5m buffer). Next Train 20834 enters at 20:47 (-5m buffer). Safety buffers and operational dependencies fully satisfied.
REQ-DEMO-0108,ENGINEERING,Sleeper replacement,BZA-VSKP-DN,DOWN Line,08:58,11:58,13352,08:53,20702,20:15,672,10,662,180,Satisfied,Granted / Ready,Available,None,FEASIBLE,Feasible window verified: 08:58–11:58 (180m granted within 672m gap). Previous Train 13352 clears at 08:53 (+5m buffer). Next Train 20702 enters at 20:15 (-5m buffer). Safety buffers and operational dependencies fully satisfied.
REQ-DEMO-0109,OHE_TRACTION,Overhead equipment replacement,VSKP-BZA-UP,UP Line,00:45,03:45,12764,00:40,12841,06:10,330,10,320,180,Satisfied,Permit to Work Required (25kV OHE Disconnection),Available,None,FEASIBLE,Feasible window verified: 00:45–03:45 (180m granted within 330m gap). Previous Train 12764 clears at 00:40 (+5m buffer). Next Train 12841 enters at 06:10 (-5m buffer). Safety buffers and operational dependencies fully satisfied.
REQ-DEMO-0110,ENGINEERING,Ballast maintenance,BZA-GDR-UP,UP Line,10:40,13:40,12841,10:35,20834,19:16,516,10,506,180,Satisfied,Granted / Ready,Available,None,FEASIBLE,Feasible window verified: 10:40–13:40 (180m granted within 516m gap). Previous Train 12841 clears at 10:35 (+5m buffer). Next Train 20834 enters at 19:16 (-5m buffer). Safety buffers and operational dependencies fully satisfied.
REQ-DEMO-0111,S_AND_T,Axle counter maintenance,BZA-GDR-UP,UP Line,14:15,15:15,12841,14:10,20834,19:16,301,10,291,60,Satisfied,Granted / Ready,Available,None,FEASIBLE,Feasible window verified: 14:15–15:15 (60m granted within 301m gap). Previous Train 12841 clears at 14:10 (+5m buffer). Next Train 20834 enters at 19:16 (-5m buffer). Safety buffers and operational dependencies fully satisfied.
REQ-DEMO-0112,ENGINEERING,Drainage maintenance,BZA-GDR-UP,UP Line,11:13,12:43,12841,11:08,20834,19:16,483,10,473,90,Satisfied,Granted / Ready,Available,None,FEASIBLE,Feasible window verified: 11:13–12:43 (90m granted within 483m gap). Previous Train 12841 clears at 11:08 (+5m buffer). Next Train 20834 enters at 19:16 (-5m buffer). Safety buffers and operational dependencies fully satisfied.
REQ-DEMO-0113,S_AND_T,Automatic signalling equipment maintenance,GNT-TEL,Double Line,01:07,02:37,20850,01:02,12760,04:42,218,10,208,90,Satisfied,Granted / Ready,Available,None,FEASIBLE,Feasible window verified: 01:07–02:37 (90m granted within 218m gap). Previous Train 20850 clears at 01:02 (+5m buffer). Next Train 12760 enters at 04:42 (-5m buffer). Safety buffers and operational dependencies fully satisfied.
REQ-DEMO-0114,ENGINEERING,Ballast maintenance,BZA-VSKP-DN,DOWN Line,07:59,10:59,13352,07:54,20702,20:15,731,10,721,180,Satisfied,Granted / Ready,Available,None,FEASIBLE,Feasible window verified: 07:59–10:59 (180m granted within 731m gap). Previous Train 13352 clears at 07:54 (+5m buffer). Next Train 20702 enters at 20:15 (-5m buffer). Safety buffers and operational dependencies fully satisfied.
REQ-DEMO-0115,ENGINEERING,Track geometry inspection,BZA-VSKP-DN,DOWN Line,12:25,13:25,13352,12:20,20702,20:15,465,10,455,60,Satisfied,Granted / Ready,Available,None,FEASIBLE,Feasible window verified: 12:25–13:25 (60m granted within 465m gap). Previous Train 13352 clears at 12:20 (+5m buffer). Next Train 20702 enters at 20:15 (-5m buffer). Safety buffers and operational dependencies fully satisfied.
REQ-DEMO-0116,S_AND_T,Track circuit inspection,BZA-GDR-UP,UP Line,14:15,15:15,12841,14:10,20834,19:16,301,10,291,60,Satisfied,Granted / Ready,Available,None,FEASIBLE,Feasible window verified: 14:15–15:15 (60m granted within 301m gap). Previous Train 12841 clears at 14:10 (+5m buffer). Next Train 20834 enters at 19:16 (-5m buffer). Safety buffers and operational dependencies fully satisfied.
REQ-DEMO-0117,ENGINEERING,Level crossing maintenance,GDR-BZA-DN,DOWN Line,04:36,06:06,20850,04:31,20702,18:53,862,10,852,90,Satisfied,Granted / Ready,Available,None,FEASIBLE,Feasible window verified: 04:36–06:06 (90m granted within 862m gap). Previous Train 20850 clears at 04:31 (+5m buffer). Next Train 20702 enters at 18:53 (-5m buffer). Safety buffers and operational dependencies fully satisfied.
REQ-DEMO-0118,S_AND_T,Signal cable maintenance,BZA-GDR-UP,UP Line,11:13,13:13,12841,11:08,20834,19:16,483,10,473,120,Satisfied,Granted / Ready,Available,None,FEASIBLE,Feasible window verified: 11:13–13:13 (120m granted within 483m gap). Previous Train 12841 clears at 11:08 (+5m buffer). Next Train 20834 enters at 19:16 (-5m buffer). Safety buffers and operational dependencies fully satisfied.
REQ-DEMO-0119,OHE_TRACTION,Contact wire inspection,GDR-BZA-DN,DOWN Line,03:24,04:24,13352,03:19,20702,18:15,894,10,884,60,Satisfied,Permit to Work Required (25kV OHE Disconnection),Available,None,FEASIBLE,Feasible window verified: 03:24–04:24 (60m granted within 894m gap). Previous Train 13352 clears at 03:19 (+5m buffer). Next Train 20702 enters at 18:15 (-5m buffer). Safety buffers and operational dependencies fully satisfied.
REQ-DEMO-0120,ENGINEERING,Drainage maintenance,BZA-GDR-UP,UP Line,12:42,14:12,12841,12:37,20834,19:16,394,10,384,90,Satisfied,Granted / Ready,Available,None,FEASIBLE,Feasible window verified: 12:42–14:12 (90m granted within 394m gap). Previous Train 12841 clears at 12:37 (+5m buffer). Next Train 20834 enters at 19:16 (-5m buffer). Safety buffers and operational dependencies fully satisfied.
REQ-DEMO-0121,S_AND_T,Axle counter maintenance,GNT-TEL,Double Line,15:05,16:05,20834,15:00,20702,16:35,93,10,83,60,Satisfied,Granted / Ready,Available,None,FEASIBLE,Feasible window verified: 15:05–16:05 (60m granted within 93m gap). Previous Train 20834 clears at 15:00 (+5m buffer). Next Train 20702 enters at 16:35 (-5m buffer). Safety buffers and operational dependencies fully satisfied.
REQ-DEMO-0122,OHE_TRACTION,Section insulator maintenance,BZA-VSKP-DN,DOWN Line,07:17,08:47,13352,07:12,20702,20:15,773,10,763,90,Satisfied,Permit to Work Required (25kV OHE Disconnection),Available,None,FEASIBLE,Feasible window verified: 07:17–08:47 (90m granted within 773m gap). Previous Train 13352 clears at 07:12 (+5m buffer). Next Train 20702 enters at 20:15 (-5m buffer). Safety buffers and operational dependencies fully satisfied.
REQ-DEMO-0123,OHE_TRACTION,Isolator maintenance,BZA-VSKP-DN,DOWN Line,07:59,08:59,13352,07:54,20702,20:15,731,10,721,60,Satisfied,Permit to Work Required (25kV OHE Disconnection),Available,None,FEASIBLE,Feasible window verified: 07:59–08:59 (60m granted within 731m gap). Previous Train 13352 clears at 07:54 (+5m buffer). Next Train 20702 enters at 20:15 (-5m buffer). Safety buffers and operational dependencies fully satisfied.
REQ-DEMO-0124,ENGINEERING,Level crossing maintenance,BZA-GDR-UP,UP Line,04:25,05:55,12764,04:20,12841,14:10,588,10,578,90,Satisfied,Granted / Ready,Available,None,FEASIBLE,Feasible window verified: 04:25–05:55 (90m granted within 588m gap). Previous Train 12764 clears at 04:20 (+5m buffer). Next Train 12841 enters at 14:10 (-5m buffer). Safety buffers and operational dependencies fully satisfied.
REQ-DEMO-0125,OHE_TRACTION,Contact wire inspection,GDR-BZA-DN,DOWN Line,01:40,02:40,20850,01:35,20702,17:04,927,10,917,60,Satisfied,Permit to Work Required (25kV OHE Disconnection),Available,None,FEASIBLE,Feasible window verified: 01:40–02:40 (60m granted within 927m gap). Previous Train 20850 clears at 01:35 (+5m buffer). Next Train 20702 enters at 17:04 (-5m buffer). Safety buffers and operational dependencies fully satisfied.
REQ-DEMO-0126,S_AND_T,Signal maintenance,BVRM-NS,Single Line,15:05,15:50,20834,15:00,20702,16:35,93,10,83,45,Satisfied,Granted / Ready,Available,None,FEASIBLE,Feasible window verified: 15:05–15:50 (45m granted within 93m gap). Previous Train 20834 clears at 15:00 (+5m buffer). Next Train 20702 enters at 16:35 (-5m buffer). Safety buffers and operational dependencies fully satisfied.
REQ-DEMO-0127,OHE_TRACTION,Contact wire inspection,BZA-VSKP-DN,DOWN Line,07:17,08:17,13352,07:12,20702,20:15,773,10,763,60,Satisfied,Permit to Work Required (25kV OHE Disconnection),Available,None,FEASIBLE,Feasible window verified: 07:17–08:17 (60m granted within 773m gap). Previous Train 13352 clears at 07:12 (+5m buffer). Next Train 20702 enters at 20:15 (-5m buffer). Safety buffers and operational dependencies fully satisfied.
REQ-DEMO-0128,ENGINEERING,Track geometry inspection,GDV-MTM,Single Line,15:05,16:05,20834,15:00,20702,16:35,93,10,83,60,Satisfied,Granted / Ready,Available,None,FEASIBLE,Feasible window verified: 15:05–16:05 (60m granted within 93m gap). Previous Train 20834 clears at 15:00 (+5m buffer). Next Train 20702 enters at 16:35 (-5m buffer). Safety buffers and operational dependencies fully satisfied.
REQ-DEMO-0129,OHE_TRACTION,Traction substation maintenance,BZA-GDR-UP,UP Line,04:25,06:25,12764,04:20,12841,14:10,588,10,578,120,Satisfied,Permit to Work Required (25kV OHE Disconnection),Available,None,FEASIBLE,Feasible window verified: 04:25–06:25 (120m granted within 588m gap). Previous Train 12764 clears at 04:20 (+5m buffer). Next Train 12841 enters at 14:10 (-5m buffer). Safety buffers and operational dependencies fully satisfied.
REQ-DEMO-0130,ENGINEERING,Sleeper replacement,GDR-BZA-DN,DOWN Line,05:15,08:15,13352,05:10,20702,19:35,865,10,855,180,Satisfied,Granted / Ready,Available,None,FEASIBLE,Feasible window verified: 05:15–08:15 (180m granted within 865m gap). Previous Train 13352 clears at 05:10 (+5m buffer). Next Train 20702 enters at 19:35 (-5m buffer). Safety buffers and operational dependencies fully satisfied.
REQ-DEMO-0131,ENGINEERING,Ballast maintenance,BVRM-NS,Single Line,05:00,08:00,12764,04:55,12841,14:50,593,10,583,180,Satisfied,Granted / Ready,Available,None,FEASIBLE,Feasible window verified: 05:00–08:00 (180m granted within 593m gap). Previous Train 12764 clears at 04:55 (+5m buffer). Next Train 12841 enters at 14:50 (-5m buffer). Safety buffers and operational dependencies fully satisfied.
REQ-DEMO-0132,S_AND_T,Automatic signalling equipment maintenance,GDR-BZA-DN,DOWN Line,04:36,06:06,20850,04:31,20702,18:53,862,10,852,90,Satisfied,Granted / Ready,Available,None,FEASIBLE,Feasible window verified: 04:36–06:06 (90m granted within 862m gap). Previous Train 20850 clears at 04:31 (+5m buffer). Next Train 20702 enters at 18:53 (-5m buffer). Safety buffers and operational dependencies fully satisfied.
REQ-DEMO-0133,OHE_TRACTION,Traction substation maintenance,GDR-BZA-DN,DOWN Line,03:24,05:24,13352,03:19,20702,18:15,894,10,884,120,Satisfied,Permit to Work Required (25kV OHE Disconnection),Available,None,FEASIBLE,Feasible window verified: 03:24–05:24 (120m granted within 894m gap). Previous Train 13352 clears at 03:19 (+5m buffer). Next Train 20702 enters at 18:15 (-5m buffer). Safety buffers and operational dependencies fully satisfied.
REQ-DEMO-0134,S_AND_T,Track circuit inspection,BZA-GDR-UP,UP Line,03:45,04:45,12764,03:40,12841,14:10,628,10,618,60,Satisfied,Granted / Ready,Available,None,FEASIBLE,Feasible window verified: 03:45–04:45 (60m granted within 628m gap). Previous Train 12764 clears at 03:40 (+5m buffer). Next Train 12841 enters at 14:10 (-5m buffer). Safety buffers and operational dependencies fully satisfied.
REQ-DEMO-0135,ENGINEERING,Track tamping,BVRM-NS,Single Line,15:05,16:28,20834,15:00,20702,16:35,93,10,83,120,Satisfied,Granted / Ready,Available,None,FEASIBLE,Feasible window verified: 15:05–16:28 (83m granted within 93m gap). Previous Train 20834 clears at 15:00 (+5m buffer). Next Train 20702 enters at 16:35 (-5m buffer). Safety buffers and operational dependencies fully satisfied.
REQ-DEMO-0136,S_AND_T,Track circuit inspection,BZA-GDR-UP,UP Line,14:15,15:15,12841,14:10,20834,19:16,301,10,291,60,Satisfied,Granted / Ready,Available,None,FEASIBLE,Feasible window verified: 14:15–15:15 (60m granted within 301m gap). Previous Train 12841 clears at 14:10 (+5m buffer). Next Train 20834 enters at 19:16 (-5m buffer). Safety buffers and operational dependencies fully satisfied.
REQ-DEMO-0137,ENGINEERING,Ballast maintenance,GDV-MTM,Single Line,05:00,08:00,12764,04:55,12841,14:50,593,10,583,180,Satisfied,Granted / Ready,Available,None,FEASIBLE,Feasible window verified: 05:00–08:00 (180m granted within 593m gap). Previous Train 12764 clears at 04:55 (+5m buffer). Next Train 12841 enters at 14:50 (-5m buffer). Safety buffers and operational dependencies fully satisfied.
REQ-DEMO-0138,ENGINEERING,Track renewal activity,GDR-BZA-DN,DOWN Line,04:36,08:36,20850,04:31,20702,18:53,862,10,852,240,Satisfied,Granted / Ready,Available,None,FEASIBLE,Feasible window verified: 04:36–08:36 (240m granted within 862m gap). Previous Train 20850 clears at 04:31 (+5m buffer). Next Train 20702 enters at 18:53 (-5m buffer). Safety buffers and operational dependencies fully satisfied.
REQ-DEMO-0139,OHE_TRACTION,Section insulator maintenance,GDR-BZA-DN,DOWN Line,03:24,04:54,13352,03:19,20702,18:15,894,10,884,90,Satisfied,Permit to Work Required (25kV OHE Disconnection),Available,None,FEASIBLE,Feasible window verified: 03:24–04:54 (90m granted within 894m gap). Previous Train 13352 clears at 03:19 (+5m buffer). Next Train 20702 enters at 18:15 (-5m buffer). Safety buffers and operational dependencies fully satisfied.
REQ-DEMO-0140,S_AND_T,Track circuit inspection,GDR-BZA-DN,DOWN Line,01:40,02:40,20850,01:35,20702,17:04,927,10,917,60,Satisfied,Granted / Ready,Available,None,FEASIBLE,Feasible window verified: 01:40–02:40 (60m granted within 927m gap). Previous Train 20850 clears at 01:35 (+5m buffer). Next Train 20702 enters at 17:04 (-5m buffer). Safety buffers and operational dependencies fully satisfied.
REQ-DEMO-0141,S_AND_T,Signal maintenance,BZA-VSKP-DN,DOWN Line,09:58,10:43,13352,09:53,20702,20:15,612,10,602,45,Satisfied,Granted / Ready,Available,None,FEASIBLE,Feasible window verified: 09:58–10:43 (45m granted within 612m gap). Previous Train 13352 clears at 09:53 (+5m buffer). Next Train 20702 enters at 20:15 (-5m buffer). Safety buffers and operational dependencies fully satisfied.
REQ-DEMO-0142,S_AND_T,Interlocking equipment inspection,BZA-VSKP-DN,DOWN Line,04:45,05:45,12846,04:40,22834,04:40,1430,10,1420,60,Satisfied,Granted / Ready,Available,None,FEASIBLE,Feasible window verified: 04:45–05:45 (60m granted within 1430m gap). Previous Train 12846 clears at 04:40 (+5m buffer). Next Train 22834 enters at 04:40 (-5m buffer). Safety buffers and operational dependencies fully satisfied.
REQ-DEMO-0143,OHE_TRACTION,Section insulator maintenance,BZA-GDR-UP,UP Line,10:40,12:10,12841,10:35,20834,19:16,516,10,506,90,Satisfied,Permit to Work Required (25kV OHE Disconnection),Available,None,FEASIBLE,Feasible window verified: 10:40–12:10 (90m granted within 516m gap). Previous Train 12841 clears at 10:35 (+5m buffer). Next Train 20834 enters at 19:16 (-5m buffer). Safety buffers and operational dependencies fully satisfied.
REQ-DEMO-0144,OHE_TRACTION,Isolator maintenance,BZA-VSKP-DN,DOWN Line,04:45,05:45,12846,04:40,22834,04:40,1430,10,1420,60,Satisfied,Permit to Work Required (25kV OHE Disconnection),Available,None,FEASIBLE,Feasible window verified: 04:45–05:45 (60m granted within 1430m gap). Previous Train 12846 clears at 04:40 (+5m buffer). Next Train 22834 enters at 04:40 (-5m buffer). Safety buffers and operational dependencies fully satisfied.
REQ-DEMO-0145,OHE_TRACTION,Mast inspection,BZA-GDR-UP,UP Line,11:13,11:58,12841,11:08,20834,19:16,483,10,473,45,Satisfied,Granted / Ready,Available,None,FEASIBLE,Feasible window verified: 11:13–11:58 (45m granted within 483m gap). Previous Train 12841 clears at 11:08 (+5m buffer). Next Train 20834 enters at 19:16 (-5m buffer). Safety buffers and operational dependencies fully satisfied.
REQ-DEMO-0146,OHE_TRACTION,Mast inspection,GDR-BZA-DN,DOWN Line,01:07,01:52,20850,01:02,20702,16:35,931,10,921,45,Satisfied,Granted / Ready,Available,None,FEASIBLE,Feasible window verified: 01:07–01:52 (45m granted within 931m gap). Previous Train 20850 clears at 01:02 (+5m buffer). Next Train 20702 enters at 16:35 (-5m buffer). Safety buffers and operational dependencies fully satisfied.
REQ-DEMO-0147,OHE_TRACTION,OHE inspection,VSKP-BZA-UP,UP Line,06:15,07:45,12841,06:10,20834,22:11,961,10,951,90,Satisfied,Permit to Work Required (25kV OHE Disconnection),Available,None,FEASIBLE,Feasible window verified: 06:15–07:45 (90m granted within 961m gap). Previous Train 12841 clears at 06:10 (+5m buffer). Next Train 20834 enters at 22:11 (-5m buffer). Safety buffers and operational dependencies fully satisfied.
REQ-DEMO-0148,S_AND_T,Signal maintenance,BZA-GDR-UP,UP Line,10:40,11:25,12841,10:35,20834,19:16,516,10,506,45,Satisfied,Granted / Ready,Available,None,FEASIBLE,Feasible window verified: 10:40–11:25 (45m granted within 516m gap). Previous Train 12841 clears at 10:35 (+5m buffer). Next Train 20834 enters at 19:16 (-5m buffer). Safety buffers and operational dependencies fully satisfied.
REQ-DEMO-0149,S_AND_T,Interlocking equipment inspection,BZA-VSKP-DN,DOWN Line,12:25,13:25,13352,12:20,20702,20:15,465,10,455,60,Satisfied,Granted / Ready,Available,None,FEASIBLE,Feasible window verified: 12:25–13:25 (60m granted within 465m gap). Previous Train 13352 clears at 12:20 (+5m buffer). Next Train 20702 enters at 20:15 (-5m buffer). Safety buffers and operational dependencies fully satisfied.
REQ-DEMO-0150,ENGINEERING,Track tamping,BZA-VSKP-DN,DOWN Line,07:17,09:17,13352,07:12,20702,20:15,773,10,763,120,Satisfied,Granted / Ready,Available,None,FEASIBLE,Feasible window verified: 07:17–09:17 (120m granted within 773m gap). Previous Train 13352 clears at 07:12 (+5m buffer). Next Train 20702 enters at 20:15 (-5m buffer). Safety buffers and operational dependencies fully satisfied.
REQ-DEMO-0151,OHE_TRACTION,Mast inspection,BZA-VSKP-DN,DOWN Line,06:15,07:00,13352,06:10,20702,20:15,835,10,825,45,Satisfied,Granted / Ready,Available,None,FEASIBLE,Feasible window verified: 06:15–07:00 (45m granted within 835m gap). Previous Train 13352 clears at 06:10 (+5m buffer). Next Train 20702 enters at 20:15 (-5m buffer). Safety buffers and operational dependencies fully satisfied.
REQ-DEMO-0152,S_AND_T,Point machine maintenance,BZA-VSKP-DN,DOWN Line,06:15,07:45,13352,06:10,20702,20:15,835,10,825,90,Satisfied,Granted / Ready,Available,None,FEASIBLE,Feasible window verified: 06:15–07:45 (90m granted within 835m gap). Previous Train 13352 clears at 06:10 (+5m buffer). Next Train 20702 enters at 20:15 (-5m buffer). Safety buffers and operational dependencies fully satisfied.
REQ-DEMO-0153,S_AND_T,Signal cable maintenance,BZA-GDR-UP,UP Line,14:15,16:15,12841,14:10,20834,19:16,301,10,291,120,Satisfied,Granted / Ready,Available,None,FEASIBLE,Feasible window verified: 14:15–16:15 (120m granted within 301m gap). Previous Train 12841 clears at 14:10 (+5m buffer). Next Train 20834 enters at 19:16 (-5m buffer). Safety buffers and operational dependencies fully satisfied.
REQ-DEMO-0154,S_AND_T,Data logger maintenance,BZA-VSKP-DN,DOWN Line,11:58,12:28,13352,11:53,20702,20:15,492,10,482,30,Satisfied,Granted / Ready,Available,None,FEASIBLE,Feasible window verified: 11:58–12:28 (30m granted within 492m gap). Previous Train 13352 clears at 11:53 (+5m buffer). Next Train 20702 enters at 20:15 (-5m buffer). Safety buffers and operational dependencies fully satisfied.
REQ-DEMO-0155,OHE_TRACTION,Mast inspection,GDR-BZA-DN,DOWN Line,06:15,07:00,13352,06:10,20702,20:15,835,10,825,45,Satisfied,Granted / Ready,Available,None,FEASIBLE,Feasible window verified: 06:15–07:00 (45m granted within 835m gap). Previous Train 13352 clears at 06:10 (+5m buffer). Next Train 20702 enters at 20:15 (-5m buffer). Safety buffers and operational dependencies fully satisfied.
REQ-DEMO-0156,ENGINEERING,Track renewal activity,BZA-VSKP-DN,DOWN Line,12:25,16:25,13352,12:20,20702,20:15,465,10,455,240,Satisfied,Granted / Ready,Available,None,FEASIBLE,Feasible window verified: 12:25–16:25 (240m granted within 465m gap). Previous Train 13352 clears at 12:20 (+5m buffer). Next Train 20702 enters at 20:15 (-5m buffer). Safety buffers and operational dependencies fully satisfied.
REQ-DEMO-0157,OHE_TRACTION,OHE inspection,BZA-GDR-UP,UP Line,00:45,02:15,12764,00:40,12841,10:35,585,10,575,90,Satisfied,Permit to Work Required (25kV OHE Disconnection),Available,None,FEASIBLE,Feasible window verified: 00:45–02:15 (90m granted within 585m gap). Previous Train 12764 clears at 00:40 (+5m buffer). Next Train 12841 enters at 10:35 (-5m buffer). Safety buffers and operational dependencies fully satisfied.
REQ-DEMO-0158,ENGINEERING,Ballast maintenance,VSKP-BZA-UP,UP Line,07:01,10:01,12841,06:56,20834,21:31,873,10,863,180,Satisfied,Granted / Ready,Available,None,FEASIBLE,Feasible window verified: 07:01–10:01 (180m granted within 873m gap). Previous Train 12841 clears at 06:56 (+5m buffer). Next Train 20834 enters at 21:31 (-5m buffer). Safety buffers and operational dependencies fully satisfied.
REQ-DEMO-0159,OHE_TRACTION,Overhead equipment replacement,VSKP-BZA-UP,UP Line,00:45,03:45,12764,00:40,12841,06:10,330,10,320,180,Satisfied,Permit to Work Required (25kV OHE Disconnection),Available,None,FEASIBLE,Feasible window verified: 00:45–03:45 (180m granted within 330m gap). Previous Train 12764 clears at 00:40 (+5m buffer). Next Train 12841 enters at 06:10 (-5m buffer). Safety buffers and operational dependencies fully satisfied.
REQ-DEMO-0160,ENGINEERING,Level crossing maintenance,VSKP-BZA-UP,UP Line,09:09,10:39,12841,09:04,20834,19:16,607,10,597,90,Satisfied,Granted / Ready,Available,None,FEASIBLE,Feasible window verified: 09:09–10:39 (90m granted within 607m gap). Previous Train 12841 clears at 09:04 (+5m buffer). Next Train 20834 enters at 19:16 (-5m buffer). Safety buffers and operational dependencies fully satisfied.
REQ-DEMO-0161,OHE_TRACTION,Overhead equipment replacement,BZA-VSKP-DN,DOWN Line,09:58,12:58,13352,09:53,20702,20:15,612,10,602,180,Satisfied,Permit to Work Required (25kV OHE Disconnection),Available,None,FEASIBLE,Feasible window verified: 09:58–12:58 (180m granted within 612m gap). Previous Train 13352 clears at 09:53 (+5m buffer). Next Train 20702 enters at 20:15 (-5m buffer). Safety buffers and operational dependencies fully satisfied.
REQ-DEMO-0162,OHE_TRACTION,Section insulator maintenance,GDR-BZA-DN,DOWN Line,05:15,06:45,13352,05:10,20702,19:35,865,10,855,90,Satisfied,Permit to Work Required (25kV OHE Disconnection),Available,None,FEASIBLE,Feasible window verified: 05:15–06:45 (90m granted within 865m gap). Previous Train 13352 clears at 05:10 (+5m buffer). Next Train 20702 enters at 19:35 (-5m buffer). Safety buffers and operational dependencies fully satisfied.
REQ-DEMO-0163,S_AND_T,Signal cable maintenance,GDR-BZA-DN,DOWN Line,03:24,05:24,13352,03:19,20702,18:15,894,10,884,120,Satisfied,Granted / Ready,Available,None,FEASIBLE,Feasible window verified: 03:24–05:24 (120m granted within 894m gap). Previous Train 13352 clears at 03:19 (+5m buffer). Next Train 20702 enters at 18:15 (-5m buffer). Safety buffers and operational dependencies fully satisfied.
REQ-DEMO-0164,S_AND_T,Signal cable maintenance,GDV-MTM,Single Line,15:05,16:28,20834,15:00,20702,16:35,93,10,83,120,Satisfied,Granted / Ready,Available,None,FEASIBLE,Feasible window verified: 15:05–16:28 (83m granted within 93m gap). Previous Train 20834 clears at 15:00 (+5m buffer). Next Train 20702 enters at 16:35 (-5m buffer). Safety buffers and operational dependencies fully satisfied.
REQ-DEMO-0165,S_AND_T,Track circuit inspection,BZA-VSKP-DN,DOWN Line,06:15,07:15,13352,06:10,20702,20:15,835,10,825,60,Satisfied,Granted / Ready,Available,None,FEASIBLE,Feasible window verified: 06:15–07:15 (60m granted within 835m gap). Previous Train 13352 clears at 06:10 (+5m buffer). Next Train 20702 enters at 20:15 (-5m buffer). Safety buffers and operational dependencies fully satisfied.
REQ-DEMO-0166,ENGINEERING,Level crossing maintenance,BZA-GDR-UP,UP Line,14:15,15:45,12841,14:10,20834,19:16,301,10,291,90,Satisfied,Granted / Ready,Available,None,FEASIBLE,Feasible window verified: 14:15–15:45 (90m granted within 301m gap). Previous Train 12841 clears at 14:10 (+5m buffer). Next Train 20834 enters at 19:16 (-5m buffer). Safety buffers and operational dependencies fully satisfied.
REQ-DEMO-0167,OHE_TRACTION,Contact wire inspection,GDR-BZA-DN,DOWN Line,03:24,04:24,13352,03:19,20702,18:15,894,10,884,60,Satisfied,Permit to Work Required (25kV OHE Disconnection),Available,None,FEASIBLE,Feasible window verified: 03:24–04:24 (60m granted within 894m gap). Previous Train 13352 clears at 03:19 (+5m buffer). Next Train 20702 enters at 18:15 (-5m buffer). Safety buffers and operational dependencies fully satisfied.
REQ-DEMO-0168,ENGINEERING,Ballast maintenance,GDR-BZA-DN,DOWN Line,02:04,05:04,13352,01:59,20702,17:04,903,10,893,180,Satisfied,Granted / Ready,Available,None,FEASIBLE,Feasible window verified: 02:04–05:04 (180m granted within 903m gap). Previous Train 13352 clears at 01:59 (+5m buffer). Next Train 20702 enters at 17:04 (-5m buffer). Safety buffers and operational dependencies fully satisfied.
REQ-DEMO-0169,S_AND_T,Data logger maintenance,BZA-VSKP-DN,DOWN Line,09:58,10:28,13352,09:53,20702,20:15,612,10,602,30,Satisfied,Granted / Ready,Available,None,FEASIBLE,Feasible window verified: 09:58–10:28 (30m granted within 612m gap). Previous Train 13352 clears at 09:53 (+5m buffer). Next Train 20702 enters at 20:15 (-5m buffer). Safety buffers and operational dependencies fully satisfied.
REQ-DEMO-0170,ENGINEERING,Drainage maintenance,VSKP-BZA-UP,UP Line,05:36,07:06,12841,05:31,20834,23:22,1069,10,1059,90,Satisfied,Granted / Ready,Available,None,FEASIBLE,Feasible window verified: 05:36–07:06 (90m granted within 1069m gap). Previous Train 12841 clears at 05:31 (+5m buffer). Next Train 20834 enters at 23:22 (-5m buffer). Safety buffers and operational dependencies fully satisfied.
REQ-DEMO-0171,OHE_TRACTION,Section insulator maintenance,BZA-GDR-UP,UP Line,12:42,14:12,12841,12:37,20834,19:16,394,10,384,90,Satisfied,Permit to Work Required (25kV OHE Disconnection),Available,None,FEASIBLE,Feasible window verified: 12:42–14:12 (90m granted within 394m gap). Previous Train 12841 clears at 12:37 (+5m buffer). Next Train 20834 enters at 19:16 (-5m buffer). Safety buffers and operational dependencies fully satisfied.
REQ-DEMO-0172,OHE_TRACTION,Traction substation maintenance,BZA-GDR-UP,UP Line,11:13,13:13,12841,11:08,20834,19:16,483,10,473,120,Satisfied,Permit to Work Required (25kV OHE Disconnection),Available,None,FEASIBLE,Feasible window verified: 11:13–13:13 (120m granted within 483m gap). Previous Train 12841 clears at 11:08 (+5m buffer). Next Train 20834 enters at 19:16 (-5m buffer). Safety buffers and operational dependencies fully satisfied.
REQ-DEMO-0173,ENGINEERING,Sleeper replacement,BZA-GDR-UP,UP Line,03:45,06:45,12764,03:40,12841,14:10,628,10,618,180,Satisfied,Granted / Ready,Available,None,FEASIBLE,Feasible window verified: 03:45–06:45 (180m granted within 628m gap). Previous Train 12764 clears at 03:40 (+5m buffer). Next Train 12841 enters at 14:10 (-5m buffer). Safety buffers and operational dependencies fully satisfied.
REQ-DEMO-0174,S_AND_T,Point machine maintenance,GNT-TEL,Double Line,15:05,16:28,20834,15:00,20702,16:35,93,10,83,90,Satisfied,Granted / Ready,Available,None,FEASIBLE,Feasible window verified: 15:05–16:28 (83m granted within 93m gap). Previous Train 20834 clears at 15:00 (+5m buffer). Next Train 20702 enters at 16:35 (-5m buffer). Safety buffers and operational dependencies fully satisfied.
REQ-DEMO-0175,OHE_TRACTION,Traction substation maintenance,BZA-VSKP-DN,DOWN Line,06:15,08:15,13352,06:10,20702,20:15,835,10,825,120,Satisfied,Permit to Work Required (25kV OHE Disconnection),Available,None,FEASIBLE,Feasible window verified: 06:15–08:15 (120m granted within 835m gap). Previous Train 13352 clears at 06:10 (+5m buffer). Next Train 20702 enters at 20:15 (-5m buffer). Safety buffers and operational dependencies fully satisfied.
REQ-DEMO-0176,ENGINEERING,Track geometry inspection,BZA-GDR-UP,UP Line,11:13,12:13,12841,11:08,20834,19:16,483,10,473,60,Satisfied,Granted / Ready,Available,None,FEASIBLE,Feasible window verified: 11:13–12:13 (60m granted within 483m gap). Previous Train 12841 clears at 11:08 (+5m buffer). Next Train 20834 enters at 19:16 (-5m buffer). Safety buffers and operational dependencies fully satisfied.
REQ-DEMO-0177,OHE_TRACTION,OHE inspection,BZA-GDR-UP,UP Line,12:42,14:12,12841,12:37,20834,19:16,394,10,384,90,Satisfied,Permit to Work Required (25kV OHE Disconnection),Available,None,FEASIBLE,Feasible window verified: 12:42–14:12 (90m granted within 394m gap). Previous Train 12841 clears at 12:37 (+5m buffer). Next Train 20834 enters at 19:16 (-5m buffer). Safety buffers and operational dependencies fully satisfied.
REQ-DEMO-0178,ENGINEERING,Drainage maintenance,GDR-BZA-DN,DOWN Line,02:04,03:34,13352,01:59,20702,17:04,903,10,893,90,Satisfied,Granted / Ready,Available,None,FEASIBLE,Feasible window verified: 02:04–03:34 (90m granted within 903m gap). Previous Train 13352 clears at 01:59 (+5m buffer). Next Train 20702 enters at 17:04 (-5m buffer). Safety buffers and operational dependencies fully satisfied.
REQ-DEMO-0179,S_AND_T,Data logger maintenance,BZA-GDR-UP,UP Line,14:15,14:45,12841,14:10,20834,19:16,301,10,291,30,Satisfied,Granted / Ready,Available,None,FEASIBLE,Feasible window verified: 14:15–14:45 (30m granted within 301m gap). Previous Train 12841 clears at 14:10 (+5m buffer). Next Train 20834 enters at 19:16 (-5m buffer). Safety buffers and operational dependencies fully satisfied.
REQ-DEMO-0180,OHE_TRACTION,Mast inspection,BZA-GDR-UP,UP Line,11:13,11:58,12841,11:08,20834,19:16,483,10,473,45,Satisfied,Granted / Ready,Available,None,FEASIBLE,Feasible window verified: 11:13–11:58 (45m granted within 483m gap). Previous Train 12841 clears at 11:08 (+5m buffer). Next Train 20834 enters at 19:16 (-5m buffer). Safety buffers and operational dependencies fully satisfied.
