request_id,source,department,request_type,asset_type,location,from_km,to_km,section,line,direction,reported_time,required_duration,minimum_duration,preferred_start,deadline,dependency,isolation_required,required_resource,priority,reason,status,archetype
REQ-DEMO-0001,LOCO_PILOT,ENGINEERING,Rail joint inspection,ENGINEERING Emergency Asset,KVZ (Kavali-Bitragunta),224.0,208.0,BZA-GDR-UP,UP Line,UP,2026-09-27 18:41,45,25,IMMEDIATE (Next Gap),URGENT (< 4 Hours),None (Emergency Priority),False,Emergency Flying Squad,Critical,[DEMO] Unusual hammering sound heard at Rail Joint KM 294/12 - Emergency Block: Weld Hairline Crack Attention,Pending Review,EMERGENCY_BLOCK
REQ-DEMO-0002,LOCO_PILOT,S_AND_T,Point machine maintenance,S_AND_T Emergency Asset,NLR (Nellore-Venkatachalam),174.0,157.0,BZA-GDR-UP,UP Line,UP,2026-09-27 12:47,60,30,IMMEDIATE (Next Gap),URGENT (< 4 Hours),None (Emergency Priority),False,Emergency Flying Squad,Critical,[DEMO] Point No. 24B flashing out of correspondence at Tenali Yard - Emergency Block: Point Machine Obstruction Clearing,Pending Review,EMERGENCY_BLOCK
REQ-DEMO-0003,LOCO_PILOT,OHE_TRACTION,Pantograph/OHE-related defect attention,OHE_TRACTION Emergency Asset,BPP (Bapatla-Chirala),354.0,339.0,BZA-GDR-UP,UP Line,UP,2026-09-27 15:50,45,20,IMMEDIATE (Next Gap),URGENT (< 4 Hours),None (Emergency Priority),True,Emergency Flying Squad,Critical,[DEMO] Heavy sparking and loose steady arm at Mast 576/12 Godavari Bridge - Emergency Block: OHE Steady Arm Immediate Clamping,Pending Review,EMERGENCY_BLOCK
REQ-DEMO-0004,INSPECTION_STAFF,ENGINEERING,Track defect,ENGINEERING Emergency Asset,TEL (Tenali-Duggirala),397.0,407.0,GDR-BZA-DN,DOWN Line,DOWN,2026-09-27 09:07,60,35,IMMEDIATE (Next Gap),URGENT (< 4 Hours),None (Emergency Priority),False,Emergency Flying Squad,Critical,[DEMO] Track buckle alert due to high ambient rail temperature at KM 182 - Emergency Block: Rail De-stressing Attention,Pending Review,EMERGENCY_BLOCK
REQ-DEMO-0005,SYSTEM_GENERATED,S_AND_T,Axle counter maintenance,S_AND_T Emergency Asset,TEL (Tenali-Tsunduru),397.0,385.0,BZA-GDR-UP,UP Line,UP,2026-09-27 13:16,40,20,IMMEDIATE (Next Gap),URGENT (< 4 Hours),None (Emergency Priority),False,Emergency Flying Squad,Critical,[DEMO] MSDAC reset failure on Up line between Eluru and Denduluru - Emergency Block: Axle Counter Sensor Alignment,Pending Review,EMERGENCY_BLOCK
REQ-DEMO-0006,MAINTENANCE_STAFF,ENGINEERING,Track renewal activity,60kg PSC Track Bed,EE (Eluru-Denduluru),488.0,490.5,BZA-VSKP-DN,DOWN Line,DOWN,2026-09-30 10:00,180,120,11:30,2026-10-02,Prerequisite for OHE & S&T Sequential Cluster,True,PQRS Track Layer + CSM Tamper,High,[DEMO] Corrugated rail renewal and heavy ballast screening.,Submitted,SEQUENTIAL_BLOCK
REQ-DEMO-0007,MAINTENANCE_STAFF,OHE_TRACTION,Overhead equipment replacement,25kV Catenary Wire,EE (Eluru-Denduluru),488.0,490.5,BZA-VSKP-DN,DOWN Line,DOWN,2026-09-30 10:00,150,90,12:00,2026-10-02,Requires REQ-DEMO-0006 (Engg Track Disconnection First),True,Tower Wagon + TRD Earthing Gang,High,[DEMO] 25kV OHE isolation and catenary wire height adjustment during track renewal.,Submitted,DEPENDENT_BLOCK
REQ-DEMO-0008,MAINTENANCE_STAFF,S_AND_T,Track circuit inspection,DC Track Circuit Bonds,EE (Eluru-Denduluru),488.0,490.5,BZA-VSKP-DN,DOWN Line,DOWN,2026-09-30 10:00,45,30,14:15,2026-10-02,Requires REQ-DEMO-0006 & REQ-DEMO-0007 Completion,False,Signal Track Team + Megger Tester,High,[DEMO] Reconnecting track circuit bonding jumpers and joint insulation after tamping.,Submitted,SEQUENTIAL_BLOCK
REQ-DEMO-0009,MAINTENANCE_STAFF,ENGINEERING,Track renewal activity,60kg PSC Track Bed,GWM (Gannavaram-Telaprolu),448.0,450.5,BZA-VSKP-DN,DOWN Line,DOWN,2026-09-28 10:00,180,120,11:30,2026-10-02,Prerequisite for OHE & S&T Sequential Cluster,True,PQRS Track Layer + CSM Tamper,High,[DEMO] Corrugated rail renewal and heavy ballast screening.,Submitted,SEQUENTIAL_BLOCK
REQ-DEMO-0010,MAINTENANCE_STAFF,OHE_TRACTION,Overhead equipment replacement,25kV Catenary Wire,GWM (Gannavaram-Telaprolu),448.0,450.5,BZA-VSKP-DN,DOWN Line,DOWN,2026-09-28 10:00,150,90,12:00,2026-10-02,Requires REQ-DEMO-0009 (Engg Track Disconnection First),True,Tower Wagon + TRD Earthing Gang,High,[DEMO] 25kV OHE isolation and catenary wire height adjustment during track renewal.,Submitted,DEPENDENT_BLOCK
REQ-DEMO-0011,MAINTENANCE_STAFF,S_AND_T,Track circuit inspection,DC Track Circuit Bonds,GWM (Gannavaram-Telaprolu),448.0,450.5,BZA-VSKP-DN,DOWN Line,DOWN,2026-09-28 10:00,45,30,14:15,2026-10-02,Requires REQ-DEMO-0009 & REQ-DEMO-0010 Completion,False,Signal Track Team + Megger Tester,High,[DEMO] Reconnecting track circuit bonding jumpers and joint insulation after tamping.,Submitted,SEQUENTIAL_BLOCK
REQ-DEMO-0012,MAINTENANCE_STAFF,ENGINEERING,Track renewal activity,60kg PSC Track Bed,SLO (Samalkot-Pithapuram),628.0,630.5,BZA-VSKP-DN,DOWN Line,DOWN,2026-09-27 08:00,180,120,11:30,2026-10-02,Prerequisite for OHE & S&T Sequential Cluster,True,PQRS Track Layer + CSM Tamper,High,[DEMO] Corrugated rail renewal and heavy ballast screening.,Submitted,SEQUENTIAL_BLOCK
REQ-DEMO-0013,MAINTENANCE_STAFF,OHE_TRACTION,Overhead equipment replacement,25kV Catenary Wire,SLO (Samalkot-Pithapuram),628.0,630.5,BZA-VSKP-DN,DOWN Line,DOWN,2026-09-27 08:00,150,90,12:00,2026-10-02,Requires REQ-DEMO-0012 (Engg Track Disconnection First),True,Tower Wagon + TRD Earthing Gang,High,[DEMO] 25kV OHE isolation and catenary wire height adjustment during track renewal.,Submitted,DEPENDENT_BLOCK
REQ-DEMO-0014,MAINTENANCE_STAFF,S_AND_T,Track circuit inspection,DC Track Circuit Bonds,SLO (Samalkot-Pithapuram),628.0,630.5,BZA-VSKP-DN,DOWN Line,DOWN,2026-09-27 08:00,45,30,14:15,2026-10-02,Requires REQ-DEMO-0012 & REQ-DEMO-0013 Completion,False,Signal Track Team + Megger Tester,High,[DEMO] Reconnecting track circuit bonding jumpers and joint insulation after tamping.,Submitted,SEQUENTIAL_BLOCK
REQ-DEMO-0015,MAINTENANCE_STAFF,ENGINEERING,Track renewal activity,60kg PSC Track Bed,NLR (Nellore-Kodavaluru),174.0,176.5,GDR-BZA-DN,DOWN Line,DOWN,2026-09-28 12:00,180,120,11:30,2026-10-02,Prerequisite for OHE & S&T Sequential Cluster,True,PQRS Track Layer + CSM Tamper,High,[DEMO] Corrugated rail renewal and heavy ballast screening.,Submitted,SEQUENTIAL_BLOCK
REQ-DEMO-0016,MAINTENANCE_STAFF,OHE_TRACTION,Overhead equipment replacement,25kV Catenary Wire,NLR (Nellore-Kodavaluru),174.0,176.5,GDR-BZA-DN,DOWN Line,DOWN,2026-09-28 12:00,150,90,12:00,2026-10-02,Requires REQ-DEMO-0015 (Engg Track Disconnection First),True,Tower Wagon + TRD Earthing Gang,High,[DEMO] 25kV OHE isolation and catenary wire height adjustment during track renewal.,Submitted,DEPENDENT_BLOCK
REQ-DEMO-0017,MAINTENANCE_STAFF,S_AND_T,Track circuit inspection,DC Track Circuit Bonds,NLR (Nellore-Kodavaluru),174.0,176.5,GDR-BZA-DN,DOWN Line,DOWN,2026-09-28 12:00,45,30,14:15,2026-10-02,Requires REQ-DEMO-0015 & REQ-DEMO-0016 Completion,False,Signal Track Team + Megger Tester,High,[DEMO] Reconnecting track circuit bonding jumpers and joint insulation after tamping.,Submitted,SEQUENTIAL_BLOCK
REQ-DEMO-0018,MAINTENANCE_STAFF,ENGINEERING,Track renewal activity,60kg PSC Track Bed,DVD (Duvvada-Anakapalle),761.0,763.5,VSKP-BZA-UP,UP Line,UP,2026-09-27 09:00,180,120,11:30,2026-10-02,Prerequisite for OHE & S&T Sequential Cluster,True,PQRS Track Layer + CSM Tamper,High,[DEMO] Corrugated rail renewal and heavy ballast screening.,Submitted,SEQUENTIAL_BLOCK
REQ-DEMO-0019,MAINTENANCE_STAFF,OHE_TRACTION,Overhead equipment replacement,25kV Catenary Wire,DVD (Duvvada-Anakapalle),761.0,763.5,VSKP-BZA-UP,UP Line,UP,2026-09-27 09:00,150,90,12:00,2026-10-02,Requires REQ-DEMO-0018 (Engg Track Disconnection First),True,Tower Wagon + TRD Earthing Gang,High,[DEMO] 25kV OHE isolation and catenary wire height adjustment during track renewal.,Submitted,DEPENDENT_BLOCK
REQ-DEMO-0020,MAINTENANCE_STAFF,S_AND_T,Track circuit inspection,DC Track Circuit Bonds,DVD (Duvvada-Anakapalle),761.0,763.5,VSKP-BZA-UP,UP Line,UP,2026-09-27 09:00,45,30,14:15,2026-10-02,Requires REQ-DEMO-0018 & REQ-DEMO-0019 Completion,False,Signal Track Team + Megger Tester,High,[DEMO] Reconnecting track circuit bonding jumpers and joint insulation after tamping.,Submitted,SEQUENTIAL_BLOCK
REQ-DEMO-0021,MAINTENANCE_STAFF,ENGINEERING,Track renewal activity,60kg PSC Track Bed,SKM (Singarayakonda-Tanguturu),262.0,264.5,GDR-BZA-DN,DOWN Line,DOWN,2026-09-29 10:00,180,120,11:30,2026-10-02,Prerequisite for OHE & S&T Sequential Cluster,True,PQRS Track Layer + CSM Tamper,High,[DEMO] Corrugated rail renewal and heavy ballast screening.,Submitted,SEQUENTIAL_BLOCK
REQ-DEMO-0022,MAINTENANCE_STAFF,OHE_TRACTION,Overhead equipment replacement,25kV Catenary Wire,SKM (Singarayakonda-Tanguturu),262.0,264.5,GDR-BZA-DN,DOWN Line,DOWN,2026-09-29 10:00,150,90,12:00,2026-10-02,Requires REQ-DEMO-0021 (Engg Track Disconnection First),True,Tower Wagon + TRD Earthing Gang,High,[DEMO] 25kV OHE isolation and catenary wire height adjustment during track renewal.,Submitted,DEPENDENT_BLOCK
REQ-DEMO-0023,MAINTENANCE_STAFF,S_AND_T,Track circuit inspection,DC Track Circuit Bonds,SKM (Singarayakonda-Tanguturu),262.0,264.5,GDR-BZA-DN,DOWN Line,DOWN,2026-09-29 10:00,45,30,14:15,2026-10-02,Requires REQ-DEMO-0021 & REQ-DEMO-0022 Completion,False,Signal Track Team + Megger Tester,High,[DEMO] Reconnecting track circuit bonding jumpers and joint insulation after tamping.,Submitted,SEQUENTIAL_BLOCK
REQ-DEMO-0024,MAINTENANCE_STAFF,ENGINEERING,Track renewal activity,60kg PSC Track Bed,TDD (Tadepalligudem-Navabpalem),536.0,538.5,BZA-VSKP-DN,DOWN Line,DOWN,2026-09-29 08:00,180,120,11:30,2026-10-02,Prerequisite for OHE & S&T Sequential Cluster,True,PQRS Track Layer + CSM Tamper,High,[DEMO] Corrugated rail renewal and heavy ballast screening.,Submitted,SEQUENTIAL_BLOCK
REQ-DEMO-0025,MAINTENANCE_STAFF,OHE_TRACTION,Overhead equipment replacement,25kV Catenary Wire,TDD (Tadepalligudem-Navabpalem),536.0,538.5,BZA-VSKP-DN,DOWN Line,DOWN,2026-09-29 08:00,150,90,12:00,2026-10-02,Requires REQ-DEMO-0024 (Engg Track Disconnection First),True,Tower Wagon + TRD Earthing Gang,High,[DEMO] 25kV OHE isolation and catenary wire height adjustment during track renewal.,Submitted,DEPENDENT_BLOCK
REQ-DEMO-0026,MAINTENANCE_STAFF,S_AND_T,Track circuit inspection,DC Track Circuit Bonds,TDD (Tadepalligudem-Navabpalem),536.0,538.5,BZA-VSKP-DN,DOWN Line,DOWN,2026-09-29 08:00,45,30,14:15,2026-10-02,Requires REQ-DEMO-0024 & REQ-DEMO-0025 Completion,False,Signal Track Team + Megger Tester,High,[DEMO] Reconnecting track circuit bonding jumpers and joint insulation after tamping.,Submitted,SEQUENTIAL_BLOCK
REQ-DEMO-0027,MAINTENANCE_STAFF,ENGINEERING,Track renewal activity,60kg PSC Track Bed,NLR (Nellore-Kodavaluru),174.0,176.5,GDR-BZA-DN,DOWN Line,DOWN,2026-09-28 08:00,180,120,11:30,2026-10-02,Prerequisite for OHE & S&T Sequential Cluster,True,PQRS Track Layer + CSM Tamper,High,[DEMO] Corrugated rail renewal and heavy ballast screening.,Submitted,SEQUENTIAL_BLOCK
REQ-DEMO-0028,MAINTENANCE_STAFF,OHE_TRACTION,Overhead equipment replacement,25kV Catenary Wire,NLR (Nellore-Kodavaluru),174.0,176.5,GDR-BZA-DN,DOWN Line,DOWN,2026-09-28 08:00,150,90,12:00,2026-10-02,Requires REQ-DEMO-0027 (Engg Track Disconnection First),True,Tower Wagon + TRD Earthing Gang,High,[DEMO] 25kV OHE isolation and catenary wire height adjustment during track renewal.,Submitted,DEPENDENT_BLOCK
REQ-DEMO-0029,MAINTENANCE_STAFF,S_AND_T,Track circuit inspection,DC Track Circuit Bonds,NLR (Nellore-Kodavaluru),174.0,176.5,GDR-BZA-DN,DOWN Line,DOWN,2026-09-28 08:00,45,30,14:15,2026-10-02,Requires REQ-DEMO-0027 & REQ-DEMO-0028 Completion,False,Signal Track Team + Megger Tester,High,[DEMO] Reconnecting track circuit bonding jumpers and joint insulation after tamping.,Submitted,SEQUENTIAL_BLOCK
REQ-DEMO-0030,MAINTENANCE_STAFF,ENGINEERING,Track renewal activity,60kg PSC Track Bed,TUNI (Tuni-Annavaram),681.0,683.5,VSKP-BZA-UP,UP Line,UP,2026-09-27 08:00,180,120,11:30,2026-10-02,Prerequisite for OHE & S&T Sequential Cluster,True,PQRS Track Layer + CSM Tamper,High,[DEMO] Corrugated rail renewal and heavy ballast screening.,Submitted,SEQUENTIAL_BLOCK
REQ-DEMO-0031,MAINTENANCE_STAFF,OHE_TRACTION,Overhead equipment replacement,25kV Catenary Wire,TUNI (Tuni-Annavaram),681.0,683.5,VSKP-BZA-UP,UP Line,UP,2026-09-27 08:00,150,90,12:00,2026-10-02,Requires REQ-DEMO-0030 (Engg Track Disconnection First),True,Tower Wagon + TRD Earthing Gang,High,[DEMO] 25kV OHE isolation and catenary wire height adjustment during track renewal.,Submitted,DEPENDENT_BLOCK
REQ-DEMO-0032,MAINTENANCE_STAFF,S_AND_T,Track circuit inspection,DC Track Circuit Bonds,TUNI (Tuni-Annavaram),681.0,683.5,VSKP-BZA-UP,UP Line,UP,2026-09-27 08:00,45,30,14:15,2026-10-02,Requires REQ-DEMO-0030 & REQ-DEMO-0031 Completion,False,Signal Track Team + Megger Tester,High,[DEMO] Reconnecting track circuit bonding jumpers and joint insulation after tamping.,Submitted,SEQUENTIAL_BLOCK
REQ-DEMO-0033,MAINTENANCE_STAFF,ENGINEERING,Track renewal activity,60kg PSC Track Bed,DVD (Duvvada-Visakhapatnam),761.0,763.5,BZA-VSKP-DN,DOWN Line,DOWN,2026-09-29 11:00,180,120,11:30,2026-10-02,Prerequisite for OHE & S&T Sequential Cluster,True,PQRS Track Layer + CSM Tamper,High,[DEMO] Corrugated rail renewal and heavy ballast screening.,Submitted,SEQUENTIAL_BLOCK
REQ-DEMO-0034,MAINTENANCE_STAFF,OHE_TRACTION,Overhead equipment replacement,25kV Catenary Wire,DVD (Duvvada-Visakhapatnam),761.0,763.5,BZA-VSKP-DN,DOWN Line,DOWN,2026-09-29 11:00,150,90,12:00,2026-10-02,Requires REQ-DEMO-0033 (Engg Track Disconnection First),True,Tower Wagon + TRD Earthing Gang,High,[DEMO] 25kV OHE isolation and catenary wire height adjustment during track renewal.,Submitted,DEPENDENT_BLOCK
REQ-DEMO-0035,MAINTENANCE_STAFF,S_AND_T,Track circuit inspection,DC Track Circuit Bonds,DVD (Duvvada-Visakhapatnam),761.0,763.5,BZA-VSKP-DN,DOWN Line,DOWN,2026-09-29 11:00,45,30,14:15,2026-10-02,Requires REQ-DEMO-0033 & REQ-DEMO-0034 Completion,False,Signal Track Team + Megger Tester,High,[DEMO] Reconnecting track circuit bonding jumpers and joint insulation after tamping.,Submitted,SEQUENTIAL_BLOCK
REQ-DEMO-0036,MAINTENANCE_STAFF,ENGINEERING,Track renewal activity,60kg PSC Track Bed,RJY (Rajahmundry-Kovvuru),578.0,580.5,VSKP-BZA-UP,UP Line,UP,2026-09-30 09:00,180,120,11:30,2026-10-02,Prerequisite for OHE & S&T Sequential Cluster,True,PQRS Track Layer + CSM Tamper,High,[DEMO] Corrugated rail renewal and heavy ballast screening.,Submitted,SEQUENTIAL_BLOCK
REQ-DEMO-0037,MAINTENANCE_STAFF,OHE_TRACTION,Overhead equipment replacement,25kV Catenary Wire,RJY (Rajahmundry-Kovvuru),578.0,580.5,VSKP-BZA-UP,UP Line,UP,2026-09-30 09:00,150,90,12:00,2026-10-02,Requires REQ-DEMO-0036 (Engg Track Disconnection First),True,Tower Wagon + TRD Earthing Gang,High,[DEMO] 25kV OHE isolation and catenary wire height adjustment during track renewal.,Submitted,DEPENDENT_BLOCK
REQ-DEMO-0038,MAINTENANCE_STAFF,S_AND_T,Track circuit inspection,DC Track Circuit Bonds,RJY (Rajahmundry-Kovvuru),578.0,580.5,VSKP-BZA-UP,UP Line,UP,2026-09-30 09:00,45,30,14:15,2026-10-02,Requires REQ-DEMO-0036 & REQ-DEMO-0037 Completion,False,Signal Track Team + Megger Tester,High,[DEMO] Reconnecting track circuit bonding jumpers and joint insulation after tamping.,Submitted,SEQUENTIAL_BLOCK
REQ-DEMO-0039,MAINTENANCE_STAFF,ENGINEERING,Track renewal activity,60kg PSC Track Bed,RJY (Rajahmundry-Kovvuru),578.0,580.5,VSKP-BZA-UP,UP Line,UP,2026-09-27 10:00,180,120,11:30,2026-10-02,Prerequisite for OHE & S&T Sequential Cluster,True,PQRS Track Layer + CSM Tamper,High,[DEMO] Corrugated rail renewal and heavy ballast screening.,Submitted,SEQUENTIAL_BLOCK
REQ-DEMO-0040,MAINTENANCE_STAFF,OHE_TRACTION,Overhead equipment replacement,25kV Catenary Wire,RJY (Rajahmundry-Kovvuru),578.0,580.5,VSKP-BZA-UP,UP Line,UP,2026-09-27 10:00,150,90,12:00,2026-10-02,Requires REQ-DEMO-0039 (Engg Track Disconnection First),True,Tower Wagon + TRD Earthing Gang,High,[DEMO] 25kV OHE isolation and catenary wire height adjustment during track renewal.,Submitted,DEPENDENT_BLOCK
REQ-DEMO-0041,MAINTENANCE_STAFF,S_AND_T,Track circuit inspection,DC Track Circuit Bonds,RJY (Rajahmundry-Kovvuru),578.0,580.5,VSKP-BZA-UP,UP Line,UP,2026-09-27 10:00,45,30,14:15,2026-10-02,Requires REQ-DEMO-0039 & REQ-DEMO-0040 Completion,False,Signal Track Team + Megger Tester,High,[DEMO] Reconnecting track circuit bonding jumpers and joint insulation after tamping.,Submitted,SEQUENTIAL_BLOCK
REQ-DEMO-0042,SYSTEM_GENERATED,S_AND_T,Axle counter maintenance,High-Availability Axle Counters (MSDAC),TEL (Tenali-Tsunduru),397.0,385.0,BZA-GDR-UP,UP Line,UP,2026-07-24 00:00,60,30,Night Corridor (01:00 - 04:00),2026-09-17,None,False,S&T Technical Team,Critical,[DEMO] OVERDUE by 18 days. Mandatory statutory maintenance exceeded due date.,Overdue Pending,OVERDUE_BLOCK
REQ-DEMO-0043,SYSTEM_GENERATED,S_AND_T,Track circuit inspection,DC Track Circuit / Audio Frequency TC,OGL (Ongole-Surareddipalem),290.0,280.0,BZA-GDR-UP,UP Line,UP,2026-07-09 00:00,60,40,Night Corridor (01:00 - 04:00),2026-08-17,None,False,S&T Inspection Team,Critical,[DEMO] OVERDUE by 25 days. Mandatory statutory maintenance exceeded due date.,Overdue Pending,OVERDUE_BLOCK
REQ-DEMO-0044,SYSTEM_GENERATED,S_AND_T,Axle counter maintenance,High-Availability Axle Counters (MSDAC),CLX (Chirala-Bapatla),339.0,354.0,GDR-BZA-DN,DOWN Line,DOWN,2026-08-06 00:00,60,30,Night Corridor (01:00 - 04:00),2026-09-04,None,False,S&T Technical Team,Critical,[DEMO] OVERDUE by 33 days. Mandatory statutory maintenance exceeded due date.,Overdue Pending,OVERDUE_BLOCK
REQ-DEMO-0045,SYSTEM_GENERATED,ENGINEERING,Ballast maintenance,Ballast Bed,GNT (Guntur-Tenali Chord),0.0,25.4,GNT-TEL,Double Line,BIDIRECTIONAL,2026-08-07 00:00,180,120,Night Corridor (01:00 - 04:00),2026-09-16,None,False,BCM Deep Screening Machine,Critical,[DEMO] OVERDUE by 8 days. Mandatory statutory maintenance exceeded due date.,Overdue Pending,OVERDUE_BLOCK
REQ-DEMO-0046,SYSTEM_GENERATED,OHE_TRACTION,Isolator maintenance,Sectional Isolator Switches,NLR (Nellore-Kodavaluru),174.0,185.0,GDR-BZA-DN,DOWN Line,DOWN,2026-08-08 00:00,60,45,Night Corridor (01:00 - 04:00),2026-08-29,None,True,TRD Maintenance Team,Critical,[DEMO] OVERDUE by 21 days. Mandatory statutory maintenance exceeded due date.,Overdue Pending,OVERDUE_BLOCK
REQ-DEMO-0047,SYSTEM_GENERATED,ENGINEERING,Track tamping,Track Geometry / Ballast,NLR (Nellore-Kodavaluru),174.0,185.0,GDR-BZA-DN,DOWN Line,DOWN,2026-07-26 00:00,120,75,Night Corridor (01:00 - 04:00),2026-09-02,None,False,CSM Tamping Machine + Trackman Gang,Critical,[DEMO] OVERDUE by 19 days. Mandatory statutory maintenance exceeded due date.,Overdue Pending,OVERDUE_BLOCK
REQ-DEMO-0048,SYSTEM_GENERATED,ENGINEERING,Bridge inspection,Girder / Substructure,RJY (Rajahmundry-Kovvuru),578.0,570.0,VSKP-BZA-UP,UP Line,UP,2026-08-01 00:00,60,40,Night Corridor (01:00 - 04:00),2026-09-07,None,False,Bridge Inspection Unit + SSE/Bridges,Critical,[DEMO] OVERDUE by 30 days. Mandatory statutory maintenance exceeded due date.,Overdue Pending,OVERDUE_BLOCK
REQ-DEMO-0049,SYSTEM_GENERATED,ENGINEERING,Rail joint inspection,Fishplated / Welded Joints,TDD (Tadepalligudem-Navabpalem),536.0,545.0,BZA-VSKP-DN,DOWN Line,DOWN,2026-07-17 00:00,45,30,Night Corridor (01:00 - 04:00),2026-09-01,None,False,USFD Testing Team,Critical,[DEMO] OVERDUE by 28 days. Mandatory statutory maintenance exceeded due date.,Overdue Pending,OVERDUE_BLOCK
REQ-DEMO-0050,SYSTEM_GENERATED,ENGINEERING,Sleeper replacement,PSC Sleepers,EE (Eluru-Vatlur),488.0,479.0,VSKP-BZA-UP,UP Line,UP,2026-08-05 00:00,180,120,Night Corridor (01:00 - 04:00),2026-09-18,None,False,T-28 Machine Gang,Critical,[DEMO] OVERDUE by 16 days. Mandatory statutory maintenance exceeded due date.,Overdue Pending,OVERDUE_BLOCK
REQ-DEMO-0051,SYSTEM_GENERATED,OHE_TRACTION,Isolator maintenance,Sectional Isolator Switches,NDD (Nidadavolu-Chagallu),555.0,564.0,BZA-VSKP-DN,DOWN Line,DOWN,2026-07-15 00:00,60,45,Night Corridor (01:00 - 04:00),2026-08-29,None,True,TRD Maintenance Team,Critical,[DEMO] OVERDUE by 31 days. Mandatory statutory maintenance exceeded due date.,Overdue Pending,OVERDUE_BLOCK
REQ-DEMO-0052,SYSTEM_GENERATED,S_AND_T,Automatic signalling equipment maintenance,Automatic Signal Hut Relay Racks,SLO (Samalkot-Pithapuram),628.0,640.0,BZA-VSKP-DN,DOWN Line,DOWN,2026-07-04 00:00,90,60,Night Corridor (01:00 - 04:00),2026-09-09,None,False,Automatic Block Maintenance Crew,Critical,[DEMO] OVERDUE by 31 days. Mandatory statutory maintenance exceeded due date.,Overdue Pending,OVERDUE_BLOCK
REQ-DEMO-0053,SYSTEM_GENERATED,OHE_TRACTION,Mast inspection,OHE Traction Masts & Portals,GDV (Gudivada-Machilipatnam Branch),0.0,36.7,GDV-MTM,Single Line,BIDIRECTIONAL,2026-07-25 00:00,45,30,Night Corridor (01:00 - 04:00),2026-08-14,None,False,TRD Ground Inspection Team,Critical,[DEMO] OVERDUE by 17 days. Mandatory statutory maintenance exceeded due date.,Overdue Pending,OVERDUE_BLOCK
REQ-DEMO-0054,SYSTEM_GENERATED,S_AND_T,Data logger maintenance,Station Solid State Data Logger,SKM (Singarayakonda-Tanguturu),262.0,272.0,GDR-BZA-DN,DOWN Line,DOWN,2026-07-05 00:00,30,20,Night Corridor (01:00 - 04:00),2026-08-24,None,False,S&T Telecom Maintainer,Critical,[DEMO] OVERDUE by 13 days. Mandatory statutory maintenance exceeded due date.,Overdue Pending,OVERDUE_BLOCK
REQ-DEMO-0055,SYSTEM_GENERATED,ENGINEERING,Bridge inspection,Girder / Substructure,CLX (Chirala-Bapatla),339.0,354.0,GDR-BZA-DN,DOWN Line,DOWN,2026-07-20 00:00,60,40,Night Corridor (01:00 - 04:00),2026-08-24,None,False,Bridge Inspection Unit + SSE/Bridges,Critical,[DEMO] OVERDUE by 33 days. Mandatory statutory maintenance exceeded due date.,Overdue Pending,OVERDUE_BLOCK
REQ-DEMO-0056,SYSTEM_GENERATED,S_AND_T,Point machine maintenance,Electric Point Machine (IRS-500),RJY (Rajahmundry-Kadiyam (Godavari Br.)),578.0,588.0,BZA-VSKP-DN,DOWN Line,DOWN,2026-07-16 00:00,90,60,Night Corridor (01:00 - 04:00),2026-09-02,None,False,SSE/Signal + Points Gang,Critical,[DEMO] OVERDUE by 19 days. Mandatory statutory maintenance exceeded due date.,Overdue Pending,OVERDUE_BLOCK
REQ-DEMO-0057,SYSTEM_GENERATED,OHE_TRACTION,Section insulator maintenance,Section Insulators / Neutral Section,NLR (Nellore-Kodavaluru),174.0,185.0,GDR-BZA-DN,DOWN Line,DOWN,2026-07-16 00:00,90,60,Night Corridor (01:00 - 04:00),2026-09-07,None,True,Tower Car + TRD In-charge,Critical,[DEMO] OVERDUE by 34 days. Mandatory statutory maintenance exceeded due date.,Overdue Pending,OVERDUE_BLOCK
REQ-DEMO-0058,SYSTEM_GENERATED,ENGINEERING,Ballast maintenance,Ballast Bed,TUNI (Tuni-Annavaram),681.0,665.0,VSKP-BZA-UP,UP Line,UP,2026-07-23 00:00,180,120,Night Corridor (01:00 - 04:00),2026-09-09,None,False,BCM Deep Screening Machine,Critical,[DEMO] OVERDUE by 5 days. Mandatory statutory maintenance exceeded due date.,Overdue Pending,OVERDUE_BLOCK
REQ-DEMO-0059,SYSTEM_GENERATED,OHE_TRACTION,Contact wire inspection,Contact Wire Wear & Stagger,NLR (Nellore-Venkatachalam),174.0,157.0,BZA-GDR-UP,UP Line,UP,2026-07-04 00:00,60,40,Night Corridor (01:00 - 04:00),2026-09-13,None,True,Tower Wagon Laser Profiler,Critical,[DEMO] OVERDUE by 38 days. Mandatory statutory maintenance exceeded due date.,Overdue Pending,OVERDUE_BLOCK
REQ-DEMO-0060,SYSTEM_GENERATED,S_AND_T,Interlocking equipment inspection,Electronic Interlocking (EI) Panel,AKP (Anakapalle-Thadi),745.0,752.0,BZA-VSKP-DN,DOWN Line,DOWN,2026-07-23 00:00,60,40,Night Corridor (01:00 - 04:00),2026-09-24,None,False,EI Specialist Engineer,Critical,[DEMO] OVERDUE by 24 days. Mandatory statutory maintenance exceeded due date.,Overdue Pending,OVERDUE_BLOCK
REQ-DEMO-0061,SYSTEM_GENERATED,S_AND_T,Signal cable maintenance,Underground Signalling Cable / OFC,SLO (Samalkot-Bikkavolu),628.0,611.0,VSKP-BZA-UP,UP Line,UP,2026-07-31 00:00,120,60,Night Corridor (01:00 - 04:00),2026-09-10,None,False,S&T Cable Jointing Team,Critical,[DEMO] OVERDUE by 6 days. Mandatory statutory maintenance exceeded due date.,Overdue Pending,OVERDUE_BLOCK
REQ-DEMO-0062,MAINTENANCE_STAFF,S_AND_T,Interlocking equipment inspection,Electronic Interlocking (EI) Panel,TEL (Tenali-Tsunduru),397.0,385.0,BZA-GDR-UP,UP Line,UP,2026-09-27 09:00,300,240,01:30,2026-09-29,None,False,EI Specialist Engineer,Low,[DEMO] Heavy overhaul requiring 5-hour continuous slot during peak Vande Bharat / Express window (Infeasible).,Submitted,IMPOSSIBLE_WINDOW
REQ-DEMO-0063,MAINTENANCE_STAFF,S_AND_T,Axle counter maintenance,High-Availability Axle Counters (MSDAC),OGL (Ongole-Surareddipalem),290.0,280.0,BZA-GDR-UP,UP Line,UP,2026-09-27 09:00,300,240,01:30,2026-09-29,None,False,S&T Technical Team,Low,[DEMO] Heavy overhaul requiring 5-hour continuous slot during peak Vande Bharat / Express window (Infeasible).,Submitted,IMPOSSIBLE_WINDOW
REQ-DEMO-0064,MAINTENANCE_STAFF,S_AND_T,Track circuit inspection,DC Track Circuit / Audio Frequency TC,AKP (Anakapalle-Thadi),745.0,752.0,BZA-VSKP-DN,DOWN Line,DOWN,2026-09-27 09:00,300,240,01:30,2026-09-29,None,False,S&T Inspection Team,Low,[DEMO] Heavy overhaul requiring 5-hour continuous slot during peak Vande Bharat / Express window (Infeasible).,Submitted,IMPOSSIBLE_WINDOW
REQ-DEMO-0065,MAINTENANCE_STAFF,ENGINEERING,Rail joint inspection,Fishplated / Welded Joints,EE (Eluru-Denduluru),488.0,498.0,BZA-VSKP-DN,DOWN Line,DOWN,2026-09-27 09:00,300,240,01:30,2026-09-29,None,False,USFD Testing Team,Low,[DEMO] Heavy overhaul requiring 5-hour continuous slot during peak Vande Bharat / Express window (Infeasible).,Submitted,IMPOSSIBLE_WINDOW
REQ-DEMO-0066,MAINTENANCE_STAFF,S_AND_T,Point machine maintenance,Electric Point Machine (IRS-500),CLX (Chirala-Bapatla),339.0,354.0,GDR-BZA-DN,DOWN Line,DOWN,2026-09-27 09:00,300,240,01:30,2026-09-29,None,False,SSE/Signal + Points Gang,Low,[DEMO] Heavy overhaul requiring 5-hour continuous slot during peak Vande Bharat / Express window (Infeasible).,Submitted,IMPOSSIBLE_WINDOW
REQ-DEMO-0067,MAINTENANCE_STAFF,S_AND_T,Track circuit inspection,DC Track Circuit / Audio Frequency TC,BZA (Vijayawada-Krishna Canal),428.0,423.0,BZA-GDR-UP,UP Line,UP,2026-09-27 09:00,300,240,01:30,2026-09-29,None,False,S&T Inspection Team,Low,[DEMO] Heavy overhaul requiring 5-hour continuous slot during peak Vande Bharat / Express window (Infeasible).,Submitted,IMPOSSIBLE_WINDOW
REQ-DEMO-0068,MAINTENANCE_STAFF,OHE_TRACTION,OHE maintenance,Cantilever & Dropper Assembly,AKP (Anakapalle-Thadi),745.0,752.0,BZA-VSKP-DN,DOWN Line,DOWN,2026-09-27 09:00,300,240,01:30,2026-09-29,None,True,Tower Car + Ladder Gang,Low,[DEMO] Heavy overhaul requiring 5-hour continuous slot during peak Vande Bharat / Express window (Infeasible).,Submitted,IMPOSSIBLE_WINDOW
REQ-DEMO-0069,MAINTENANCE_STAFF,ENGINEERING,Level crossing maintenance,LC Gate Track & Check Rails,GNT (Guntur-Tenali Chord),0.0,25.4,GNT-TEL,Double Line,BIDIRECTIONAL,2026-09-27 09:00,300,240,01:30,2026-09-29,None,False,P-Way Gang + Gateman Assistance,Low,[DEMO] Heavy overhaul requiring 5-hour continuous slot during peak Vande Bharat / Express window (Infeasible).,Submitted,IMPOSSIBLE_WINDOW
REQ-DEMO-0070,MAINTENANCE_STAFF,ENGINEERING,Track tamping,Track Geometry / Ballast,AKP (Anakapalle-Thadi),745.0,752.0,BZA-VSKP-DN,DOWN Line,DOWN,2026-09-27 09:00,300,240,01:30,2026-09-29,None,False,CSM Tamping Machine + Trackman Gang,Low,[DEMO] Heavy overhaul requiring 5-hour continuous slot during peak Vande Bharat / Express window (Infeasible).,Submitted,IMPOSSIBLE_WINDOW
REQ-DEMO-0071,MAINTENANCE_STAFF,OHE_TRACTION,Overhead equipment replacement,Contact Wire / Bracket,TUNI (Tuni-Gullipadu),681.0,693.0,BZA-VSKP-DN,DOWN Line,DOWN,2026-09-27 09:00,300,240,01:30,2026-09-29,None,True,Wiring Train + TRD Crew,Low,[DEMO] Heavy overhaul requiring 5-hour continuous slot during peak Vande Bharat / Express window (Infeasible).,Submitted,IMPOSSIBLE_WINDOW
REQ-DEMO-0072,MAINTENANCE_STAFF,ENGINEERING,Rail grinding,Rail Head Profile,TDD (Tadepalligudem-Navabpalem),536.0,545.0,BZA-VSKP-DN,DOWN Line,DOWN,2026-09-27 11:00,150,90,16:15,2026-10-05,None (Independent),False,Rail Grinding Machine (RGM),Medium,[DEMO] Routine planned maintenance for Rail Head Profile as per annual schedule.,Submitted,INDEPENDENT_BLOCK
REQ-DEMO-0073,LOCO_PILOT,S_AND_T,Data logger maintenance,Station Solid State Data Logger,KCC (Krishna Canal-Vijayawada),423.0,428.0,GDR-BZA-DN,DOWN Line,DOWN,2026-09-27 11:00,30,20,11:30,2026-10-06,None (Independent),False,S&T Telecom Maintainer,Low,[DEMO] Routine planned maintenance for Station Solid State Data Logger as per annual schedule.,Submitted,INDEPENDENT_BLOCK
REQ-DEMO-0074,SYSTEM_GENERATED,OHE_TRACTION,Isolator maintenance,Sectional Isolator Switches,SLO (Samalkot-Bikkavolu),628.0,611.0,VSKP-BZA-UP,UP Line,UP,2026-09-30 09:00,60,45,02:30,2026-10-03,None (Independent),True,TRD Maintenance Team,Medium,[DEMO] Routine planned maintenance for Sectional Isolator Switches as per annual schedule.,Submitted,INDEPENDENT_BLOCK
REQ-DEMO-0075,INSPECTION_STAFF,OHE_TRACTION,Mast inspection,OHE Traction Masts & Portals,SLO (Samalkot-Pithapuram),628.0,640.0,BZA-VSKP-DN,DOWN Line,DOWN,2026-09-28 19:00,45,30,16:15,2026-10-06,None (Independent),False,TRD Ground Inspection Team,Low,[DEMO] Routine planned maintenance for OHE Traction Masts & Portals as per annual schedule.,Submitted,INDEPENDENT_BLOCK
REQ-DEMO-0076,MAINTENANCE_STAFF,ENGINEERING,Ballast maintenance,Ballast Bed,RJY (Rajahmundry-Kovvuru),578.0,570.0,VSKP-BZA-UP,UP Line,UP,2026-09-29 14:00,180,120,13:00,2026-10-01,None (Independent),False,BCM Deep Screening Machine,Medium,[DEMO] Routine planned maintenance for Ballast Bed as per annual schedule.,Submitted,INDEPENDENT_BLOCK
REQ-DEMO-0077,MAINTENANCE_STAFF,OHE_TRACTION,Contact wire inspection,Contact Wire Wear & Stagger,EE (Eluru-Denduluru),488.0,498.0,BZA-VSKP-DN,DOWN Line,DOWN,2026-09-29 08:00,60,40,23:45,2026-09-30,None (Independent),True,Tower Wagon Laser Profiler,Medium,[DEMO] Routine planned maintenance for Contact Wire Wear & Stagger as per annual schedule.,Submitted,INDEPENDENT_BLOCK
REQ-DEMO-0078,MAINTENANCE_STAFF,S_AND_T,Automatic signalling equipment maintenance,Automatic Signal Hut Relay Racks,BTTR (Bitragunta-Kavali),208.0,224.0,GDR-BZA-DN,DOWN Line,DOWN,2026-09-29 09:00,90,60,23:45,2026-10-08,None (Independent),False,Automatic Block Maintenance Crew,High,[DEMO] Routine planned maintenance for Automatic Signal Hut Relay Racks as per annual schedule.,Submitted,INDEPENDENT_BLOCK
REQ-DEMO-0079,INSPECTION_STAFF,ENGINEERING,Track renewal activity,Rails & Sleepers (TSR/CTR),TEL (Tenali-Tsunduru),397.0,385.0,BZA-GDR-UP,UP Line,UP,2026-09-29 08:00,240,180,16:15,2026-09-30,None (Independent),False,PQRS Portal Crane + DMT Rake,Critical,[DEMO] Routine planned maintenance for Rails & Sleepers (TSR/CTR) as per annual schedule.,Submitted,INDEPENDENT_BLOCK
REQ-DEMO-0080,INSPECTION_STAFF,OHE_TRACTION,Traction substation maintenance,25kV TSS Transformer / CB,OGL (Ongole-Ammanabrolu),290.0,305.0,GDR-BZA-DN,DOWN Line,DOWN,2026-09-29 16:00,120,90,16:15,2026-10-10,None (Independent),True,Substation Electrical Officers,Critical,[DEMO] Routine planned maintenance for 25kV TSS Transformer / CB as per annual schedule.,Submitted,INDEPENDENT_BLOCK
REQ-DEMO-0081,INSPECTION_STAFF,S_AND_T,Axle counter maintenance,High-Availability Axle Counters (MSDAC),RJY (Rajahmundry-Kadiyam (Godavari Br.)),578.0,588.0,BZA-VSKP-DN,DOWN Line,DOWN,2026-10-01 09:00,60,30,16:15,2026-10-08,None (Independent),False,S&T Technical Team,High,[DEMO] Routine planned maintenance for High-Availability Axle Counters (MSDAC) as per annual schedule.,Submitted,INDEPENDENT_BLOCK
REQ-DEMO-0082,LOCO_PILOT,ENGINEERING,Rail grinding,Rail Head Profile,TEL (Tenali-Duggirala),397.0,407.0,GDR-BZA-DN,DOWN Line,DOWN,2026-10-01 09:00,150,90,13:00,2026-10-04,None (Independent),False,Rail Grinding Machine (RGM),Medium,[DEMO] Routine planned maintenance for Rail Head Profile as per annual schedule.,Submitted,INDEPENDENT_BLOCK
REQ-DEMO-0083,SYSTEM_GENERATED,OHE_TRACTION,Section insulator maintenance,Section Insulators / Neutral Section,GDV (Gudivada-Machilipatnam Branch),0.0,36.7,GDV-MTM,Single Line,BIDIRECTIONAL,2026-09-30 16:00,90,60,11:30,2026-10-08,None (Independent),True,Tower Car + TRD In-charge,High,[DEMO] Routine planned maintenance for Section Insulators / Neutral Section as per annual schedule.,Submitted,INDEPENDENT_BLOCK
REQ-DEMO-0084,LOCO_PILOT,ENGINEERING,Track renewal activity,Rails & Sleepers (TSR/CTR),RJY (Rajahmundry-Kadiyam (Godavari Br.)),578.0,588.0,BZA-VSKP-DN,DOWN Line,DOWN,2026-10-01 10:00,240,180,13:00,2026-10-05,None (Independent),False,PQRS Portal Crane + DMT Rake,Critical,[DEMO] Routine planned maintenance for Rails & Sleepers (TSR/CTR) as per annual schedule.,Submitted,INDEPENDENT_BLOCK
REQ-DEMO-0085,MAINTENANCE_STAFF,S_AND_T,Point machine maintenance,Electric Point Machine (IRS-500),NLR (Nellore-Venkatachalam),174.0,157.0,BZA-GDR-UP,UP Line,UP,2026-09-29 13:00,90,60,16:15,2026-09-30,None (Independent),False,SSE/Signal + Points Gang,Critical,[DEMO] Routine planned maintenance for Electric Point Machine (IRS-500) as per annual schedule.,Submitted,INDEPENDENT_BLOCK
REQ-DEMO-0086,LOCO_PILOT,ENGINEERING,Rail grinding,Rail Head Profile,GDV (Gudivada-Machilipatnam Branch),0.0,36.7,GDV-MTM,Single Line,BIDIRECTIONAL,2026-10-01 14:00,150,90,16:15,2026-10-08,None (Independent),False,Rail Grinding Machine (RGM),Medium,[DEMO] Routine planned maintenance for Rail Head Profile as per annual schedule.,Submitted,INDEPENDENT_BLOCK
REQ-DEMO-0087,SYSTEM_GENERATED,ENGINEERING,Drainage maintenance,Track Cess & Side Drains,AKP (Anakapalle-Thadi),745.0,752.0,BZA-VSKP-DN,DOWN Line,DOWN,2026-09-30 10:00,90,45,23:45,2026-10-10,None (Independent),False,P-Way Maintenance Labour,Low,[DEMO] Routine planned maintenance for Track Cess & Side Drains as per annual schedule.,Submitted,INDEPENDENT_BLOCK
REQ-DEMO-0088,INSPECTION_STAFF,ENGINEERING,Rail joint inspection,Fishplated / Welded Joints,NLR (Nellore-Kodavaluru),174.0,185.0,GDR-BZA-DN,DOWN Line,DOWN,2026-09-30 11:00,45,30,23:45,2026-10-07,None (Independent),False,USFD Testing Team,High,[DEMO] Routine planned maintenance for Fishplated / Welded Joints as per annual schedule.,Submitted,INDEPENDENT_BLOCK
REQ-DEMO-0089,SYSTEM_GENERATED,ENGINEERING,Drainage maintenance,Track Cess & Side Drains,GWM (Gannavaram-Telaprolu),448.0,460.0,BZA-VSKP-DN,DOWN Line,DOWN,2026-10-01 07:00,90,45,16:15,2026-10-04,None (Independent),False,P-Way Maintenance Labour,Low,[DEMO] Routine planned maintenance for Track Cess & Side Drains as per annual schedule.,Submitted,INDEPENDENT_BLOCK
REQ-DEMO-0090,LOCO_PILOT,S_AND_T,Point machine maintenance,Electric Point Machine (IRS-500),GNT (Guntur-Tenali Chord),0.0,25.4,GNT-TEL,Double Line,BIDIRECTIONAL,2026-09-30 12:00,90,60,13:00,2026-09-30,None (Independent),False,SSE/Signal + Points Gang,Critical,[DEMO] Routine planned maintenance for Electric Point Machine (IRS-500) as per annual schedule.,Submitted,INDEPENDENT_BLOCK
REQ-DEMO-0091,MAINTENANCE_STAFF,S_AND_T,Data logger maintenance,Station Solid State Data Logger,SLO (Samalkot-Bikkavolu),628.0,611.0,VSKP-BZA-UP,UP Line,UP,2026-09-27 08:00,30,20,02:30,2026-10-06,None (Independent),False,S&T Telecom Maintainer,Low,[DEMO] Routine planned maintenance for Station Solid State Data Logger as per annual schedule.,Submitted,INDEPENDENT_BLOCK
REQ-DEMO-0092,INSPECTION_STAFF,ENGINEERING,Drainage maintenance,Track Cess & Side Drains,BZA (Vijayawada-Krishna Canal),428.0,423.0,BZA-GDR-UP,UP Line,UP,2026-09-28 06:00,90,45,16:15,2026-10-10,None (Independent),False,P-Way Maintenance Labour,Low,[DEMO] Routine planned maintenance for Track Cess & Side Drains as per annual schedule.,Submitted,INDEPENDENT_BLOCK
REQ-DEMO-0093,SYSTEM_GENERATED,S_AND_T,Interlocking equipment inspection,Electronic Interlocking (EI) Panel,BPP (Bapatla-Chirala),354.0,339.0,BZA-GDR-UP,UP Line,UP,2026-10-01 06:00,60,40,11:30,2026-10-05,None (Independent),False,EI Specialist Engineer,Critical,[DEMO] Routine planned maintenance for Electronic Interlocking (EI) Panel as per annual schedule.,Submitted,INDEPENDENT_BLOCK
REQ-DEMO-0094,MAINTENANCE_STAFF,S_AND_T,Automatic signalling equipment maintenance,Automatic Signal Hut Relay Racks,BPP (Bapatla-Chirala),354.0,339.0,BZA-GDR-UP,UP Line,UP,2026-09-29 18:00,90,60,11:30,2026-10-10,None (Independent),False,Automatic Block Maintenance Crew,High,[DEMO] Routine planned maintenance for Automatic Signal Hut Relay Racks as per annual schedule.,Submitted,INDEPENDENT_BLOCK
REQ-DEMO-0095,SYSTEM_GENERATED,ENGINEERING,Ballast maintenance,Ballast Bed,CLX (Chirala-Bapatla),339.0,354.0,GDR-BZA-DN,DOWN Line,DOWN,2026-10-01 14:00,180,120,16:15,2026-10-05,None (Independent),False,BCM Deep Screening Machine,Medium,[DEMO] Routine planned maintenance for Ballast Bed as per annual schedule.,Submitted,INDEPENDENT_BLOCK
REQ-DEMO-0096,LOCO_PILOT,S_AND_T,Automatic signalling equipment maintenance,Automatic Signal Hut Relay Racks,GDV (Gudivada-Machilipatnam Branch),0.0,36.7,GDV-MTM,Single Line,BIDIRECTIONAL,2026-09-30 07:00,90,60,16:15,2026-10-07,None (Independent),False,Automatic Block Maintenance Crew,High,[DEMO] Routine planned maintenance for Automatic Signal Hut Relay Racks as per annual schedule.,Submitted,INDEPENDENT_BLOCK
REQ-DEMO-0097,MAINTENANCE_STAFF,S_AND_T,Data logger maintenance,Station Solid State Data Logger,DVD (Duvvada-Anakapalle),761.0,745.0,VSKP-BZA-UP,UP Line,UP,2026-10-01 15:00,30,20,23:45,2026-10-05,None (Independent),False,S&T Telecom Maintainer,Low,[DEMO] Routine planned maintenance for Station Solid State Data Logger as per annual schedule.,Submitted,INDEPENDENT_BLOCK
REQ-DEMO-0098,MAINTENANCE_STAFF,ENGINEERING,Level crossing maintenance,LC Gate Track & Check Rails,NDD (Nidadavolu-Chagallu),555.0,564.0,BZA-VSKP-DN,DOWN Line,DOWN,2026-09-27 15:00,90,60,11:30,2026-10-04,None (Independent),False,P-Way Gang + Gateman Assistance,High,[DEMO] Routine planned maintenance for LC Gate Track & Check Rails as per annual schedule.,Submitted,INDEPENDENT_BLOCK
REQ-DEMO-0099,LOCO_PILOT,OHE_TRACTION,Overhead equipment replacement,Contact Wire / Bracket,AKP (Anakapalle-Thadi),745.0,752.0,BZA-VSKP-DN,DOWN Line,DOWN,2026-09-27 10:00,180,120,02:30,2026-10-06,None (Independent),True,Wiring Train + TRD Crew,High,[DEMO] Routine planned maintenance for Contact Wire / Bracket as per annual schedule.,Submitted,INDEPENDENT_BLOCK
REQ-DEMO-0100,MAINTENANCE_STAFF,OHE_TRACTION,Isolator maintenance,Sectional Isolator Switches,SKM (Singarayakonda-Tanguturu),262.0,272.0,GDR-BZA-DN,DOWN Line,DOWN,2026-10-01 19:00,60,45,02:30,2026-10-08,None (Independent),True,TRD Maintenance Team,Medium,[DEMO] Routine planned maintenance for Sectional Isolator Switches as per annual schedule.,Submitted,INDEPENDENT_BLOCK
REQ-DEMO-0101,LOCO_PILOT,S_AND_T,Track circuit inspection,DC Track Circuit / Audio Frequency TC,KCC (Krishna Canal-Vijayawada),423.0,428.0,GDR-BZA-DN,DOWN Line,DOWN,2026-09-28 10:00,60,40,02:30,2026-10-09,None (Independent),False,S&T Inspection Team,High,[DEMO] Routine planned maintenance for DC Track Circuit / Audio Frequency TC as per annual schedule.,Submitted,INDEPENDENT_BLOCK
REQ-DEMO-0102,INSPECTION_STAFF,ENGINEERING,Rail joint inspection,Fishplated / Welded Joints,TEL (Tenali-Duggirala),397.0,407.0,GDR-BZA-DN,DOWN Line,DOWN,2026-09-30 11:00,45,30,11:30,2026-10-08,None (Independent),False,USFD Testing Team,High,[DEMO] Routine planned maintenance for Fishplated / Welded Joints as per annual schedule.,Submitted,INDEPENDENT_BLOCK
REQ-DEMO-0103,LOCO_PILOT,ENGINEERING,Ballast maintenance,Ballast Bed,SLO (Samalkot-Pithapuram),628.0,640.0,BZA-VSKP-DN,DOWN Line,DOWN,2026-10-01 13:00,180,120,23:45,2026-10-07,None (Independent),False,BCM Deep Screening Machine,Medium,[DEMO] Routine planned maintenance for Ballast Bed as per annual schedule.,Submitted,INDEPENDENT_BLOCK
REQ-DEMO-0104,INSPECTION_STAFF,S_AND_T,Signal cable maintenance,Underground Signalling Cable / OFC,GWM (Gannavaram-Telaprolu),448.0,460.0,BZA-VSKP-DN,DOWN Line,DOWN,2026-10-01 08:00,120,60,16:15,2026-10-05,None (Independent),False,S&T Cable Jointing Team,Medium,[DEMO] Routine planned maintenance for Underground Signalling Cable / OFC as per annual schedule.,Submitted,INDEPENDENT_BLOCK
REQ-DEMO-0105,INSPECTION_STAFF,OHE_TRACTION,Traction substation maintenance,25kV TSS Transformer / CB,GDR (Gudur-Manubolu),136.0,145.0,GDR-BZA-DN,DOWN Line,DOWN,2026-09-29 15:00,120,90,16:15,2026-10-10,None (Independent),True,Substation Electrical Officers,Critical,[DEMO] Routine planned maintenance for 25kV TSS Transformer / CB as per annual schedule.,Submitted,INDEPENDENT_BLOCK
REQ-DEMO-0106,INSPECTION_STAFF,S_AND_T,Data logger maintenance,Station Solid State Data Logger,EE (Eluru-Vatlur),488.0,479.0,VSKP-BZA-UP,UP Line,UP,2026-09-28 14:00,30,20,13:00,2026-10-11,None (Independent),False,S&T Telecom Maintainer,Low,[DEMO] Routine planned maintenance for Station Solid State Data Logger as per annual schedule.,Submitted,INDEPENDENT_BLOCK
REQ-DEMO-0107,INSPECTION_STAFF,S_AND_T,Axle counter maintenance,High-Availability Axle Counters (MSDAC),RJY (Rajahmundry-Kovvuru),578.0,570.0,VSKP-BZA-UP,UP Line,UP,2026-09-29 12:00,60,30,13:00,2026-10-06,None (Independent),False,S&T Technical Team,High,[DEMO] Routine planned maintenance for High-Availability Axle Counters (MSDAC) as per annual schedule.,Submitted,INDEPENDENT_BLOCK
REQ-DEMO-0108,SYSTEM_GENERATED,ENGINEERING,Sleeper replacement,PSC Sleepers,RJY (Rajahmundry-Kadiyam (Godavari Br.)),578.0,588.0,BZA-VSKP-DN,DOWN Line,DOWN,2026-09-28 07:00,180,120,23:45,2026-10-03,None (Independent),False,T-28 Machine Gang,High,[DEMO] Routine planned maintenance for PSC Sleepers as per annual schedule.,Submitted,INDEPENDENT_BLOCK
REQ-DEMO-0109,INSPECTION_STAFF,OHE_TRACTION,Overhead equipment replacement,Contact Wire / Bracket,TUNI (Tuni-Annavaram),681.0,665.0,VSKP-BZA-UP,UP Line,UP,2026-09-28 19:00,180,120,02:30,2026-10-05,None (Independent),True,Wiring Train + TRD Crew,High,[DEMO] Routine planned maintenance for Contact Wire / Bracket as per annual schedule.,Submitted,INDEPENDENT_BLOCK
REQ-DEMO-0110,MAINTENANCE_STAFF,ENGINEERING,Ballast maintenance,Ballast Bed,BZA (Vijayawada-Krishna Canal),428.0,423.0,BZA-GDR-UP,UP Line,UP,2026-09-30 17:00,180,120,11:30,2026-10-03,None (Independent),False,BCM Deep Screening Machine,Medium,[DEMO] Routine planned maintenance for Ballast Bed as per annual schedule.,Submitted,INDEPENDENT_BLOCK
REQ-DEMO-0111,SYSTEM_GENERATED,S_AND_T,Axle counter maintenance,High-Availability Axle Counters (MSDAC),KVZ (Kavali-Bitragunta),224.0,208.0,BZA-GDR-UP,UP Line,UP,2026-10-01 07:00,60,30,16:15,2026-10-02,None (Independent),False,S&T Technical Team,High,[DEMO] Routine planned maintenance for High-Availability Axle Counters (MSDAC) as per annual schedule.,Submitted,INDEPENDENT_BLOCK
REQ-DEMO-0112,SYSTEM_GENERATED,ENGINEERING,Drainage maintenance,Track Cess & Side Drains,BPP (Bapatla-Chirala),354.0,339.0,BZA-GDR-UP,UP Line,UP,2026-09-30 13:00,90,45,13:00,2026-10-10,None (Independent),False,P-Way Maintenance Labour,Low,[DEMO] Routine planned maintenance for Track Cess & Side Drains as per annual schedule.,Submitted,INDEPENDENT_BLOCK
REQ-DEMO-0113,LOCO_PILOT,S_AND_T,Automatic signalling equipment maintenance,Automatic Signal Hut Relay Racks,GNT (Guntur-Tenali Chord),0.0,25.4,GNT-TEL,Double Line,BIDIRECTIONAL,2026-10-01 13:00,90,60,02:30,2026-10-01,None (Independent),False,Automatic Block Maintenance Crew,High,[DEMO] Routine planned maintenance for Automatic Signal Hut Relay Racks as per annual schedule.,Submitted,INDEPENDENT_BLOCK
REQ-DEMO-0114,LOCO_PILOT,ENGINEERING,Ballast maintenance,Ballast Bed,TDD (Tadepalligudem-Navabpalem),536.0,545.0,BZA-VSKP-DN,DOWN Line,DOWN,2026-09-29 19:00,180,120,13:00,2026-10-04,None (Independent),False,BCM Deep Screening Machine,Medium,[DEMO] Routine planned maintenance for Ballast Bed as per annual schedule.,Submitted,INDEPENDENT_BLOCK
REQ-DEMO-0115,INSPECTION_STAFF,ENGINEERING,Track geometry inspection,P-Way Track Parameters,DVD (Duvvada-Visakhapatnam),761.0,778.0,BZA-VSKP-DN,DOWN Line,DOWN,2026-10-01 07:00,60,30,11:30,2026-10-06,None (Independent),False,Track Recording Car / Trolley,Low,[DEMO] Routine planned maintenance for P-Way Track Parameters as per annual schedule.,Submitted,INDEPENDENT_BLOCK
REQ-DEMO-0116,LOCO_PILOT,S_AND_T,Track circuit inspection,DC Track Circuit / Audio Frequency TC,KVZ (Kavali-Bitragunta),224.0,208.0,BZA-GDR-UP,UP Line,UP,2026-09-30 11:00,60,40,16:15,2026-10-03,None (Independent),False,S&T Inspection Team,High,[DEMO] Routine planned maintenance for DC Track Circuit / Audio Frequency TC as per annual schedule.,Submitted,INDEPENDENT_BLOCK
REQ-DEMO-0117,MAINTENANCE_STAFF,ENGINEERING,Level crossing maintenance,LC Gate Track & Check Rails,CLX (Chirala-Bapatla),339.0,354.0,GDR-BZA-DN,DOWN Line,DOWN,2026-10-01 15:00,90,60,13:00,2026-10-11,None (Independent),False,P-Way Gang + Gateman Assistance,High,[DEMO] Routine planned maintenance for LC Gate Track & Check Rails as per annual schedule.,Submitted,INDEPENDENT_BLOCK
REQ-DEMO-0118,INSPECTION_STAFF,S_AND_T,Signal cable maintenance,Underground Signalling Cable / OFC,TEL (Tenali-Tsunduru),397.0,385.0,BZA-GDR-UP,UP Line,UP,2026-10-01 14:00,120,60,23:45,2026-10-04,None (Independent),False,S&T Cable Jointing Team,Medium,[DEMO] Routine planned maintenance for Underground Signalling Cable / OFC as per annual schedule.,Submitted,INDEPENDENT_BLOCK
REQ-DEMO-0119,SYSTEM_GENERATED,OHE_TRACTION,Contact wire inspection,Contact Wire Wear & Stagger,OGL (Ongole-Ammanabrolu),290.0,305.0,GDR-BZA-DN,DOWN Line,DOWN,2026-09-27 10:00,60,40,23:45,2026-10-04,None (Independent),True,Tower Wagon Laser Profiler,Medium,[DEMO] Routine planned maintenance for Contact Wire Wear & Stagger as per annual schedule.,Submitted,INDEPENDENT_BLOCK
REQ-DEMO-0120,INSPECTION_STAFF,ENGINEERING,Drainage maintenance,Track Cess & Side Drains,OGL (Ongole-Surareddipalem),290.0,280.0,BZA-GDR-UP,UP Line,UP,2026-10-01 06:00,90,45,13:00,2026-10-05,None (Independent),False,P-Way Maintenance Labour,Low,[DEMO] Routine planned maintenance for Track Cess & Side Drains as per annual schedule.,Submitted,INDEPENDENT_BLOCK
REQ-DEMO-0121,SYSTEM_GENERATED,S_AND_T,Axle counter maintenance,High-Availability Axle Counters (MSDAC),GNT (Guntur-Tenali Chord),0.0,25.4,GNT-TEL,Double Line,BIDIRECTIONAL,2026-09-28 15:00,60,30,11:30,2026-10-03,None (Independent),False,S&T Technical Team,High,[DEMO] Routine planned maintenance for High-Availability Axle Counters (MSDAC) as per annual schedule.,Submitted,INDEPENDENT_BLOCK
REQ-DEMO-0122,LOCO_PILOT,OHE_TRACTION,Section insulator maintenance,Section Insulators / Neutral Section,EE (Eluru-Denduluru),488.0,498.0,BZA-VSKP-DN,DOWN Line,DOWN,2026-09-28 07:00,90,60,11:30,2026-10-07,None (Independent),True,Tower Car + TRD In-charge,High,[DEMO] Routine planned maintenance for Section Insulators / Neutral Section as per annual schedule.,Submitted,INDEPENDENT_BLOCK
REQ-DEMO-0123,INSPECTION_STAFF,OHE_TRACTION,Isolator maintenance,Sectional Isolator Switches,TDD (Tadepalligudem-Navabpalem),536.0,545.0,BZA-VSKP-DN,DOWN Line,DOWN,2026-09-29 11:00,60,45,16:15,2026-10-04,None (Independent),True,TRD Maintenance Team,Medium,[DEMO] Routine planned maintenance for Sectional Isolator Switches as per annual schedule.,Submitted,INDEPENDENT_BLOCK
REQ-DEMO-0124,SYSTEM_GENERATED,ENGINEERING,Level crossing maintenance,LC Gate Track & Check Rails,NLR (Nellore-Venkatachalam),174.0,157.0,BZA-GDR-UP,UP Line,UP,2026-09-28 18:00,90,60,23:45,2026-10-08,None (Independent),False,P-Way Gang + Gateman Assistance,High,[DEMO] Routine planned maintenance for LC Gate Track & Check Rails as per annual schedule.,Submitted,INDEPENDENT_BLOCK
REQ-DEMO-0125,INSPECTION_STAFF,OHE_TRACTION,Contact wire inspection,Contact Wire Wear & Stagger,NLR (Nellore-Kodavaluru),174.0,185.0,GDR-BZA-DN,DOWN Line,DOWN,2026-09-28 13:00,60,40,16:15,2026-10-05,None (Independent),True,Tower Wagon Laser Profiler,Medium,[DEMO] Routine planned maintenance for Contact Wire Wear & Stagger as per annual schedule.,Submitted,INDEPENDENT_BLOCK
REQ-DEMO-0126,INSPECTION_STAFF,S_AND_T,Signal maintenance,Color Light Signals (MACLS),BVRM (Bhimavaram-Narasapur Branch),0.0,29.4,BVRM-NS,Single Line,BIDIRECTIONAL,2026-09-27 16:00,45,30,13:00,2026-10-10,None (Independent),False,Signal Maintainer + JE/Signals,Medium,[DEMO] Routine planned maintenance for Color Light Signals (MACLS) as per annual schedule.,Submitted,INDEPENDENT_BLOCK
REQ-DEMO-0127,LOCO_PILOT,OHE_TRACTION,Contact wire inspection,Contact Wire Wear & Stagger,EE (Eluru-Denduluru),488.0,498.0,BZA-VSKP-DN,DOWN Line,DOWN,2026-09-29 19:00,60,40,23:45,2026-10-05,None (Independent),True,Tower Wagon Laser Profiler,Medium,[DEMO] Routine planned maintenance for Contact Wire Wear & Stagger as per annual schedule.,Submitted,INDEPENDENT_BLOCK
REQ-DEMO-0128,MAINTENANCE_STAFF,ENGINEERING,Track geometry inspection,P-Way Track Parameters,GDV (Gudivada-Machilipatnam Branch),0.0,36.7,GDV-MTM,Single Line,BIDIRECTIONAL,2026-09-27 09:00,60,30,16:15,2026-10-11,None (Independent),False,Track Recording Car / Trolley,Low,[DEMO] Routine planned maintenance for P-Way Track Parameters as per annual schedule.,Submitted,INDEPENDENT_BLOCK
REQ-DEMO-0129,LOCO_PILOT,OHE_TRACTION,Traction substation maintenance,25kV TSS Transformer / CB,NLR (Nellore-Venkatachalam),174.0,157.0,BZA-GDR-UP,UP Line,UP,2026-09-28 18:00,120,90,02:30,2026-10-09,None (Independent),True,Substation Electrical Officers,Critical,[DEMO] Routine planned maintenance for 25kV TSS Transformer / CB as per annual schedule.,Submitted,INDEPENDENT_BLOCK
REQ-DEMO-0130,SYSTEM_GENERATED,ENGINEERING,Sleeper replacement,PSC Sleepers,TEL (Tenali-Duggirala),397.0,407.0,GDR-BZA-DN,DOWN Line,DOWN,2026-09-29 10:00,180,120,16:15,2026-10-11,None (Independent),False,T-28 Machine Gang,High,[DEMO] Routine planned maintenance for PSC Sleepers as per annual schedule.,Submitted,INDEPENDENT_BLOCK
REQ-DEMO-0131,LOCO_PILOT,ENGINEERING,Ballast maintenance,Ballast Bed,BVRM (Bhimavaram-Narasapur Branch),0.0,29.4,BVRM-NS,Single Line,BIDIRECTIONAL,2026-09-29 10:00,180,120,11:30,2026-09-30,None (Independent),False,BCM Deep Screening Machine,Medium,[DEMO] Routine planned maintenance for Ballast Bed as per annual schedule.,Submitted,INDEPENDENT_BLOCK
REQ-DEMO-0132,SYSTEM_GENERATED,S_AND_T,Automatic signalling equipment maintenance,Automatic Signal Hut Relay Racks,CLX (Chirala-Bapatla),339.0,354.0,GDR-BZA-DN,DOWN Line,DOWN,2026-09-30 09:00,90,60,11:30,2026-10-02,None (Independent),False,Automatic Block Maintenance Crew,High,[DEMO] Routine planned maintenance for Automatic Signal Hut Relay Racks as per annual schedule.,Submitted,INDEPENDENT_BLOCK
REQ-DEMO-0133,MAINTENANCE_STAFF,OHE_TRACTION,Traction substation maintenance,25kV TSS Transformer / CB,SKM (Singarayakonda-Tanguturu),262.0,272.0,GDR-BZA-DN,DOWN Line,DOWN,2026-09-28 18:00,120,90,16:15,2026-10-05,None (Independent),True,Substation Electrical Officers,Critical,[DEMO] Routine planned maintenance for 25kV TSS Transformer / CB as per annual schedule.,Submitted,INDEPENDENT_BLOCK
REQ-DEMO-0134,INSPECTION_STAFF,S_AND_T,Track circuit inspection,DC Track Circuit / Audio Frequency TC,KVZ (Kavali-Bitragunta),224.0,208.0,BZA-GDR-UP,UP Line,UP,2026-09-27 17:00,60,40,02:30,2026-10-07,None (Independent),False,S&T Inspection Team,High,[DEMO] Routine planned maintenance for DC Track Circuit / Audio Frequency TC as per annual schedule.,Submitted,INDEPENDENT_BLOCK
REQ-DEMO-0135,MAINTENANCE_STAFF,ENGINEERING,Track tamping,Track Geometry / Ballast,BVRM (Bhimavaram-Narasapur Branch),0.0,29.4,BVRM-NS,Single Line,BIDIRECTIONAL,2026-09-30 19:00,120,75,11:30,2026-10-02,None (Independent),False,CSM Tamping Machine + Trackman Gang,Medium,[DEMO] Routine planned maintenance for Track Geometry / Ballast as per annual schedule.,Submitted,INDEPENDENT_BLOCK
REQ-DEMO-0136,LOCO_PILOT,S_AND_T,Track circuit inspection,DC Track Circuit / Audio Frequency TC,KVZ (Kavali-Bitragunta),224.0,208.0,BZA-GDR-UP,UP Line,UP,2026-09-30 20:00,60,40,11:30,2026-10-05,None (Independent),False,S&T Inspection Team,High,[DEMO] Routine planned maintenance for DC Track Circuit / Audio Frequency TC as per annual schedule.,Submitted,INDEPENDENT_BLOCK
REQ-DEMO-0137,SYSTEM_GENERATED,ENGINEERING,Ballast maintenance,Ballast Bed,GDV (Gudivada-Machilipatnam Branch),0.0,36.7,GDV-MTM,Single Line,BIDIRECTIONAL,2026-09-28 08:00,180,120,13:00,2026-10-02,None (Independent),False,BCM Deep Screening Machine,Medium,[DEMO] Routine planned maintenance for Ballast Bed as per annual schedule.,Submitted,INDEPENDENT_BLOCK
REQ-DEMO-0138,LOCO_PILOT,ENGINEERING,Track renewal activity,Rails & Sleepers (TSR/CTR),CLX (Chirala-Bapatla),339.0,354.0,GDR-BZA-DN,DOWN Line,DOWN,2026-09-27 08:00,240,180,16:15,2026-10-10,None (Independent),False,PQRS Portal Crane + DMT Rake,Critical,[DEMO] Routine planned maintenance for Rails & Sleepers (TSR/CTR) as per annual schedule.,Submitted,INDEPENDENT_BLOCK
REQ-DEMO-0139,LOCO_PILOT,OHE_TRACTION,Section insulator maintenance,Section Insulators / Neutral Section,OGL (Ongole-Ammanabrolu),290.0,305.0,GDR-BZA-DN,DOWN Line,DOWN,2026-09-28 07:00,90,60,16:15,2026-10-01,None (Independent),True,Tower Car + TRD In-charge,High,[DEMO] Routine planned maintenance for Section Insulators / Neutral Section as per annual schedule.,Submitted,INDEPENDENT_BLOCK
REQ-DEMO-0140,MAINTENANCE_STAFF,S_AND_T,Track circuit inspection,DC Track Circuit / Audio Frequency TC,NLR (Nellore-Kodavaluru),174.0,185.0,GDR-BZA-DN,DOWN Line,DOWN,2026-09-29 10:00,60,40,02:30,2026-10-07,None (Independent),False,S&T Inspection Team,High,[DEMO] Routine planned maintenance for DC Track Circuit / Audio Frequency TC as per annual schedule.,Submitted,INDEPENDENT_BLOCK
REQ-DEMO-0141,INSPECTION_STAFF,S_AND_T,Signal maintenance,Color Light Signals (MACLS),SLO (Samalkot-Pithapuram),628.0,640.0,BZA-VSKP-DN,DOWN Line,DOWN,2026-09-27 13:00,45,30,16:15,2026-10-01,None (Independent),False,Signal Maintainer + JE/Signals,Medium,[DEMO] Routine planned maintenance for Color Light Signals (MACLS) as per annual schedule.,Submitted,INDEPENDENT_BLOCK
REQ-DEMO-0142,LOCO_PILOT,S_AND_T,Interlocking equipment inspection,Electronic Interlocking (EI) Panel,AKP (Anakapalle-Thadi),745.0,752.0,BZA-VSKP-DN,DOWN Line,DOWN,2026-09-28 20:00,60,40,02:30,2026-10-07,None (Independent),False,EI Specialist Engineer,Critical,[DEMO] Routine planned maintenance for Electronic Interlocking (EI) Panel as per annual schedule.,Submitted,INDEPENDENT_BLOCK
REQ-DEMO-0143,LOCO_PILOT,OHE_TRACTION,Section insulator maintenance,Section Insulators / Neutral Section,BZA (Vijayawada-Krishna Canal),428.0,423.0,BZA-GDR-UP,UP Line,UP,2026-09-28 11:00,90,60,23:45,2026-10-08,None (Independent),True,Tower Car + TRD In-charge,High,[DEMO] Routine planned maintenance for Section Insulators / Neutral Section as per annual schedule.,Submitted,INDEPENDENT_BLOCK
REQ-DEMO-0144,MAINTENANCE_STAFF,OHE_TRACTION,Isolator maintenance,Sectional Isolator Switches,DVD (Duvvada-Visakhapatnam),761.0,778.0,BZA-VSKP-DN,DOWN Line,DOWN,2026-10-01 17:00,60,45,02:30,2026-10-02,None (Independent),True,TRD Maintenance Team,Medium,[DEMO] Routine planned maintenance for Sectional Isolator Switches as per annual schedule.,Submitted,INDEPENDENT_BLOCK
REQ-DEMO-0145,MAINTENANCE_STAFF,OHE_TRACTION,Mast inspection,OHE Traction Masts & Portals,TEL (Tenali-Tsunduru),397.0,385.0,BZA-GDR-UP,UP Line,UP,2026-10-01 11:00,45,30,23:45,2026-10-03,None (Independent),False,TRD Ground Inspection Team,Low,[DEMO] Routine planned maintenance for OHE Traction Masts & Portals as per annual schedule.,Submitted,INDEPENDENT_BLOCK
REQ-DEMO-0146,INSPECTION_STAFF,OHE_TRACTION,Mast inspection,OHE Traction Masts & Portals,GDR (Gudur-Manubolu),136.0,145.0,GDR-BZA-DN,DOWN Line,DOWN,2026-10-01 18:00,45,30,13:00,2026-10-10,None (Independent),False,TRD Ground Inspection Team,Low,[DEMO] Routine planned maintenance for OHE Traction Masts & Portals as per annual schedule.,Submitted,INDEPENDENT_BLOCK
REQ-DEMO-0147,LOCO_PILOT,OHE_TRACTION,OHE inspection,25kV Contact & Catenary Wire,TUNI (Tuni-Annavaram),681.0,665.0,VSKP-BZA-UP,UP Line,UP,2026-10-01 15:00,90,60,16:15,2026-10-01,None (Independent),True,Tower Wagon (RU) + TRD Staff,Medium,[DEMO] Routine planned maintenance for 25kV Contact & Catenary Wire as per annual schedule.,Submitted,INDEPENDENT_BLOCK
REQ-DEMO-0148,MAINTENANCE_STAFF,S_AND_T,Signal maintenance,Color Light Signals (MACLS),BZA (Vijayawada-Krishna Canal),428.0,423.0,BZA-GDR-UP,UP Line,UP,2026-09-28 07:00,45,30,23:45,2026-10-02,None (Independent),False,Signal Maintainer + JE/Signals,Medium,[DEMO] Routine planned maintenance for Color Light Signals (MACLS) as per annual schedule.,Submitted,INDEPENDENT_BLOCK
REQ-DEMO-0149,SYSTEM_GENERATED,S_AND_T,Interlocking equipment inspection,Electronic Interlocking (EI) Panel,DVD (Duvvada-Visakhapatnam),761.0,778.0,BZA-VSKP-DN,DOWN Line,DOWN,2026-09-28 10:00,60,40,16:15,2026-10-01,None (Independent),False,EI Specialist Engineer,Critical,[DEMO] Routine planned maintenance for Electronic Interlocking (EI) Panel as per annual schedule.,Submitted,INDEPENDENT_BLOCK
REQ-DEMO-0150,LOCO_PILOT,ENGINEERING,Track tamping,Track Geometry / Ballast,EE (Eluru-Denduluru),488.0,498.0,BZA-VSKP-DN,DOWN Line,DOWN,2026-09-30 12:00,120,75,23:45,2026-10-09,None (Independent),False,CSM Tamping Machine + Trackman Gang,Medium,[DEMO] Routine planned maintenance for Track Geometry / Ballast as per annual schedule.,Submitted,INDEPENDENT_BLOCK
REQ-DEMO-0151,MAINTENANCE_STAFF,OHE_TRACTION,Mast inspection,OHE Traction Masts & Portals,GWM (Gannavaram-Telaprolu),448.0,460.0,BZA-VSKP-DN,DOWN Line,DOWN,2026-09-29 15:00,45,30,16:15,2026-09-30,None (Independent),False,TRD Ground Inspection Team,Low,[DEMO] Routine planned maintenance for OHE Traction Masts & Portals as per annual schedule.,Submitted,INDEPENDENT_BLOCK
REQ-DEMO-0152,MAINTENANCE_STAFF,S_AND_T,Point machine maintenance,Electric Point Machine (IRS-500),GWM (Gannavaram-Telaprolu),448.0,460.0,BZA-VSKP-DN,DOWN Line,DOWN,2026-10-01 15:00,90,60,16:15,2026-10-05,None (Independent),False,SSE/Signal + Points Gang,Critical,[DEMO] Routine planned maintenance for Electric Point Machine (IRS-500) as per annual schedule.,Submitted,INDEPENDENT_BLOCK
REQ-DEMO-0153,LOCO_PILOT,S_AND_T,Signal cable maintenance,Underground Signalling Cable / OFC,KVZ (Kavali-Bitragunta),224.0,208.0,BZA-GDR-UP,UP Line,UP,2026-09-27 07:00,120,60,23:45,2026-10-11,None (Independent),False,S&T Cable Jointing Team,Medium,[DEMO] Routine planned maintenance for Underground Signalling Cable / OFC as per annual schedule.,Submitted,INDEPENDENT_BLOCK
REQ-DEMO-0154,INSPECTION_STAFF,S_AND_T,Data logger maintenance,Station Solid State Data Logger,AKP (Anakapalle-Thadi),745.0,752.0,BZA-VSKP-DN,DOWN Line,DOWN,2026-10-01 11:00,30,20,13:00,2026-10-03,None (Independent),False,S&T Telecom Maintainer,Low,[DEMO] Routine planned maintenance for Station Solid State Data Logger as per annual schedule.,Submitted,INDEPENDENT_BLOCK
REQ-DEMO-0155,LOCO_PILOT,OHE_TRACTION,Mast inspection,OHE Traction Masts & Portals,KCC (Krishna Canal-Vijayawada),423.0,428.0,GDR-BZA-DN,DOWN Line,DOWN,2026-09-30 10:00,45,30,11:30,2026-10-02,None (Independent),False,TRD Ground Inspection Team,Low,[DEMO] Routine planned maintenance for OHE Traction Masts & Portals as per annual schedule.,Submitted,INDEPENDENT_BLOCK
REQ-DEMO-0156,LOCO_PILOT,ENGINEERING,Track renewal activity,Rails & Sleepers (TSR/CTR),DVD (Duvvada-Visakhapatnam),761.0,778.0,BZA-VSKP-DN,DOWN Line,DOWN,2026-10-01 09:00,240,180,23:45,2026-10-03,None (Independent),False,PQRS Portal Crane + DMT Rake,Critical,[DEMO] Routine planned maintenance for Rails & Sleepers (TSR/CTR) as per annual schedule.,Submitted,INDEPENDENT_BLOCK
REQ-DEMO-0157,MAINTENANCE_STAFF,OHE_TRACTION,OHE inspection,25kV Contact & Catenary Wire,BZA (Vijayawada-Krishna Canal),428.0,423.0,BZA-GDR-UP,UP Line,UP,2026-09-28 17:00,90,60,02:30,2026-10-11,None (Independent),True,Tower Wagon (RU) + TRD Staff,Medium,[DEMO] Routine planned maintenance for 25kV Contact & Catenary Wire as per annual schedule.,Submitted,INDEPENDENT_BLOCK
REQ-DEMO-0158,LOCO_PILOT,ENGINEERING,Ballast maintenance,Ballast Bed,SLO (Samalkot-Bikkavolu),628.0,611.0,VSKP-BZA-UP,UP Line,UP,2026-09-30 13:00,180,120,16:15,2026-09-30,None (Independent),False,BCM Deep Screening Machine,Medium,[DEMO] Routine planned maintenance for Ballast Bed as per annual schedule.,Submitted,INDEPENDENT_BLOCK
REQ-DEMO-0159,MAINTENANCE_STAFF,OHE_TRACTION,Overhead equipment replacement,Contact Wire / Bracket,TUNI (Tuni-Annavaram),681.0,665.0,VSKP-BZA-UP,UP Line,UP,2026-09-30 17:00,180,120,02:30,2026-09-30,None (Independent),True,Wiring Train + TRD Crew,High,[DEMO] Routine planned maintenance for Contact Wire / Bracket as per annual schedule.,Submitted,INDEPENDENT_BLOCK
REQ-DEMO-0160,LOCO_PILOT,ENGINEERING,Level crossing maintenance,LC Gate Track & Check Rails,EE (Eluru-Vatlur),488.0,479.0,VSKP-BZA-UP,UP Line,UP,2026-09-29 14:00,90,60,16:15,2026-10-04,None (Independent),False,P-Way Gang + Gateman Assistance,High,[DEMO] Routine planned maintenance for LC Gate Track & Check Rails as per annual schedule.,Submitted,INDEPENDENT_BLOCK
REQ-DEMO-0161,INSPECTION_STAFF,OHE_TRACTION,Overhead equipment replacement,Contact Wire / Bracket,SLO (Samalkot-Pithapuram),628.0,640.0,BZA-VSKP-DN,DOWN Line,DOWN,2026-09-29 07:00,180,120,13:00,2026-10-07,None (Independent),True,Wiring Train + TRD Crew,High,[DEMO] Routine planned maintenance for Contact Wire / Bracket as per annual schedule.,Submitted,INDEPENDENT_BLOCK
REQ-DEMO-0162,SYSTEM_GENERATED,OHE_TRACTION,Section insulator maintenance,Section Insulators / Neutral Section,TEL (Tenali-Duggirala),397.0,407.0,GDR-BZA-DN,DOWN Line,DOWN,2026-09-29 20:00,90,60,23:45,2026-10-01,None (Independent),True,Tower Car + TRD In-charge,High,[DEMO] Routine planned maintenance for Section Insulators / Neutral Section as per annual schedule.,Submitted,INDEPENDENT_BLOCK
REQ-DEMO-0163,MAINTENANCE_STAFF,S_AND_T,Signal cable maintenance,Underground Signalling Cable / OFC,SKM (Singarayakonda-Tanguturu),262.0,272.0,GDR-BZA-DN,DOWN Line,DOWN,2026-09-28 11:00,120,60,16:15,2026-10-01,None (Independent),False,S&T Cable Jointing Team,Medium,[DEMO] Routine planned maintenance for Underground Signalling Cable / OFC as per annual schedule.,Submitted,INDEPENDENT_BLOCK
REQ-DEMO-0164,SYSTEM_GENERATED,S_AND_T,Signal cable maintenance,Underground Signalling Cable / OFC,GDV (Gudivada-Machilipatnam Branch),0.0,36.7,GDV-MTM,Single Line,BIDIRECTIONAL,2026-09-30 17:00,120,60,11:30,2026-10-09,None (Independent),False,S&T Cable Jointing Team,Medium,[DEMO] Routine planned maintenance for Underground Signalling Cable / OFC as per annual schedule.,Submitted,INDEPENDENT_BLOCK
REQ-DEMO-0165,LOCO_PILOT,S_AND_T,Track circuit inspection,DC Track Circuit / Audio Frequency TC,GWM (Gannavaram-Telaprolu),448.0,460.0,BZA-VSKP-DN,DOWN Line,DOWN,2026-09-29 08:00,60,40,16:15,2026-10-11,None (Independent),False,S&T Inspection Team,High,[DEMO] Routine planned maintenance for DC Track Circuit / Audio Frequency TC as per annual schedule.,Submitted,INDEPENDENT_BLOCK
REQ-DEMO-0166,LOCO_PILOT,ENGINEERING,Level crossing maintenance,LC Gate Track & Check Rails,KVZ (Kavali-Bitragunta),224.0,208.0,BZA-GDR-UP,UP Line,UP,2026-09-28 19:00,90,60,11:30,2026-10-09,None (Independent),False,P-Way Gang + Gateman Assistance,High,[DEMO] Routine planned maintenance for LC Gate Track & Check Rails as per annual schedule.,Submitted,INDEPENDENT_BLOCK
REQ-DEMO-0167,LOCO_PILOT,OHE_TRACTION,Contact wire inspection,Contact Wire Wear & Stagger,SKM (Singarayakonda-Tanguturu),262.0,272.0,GDR-BZA-DN,DOWN Line,DOWN,2026-09-27 15:00,60,40,23:45,2026-10-04,None (Independent),True,Tower Wagon Laser Profiler,Medium,[DEMO] Routine planned maintenance for Contact Wire Wear & Stagger as per annual schedule.,Submitted,INDEPENDENT_BLOCK
REQ-DEMO-0168,INSPECTION_STAFF,ENGINEERING,Ballast maintenance,Ballast Bed,BTTR (Bitragunta-Kavali),208.0,224.0,GDR-BZA-DN,DOWN Line,DOWN,2026-09-30 08:00,180,120,02:30,2026-10-01,None (Independent),False,BCM Deep Screening Machine,Medium,[DEMO] Routine planned maintenance for Ballast Bed as per annual schedule.,Submitted,INDEPENDENT_BLOCK
REQ-DEMO-0169,LOCO_PILOT,S_AND_T,Data logger maintenance,Station Solid State Data Logger,SLO (Samalkot-Pithapuram),628.0,640.0,BZA-VSKP-DN,DOWN Line,DOWN,2026-09-27 09:00,30,20,11:30,2026-10-03,None (Independent),False,S&T Telecom Maintainer,Low,[DEMO] Routine planned maintenance for Station Solid State Data Logger as per annual schedule.,Submitted,INDEPENDENT_BLOCK
REQ-DEMO-0170,SYSTEM_GENERATED,ENGINEERING,Drainage maintenance,Track Cess & Side Drains,DVD (Duvvada-Anakapalle),761.0,745.0,VSKP-BZA-UP,UP Line,UP,2026-09-27 12:00,90,45,13:00,2026-10-01,None (Independent),False,P-Way Maintenance Labour,Low,[DEMO] Routine planned maintenance for Track Cess & Side Drains as per annual schedule.,Submitted,INDEPENDENT_BLOCK
REQ-DEMO-0171,MAINTENANCE_STAFF,OHE_TRACTION,Section insulator maintenance,Section Insulators / Neutral Section,OGL (Ongole-Surareddipalem),290.0,280.0,BZA-GDR-UP,UP Line,UP,2026-09-28 16:00,90,60,23:45,2026-10-02,None (Independent),True,Tower Car + TRD In-charge,High,[DEMO] Routine planned maintenance for Section Insulators / Neutral Section as per annual schedule.,Submitted,INDEPENDENT_BLOCK
REQ-DEMO-0172,MAINTENANCE_STAFF,OHE_TRACTION,Traction substation maintenance,25kV TSS Transformer / CB,BPP (Bapatla-Chirala),354.0,339.0,BZA-GDR-UP,UP Line,UP,2026-09-30 14:00,120,90,13:00,2026-10-06,None (Independent),True,Substation Electrical Officers,Critical,[DEMO] Routine planned maintenance for 25kV TSS Transformer / CB as per annual schedule.,Submitted,INDEPENDENT_BLOCK
REQ-DEMO-0173,MAINTENANCE_STAFF,ENGINEERING,Sleeper replacement,PSC Sleepers,KVZ (Kavali-Bitragunta),224.0,208.0,BZA-GDR-UP,UP Line,UP,2026-09-27 08:00,180,120,02:30,2026-10-01,None (Independent),False,T-28 Machine Gang,High,[DEMO] Routine planned maintenance for PSC Sleepers as per annual schedule.,Submitted,INDEPENDENT_BLOCK
REQ-DEMO-0174,LOCO_PILOT,S_AND_T,Point machine maintenance,Electric Point Machine (IRS-500),GNT (Guntur-Tenali Chord),0.0,25.4,GNT-TEL,Double Line,BIDIRECTIONAL,2026-09-30 18:00,90,60,13:00,2026-09-30,None (Independent),False,SSE/Signal + Points Gang,Critical,[DEMO] Routine planned maintenance for Electric Point Machine (IRS-500) as per annual schedule.,Submitted,INDEPENDENT_BLOCK
REQ-DEMO-0175,LOCO_PILOT,OHE_TRACTION,Traction substation maintenance,25kV TSS Transformer / CB,GWM (Gannavaram-Telaprolu),448.0,460.0,BZA-VSKP-DN,DOWN Line,DOWN,2026-09-30 17:00,120,90,13:00,2026-10-02,None (Independent),True,Substation Electrical Officers,Critical,[DEMO] Routine planned maintenance for 25kV TSS Transformer / CB as per annual schedule.,Submitted,INDEPENDENT_BLOCK
REQ-DEMO-0176,INSPECTION_STAFF,ENGINEERING,Track geometry inspection,P-Way Track Parameters,BPP (Bapatla-Chirala),354.0,339.0,BZA-GDR-UP,UP Line,UP,2026-09-28 12:00,60,30,23:45,2026-10-06,None (Independent),False,Track Recording Car / Trolley,Low,[DEMO] Routine planned maintenance for P-Way Track Parameters as per annual schedule.,Submitted,INDEPENDENT_BLOCK
REQ-DEMO-0177,INSPECTION_STAFF,OHE_TRACTION,OHE inspection,25kV Contact & Catenary Wire,OGL (Ongole-Surareddipalem),290.0,280.0,BZA-GDR-UP,UP Line,UP,2026-09-28 08:00,90,60,11:30,2026-10-07,None (Independent),True,Tower Wagon (RU) + TRD Staff,Medium,[DEMO] Routine planned maintenance for 25kV Contact & Catenary Wire as per annual schedule.,Submitted,INDEPENDENT_BLOCK
REQ-DEMO-0178,SYSTEM_GENERATED,ENGINEERING,Drainage maintenance,Track Cess & Side Drains,BTTR (Bitragunta-Kavali),208.0,224.0,GDR-BZA-DN,DOWN Line,DOWN,2026-09-29 11:00,90,45,02:30,2026-10-09,None (Independent),False,P-Way Maintenance Labour,Low,[DEMO] Routine planned maintenance for Track Cess & Side Drains as per annual schedule.,Submitted,INDEPENDENT_BLOCK
REQ-DEMO-0179,LOCO_PILOT,S_AND_T,Data logger maintenance,Station Solid State Data Logger,KVZ (Kavali-Bitragunta),224.0,208.0,BZA-GDR-UP,UP Line,UP,2026-09-27 14:00,30,20,16:15,2026-09-30,None (Independent),False,S&T Telecom Maintainer,Low,[DEMO] Routine planned maintenance for Station Solid State Data Logger as per annual schedule.,Submitted,INDEPENDENT_BLOCK
REQ-DEMO-0180,MAINTENANCE_STAFF,OHE_TRACTION,Mast inspection,OHE Traction Masts & Portals,BPP (Bapatla-Chirala),354.0,339.0,BZA-GDR-UP,UP Line,UP,2026-09-28 15:00,45,30,16:15,2026-10-04,None (Independent),False,TRD Ground Inspection Team,Low,[DEMO] Routine planned maintenance for OHE Traction Masts & Portals as per annual schedule.,Submitted,INDEPENDENT_BLOCK
