from_station,to_station,distance_km,stock_type,scheduled_minutes
GDR,MBL,9.35,LHB,9
MBL,KMLP,6.21,LHB,4
KMLP,VKT,6.25,LHB,3
VKT,VDE,9.27,LHB,5
VDE,NLS,5.29,LHB,3
NLS,NLR,1.95,LHB,2
NLR,PGU,4.06,LHB,3
PGU,KJJ,7.36,LHB,4
KJJ,TMC,4.66,LHB,3
TMC,AXR,11.56,LHB,6
AXR,BTTR,6.25,LHB,4
BTTR,SVPM,4.32,LHB,3
SVPM,KVZ,12.23,LHB,7
KVZ,TTU,14.33,LHB,7
TTU,UPD,13.75,LHB,7
UPD,SKM,9.57,LHB,5
SKM,TNR,9.62,LHB,6
TNR,SDM,8.18,LHB,5
SDM,OGL,10.15,LHB,8
OGL,KRV,8.78,LHB,8
KRV,ANB,6.26,LHB,4
ANB,RPRL,3.26,LHB,2
RPRL,UGD,4.34,LHB,3
UGD,CJM,6.46,LHB,4
CJM,KVDU,4.33,LHB,2
KVDU,KPLL,4.78,LHB,3
KPLL,VTM,3.32,LHB,2
VTM,JAQ,4.68,LHB,3
JAQ,CLX,3.26,LHB,2
CLX,IPPM,4.08,LHB,2
IPPM,SPF,4.02,LHB,2
SPF,BPP,6.89,LHB,4
BPP,APL,8.77,LHB,6
APL,MCVM,6.74,LHB,6
MCVM,NDO,4.95,LHB,3
NDO,MDKU,6.77,LHB,4
MDKU,TSR,3.73,LHB,2
TSR,TEL,11.43,LHB,7
TEL,KLX,6.09,LHB,4
KLX,DIG,3.72,LHB,2
DIG,CLVR,5.73,LHB,3
CLVR,PVD,3.82,LHB,2
PVD,KCC,7.1,LHB,5
KCC,BZA,5.05,LHB,12
BZA,VNEC,1.75,LHB,8
VNEC,GALA,4.76,LHB,6
GALA,MBD,6.42,LHB,5
MBD,GWM,6.75,LHB,4
GWM,PAVP,4.98,LHB,3
PAVP,TOU,6.54,LHB,3
TOU,NZD,9.69,LHB,5
NZD,VAT,9.98,LHB,5
VAT,PRH,7.0,LHB,5
PRH,EE,1.63,LHB,2
EE,DEL,9.77,LHB,6
DEL,BMD,9.2,LHB,5
BMD,PUA,6.7,LHB,4
PUA,CEL,7.86,LHB,4
CEL,BPY,8.33,LHB,5
BPY,TDD,5.97,LHB,4
TDD,NBM,8.94,LHB,5
NBM,NDD,10.78,LHB,7
NDD,CU,8.7,LHB,7
CU,PSDA,2.78,LHB,2
PSDA,KVR,3.34,LHB,2
KVR,GVN,4.39,LHB,4
GVN,RJY,3.13,LHB,9
RJY,KYM,10.02,LHB,11
KYM,DWP,9.92,LHB,5
DWP,APT,3.81,LHB,2
APT,BVL,9.28,LHB,5
BVL,MPU,8.22,LHB,5
MPU,SLO,8.96,LHB,7
SLO,PAP,12.09,LHB,8
PAP,GLP,5.69,LHB,3
GLP,DGDG,9.25,LHB,5
DGDG,RVD,2.64,LHB,2
RVD,ANV,7.2,LHB,4
ANV,HVM,9.11,LHB,5
HVM,TUNI,7.65,LHB,5
TUNI,GLU,11.05,LHB,6
GLU,NRP,11.02,LHB,6
NRP,REG,9.41,LHB,6
REG,YLM,8.35,LHB,4
YLM,NASP,7.21,LHB,4
NASP,BVM,7.35,LHB,4
BVM,KSK,3.98,LHB,2
KSK,AKP,5.29,LHB,4
AKP,THY,6.46,LHB,4
THY,DVD,9.38,LHB,8
DVD,GPT,10.49,LHB,12
GPT,SCMN,2.55,LHB,11
SCMN,MIPM,2.07,LHB,4
MIPM,VSKP,4.62,LHB,10
