scenario,train_number,name,direction,origin,destination,service_day,section,station_sequence,traffic_class,wtt_page,key_timings
HIGH_TRAFFIC,12621,Tamil Nadu Express,DOWN,MAS,NDLS,Daily,GDR-BZA-DN,GDR -> NLR -> OGL -> TEL -> BZA,Superfast Premium,WTT Page 14 & 18,"GDR d. 00:10, NLR d. 00:36, OGL d. 02:05, TEL d. 03:35, BZA a. 04:10"
HIGH_TRAFFIC,12846,Bhubaneswar SF Express,DOWN,SMVB,BBS,Mon,GDR-BZA-DN,GDR -> NLR -> OGL -> TEL -> BZA,Superfast,WTT Page 14 & 18,"GDR d. 00:25, NLR d. 00:58, OGL d. 02:30, TEL d. 03:56, BZA a. 04:30"
HIGH_TRAFFIC,22834,Bhubaneswar SF Express,DOWN,SMVB,BBS,Thu,GDR-BZA-DN,GDR -> NLR -> OGL -> TEL -> BZA,Superfast,WTT Page 14 & 18,"GDR d. 00:25, NLR d. 00:58, OGL d. 02:28, TEL d. 03:56, BZA a. 04:30"
HIGH_TRAFFIC,13352,Dhanbad Express,DOWN,ALLP,DHN,Daily,"GDR-BZA-DN, BZA-VSKP-DN",GDR -> NLR -> KVZ -> OGL -> CLX -> BPP -> TEL -> BZA -> EE -> TDD -> NDD -> RJY -> SLO -> TUNI -> AKP -> DVD -> VSKP,Express (Long Haul),"WTT Page 14, 18, 122, 126","GDR d. 00:45, OGL d. 03:19, BZA 05:50-06:10, RJY d. 08:53, VSKP a. 13:00"
HIGH_TRAFFIC,20850,Bhubaneswar Express,DOWN,RMM,BBS,Sun,GDR-BZA-DN,GDR -> NLR -> OGL -> TEL -> BZA,Superfast,WTT Page 14 & 18,"GDR d. 01:02, NLR d. 01:35, OGL d. 03:10, TEL d. 04:31, BZA a. 05:05"
HIGH_TRAFFIC,20702,Vande Bharat Express,DOWN,TPTY,SC,Ex Tue,GDR-BZA-DN,GDR -> NLR -> OGL -> CLX -> TEL -> BZA,Vande Bharat (VNDB),WTT Page 40 & 44,"GDR d. 16:35, NLR d. 17:04, OGL d. 18:15, TEL d. 19:35, BZA a. 20:05"
HIGH_TRAFFIC,12760,Charminar Express,UP,HYB,TBM,Daily,BZA-GDR-UP,BZA -> TEL -> BPP -> CLX -> OGL -> KVZ -> NLR -> GDR,Superfast Premium,WTT Page 78 & 82,"BZA d. 00:20, TEL d. 00:57, CLX d. 01:49, OGL d. 02:32, GDR a. 04:40"
HIGH_TRAFFIC,12764,Padmavathi Express,UP,SC,TPTY,Daily,BZA-GDR-UP,BZA -> TEL -> CLX -> OGL -> KVZ -> NLR -> GDR,Superfast,WTT Page 78 & 82,"BZA d. 00:40, TEL d. 01:17, CLX d. 02:09, OGL d. 02:53, GDR a. 04:55"
HIGH_TRAFFIC,20834,Vande Bharat Express,UP,SC,VSKP,Ex Tue,BZA-VSKP-DN,BZA -> RJY -> SLO -> TUNI -> DVD -> VSKP,Vande Bharat (VNDB),WTT Page 152 & 156,"BZA d. 19:16, RJY d. 20:47, SLO d. 21:31, DVD d. 23:22, VSKP a. 23:45"
HIGH_TRAFFIC,12841,Coromandel Express,UP,HWH,MAS,Daily,"VSKP-BZA-UP, BZA-GDR-UP",VSKP -> DVD -> SLO -> RJY -> TDD -> EE -> BZA -> TEL -> OGL -> NLR -> GDR,Superfast Priority,"WTT Page 94, 98, 172","VSKP d. 04:50, RJY d. 07:39, BZA d. 10:35, OGL d. 12:37, GDR a. 14:48"
MEDIUM_TRAFFIC,17249,Kakinada Express,DOWN,TPTY,CCT,Daily,"GDR-BZA-DN, BZA-VSKP-DN",GDR -> NLR -> KVZ -> OGL -> CLX -> BPP -> TEL -> BZA -> EE -> NDD -> RJY -> SLO -> CCT,Express,"WTT Page 14, 18, 122, 126","GDR d. 01:17, OGL d. 04:00, BZA 06:35-06:45, RJY d. 09:37, CCT a. 11:40"
MEDIUM_TRAFFIC,20630,Sabari Express,DOWN,TVC,SC,Daily,GDR-BZA-DN,GDR -> NLR -> OGL -> CLX -> BPP -> TEL -> BZA,Superfast,WTT Page 14 & 18,"GDR d. 01:30, NLR d. 02:05, OGL d. 03:37, TEL d. 05:42, BZA a. 06:35"
MEDIUM_TRAFFIC,12712,Pinakini Express,DOWN,MAS,BZA,Daily,GDR-BZA-DN,GDR -> NLR -> BTTR -> KVZ -> SKM -> OGL -> CLX -> BPP -> NDO -> TEL -> BZA,Intercity Superfast,WTT Page 35 & 39,"GDR d. 16:45, NLR d. 17:22, OGL d. 19:11, TEL d. 20:54, BZA a. 21:35"
MEDIUM_TRAFFIC,12728,Godavari Express,UP,HYB,VSKP,Daily,BZA-VSKP-DN,BZA -> EE -> TDD -> RJY -> APT -> SLO -> ANV -> TUNI -> YLM -> AKP -> DVD -> VSKP,Superfast Night Mail,WTT Page 160 & 164,"BZA d. 23:20, EE d. 00:17, RJY d. 01:52, SLO d. 02:42, VSKP a. 05:55"
MEDIUM_TRAFFIC,17202,Golconda Express,UP,SC,GNT,Daily,BZA-GNT-UP,BZA -> KCC -> MAG -> NBR -> GNT,Express Day Intercity,WTT Page 68 & 76,"BZA d. 20:10, KCC d. 20:40, MAG d. 20:56, GNT a. 21:35"
LOW_TRAFFIC,67260,Bitragunta - Vijayawada MEMU Passenger,DOWN,BTTR,BZA,Daily,GDR-BZA-DN,BTTR -> SVPM -> KVZ -> TTU -> UPD -> SKM -> TNR -> SDM -> OGL -> CJM -> CLX -> BPP -> NDO -> TEL -> BZA,Passenger / Local,WTT Page 15 & 19,"BTTR d. 04:00, OGL d. 05:41, CLX d. 07:03, TEL d. 08:30, BZA a. 09:35"
LOW_TRAFFIC,67214,Tenali - Vijayawada Passenger,DOWN,TEL,BZA,Daily,GDR-BZA-DN,TEL -> KLX -> DIG -> CLVR -> PVD -> KCC -> BZA,Passenger / Local,WTT Page 15 & 19,"TEL d. 06:55, DIG d. 07:10, PVD d. 07:22, KCC d. 07:36, BZA a. 07:55"
LOW_TRAFFIC,67274,Ongole - Vijayawada Passenger,UP,OGL,BZA,Daily,BZA-GDR-UP,OGL -> KRV -> ANB -> UGD -> CJM -> VTM -> CLX -> BPP -> TEL -> BZA,Passenger / Local,WTT Page 29 & 33,"OGL d. 14:40, CLX d. 16:09, BPP d. 16:33, TEL d. 18:08, BZA a. 19:05"
LOW_TRAFFIC,17258,Kakinada - Vijayawada Express,UP,COA,BZA,Daily,"BZA-VSKP-UP, BZA-GDV",COA -> CCT -> SLO -> RJY -> NDD -> GDV -> BZA,Express,WTT Page 165 & 169,"COA d. 03:30, SLO d. 06:46, RJY d. 07:55, NDD d. 08:55, BZA a. 12:15"
