availability_id,resource_id,date,start_time,end_time,available_quantity,status
RAV-00001,RES-ENG-0042,2026-09-08,22:00,06:00,1,Available
RAV-00002,RES-TRD-0110,2026-10-01,22:00,06:00,1,Available
RAV-00003,RES-TRD-0126,2026-09-06,11:00,16:00,1,Available
RAV-00004,RES-S&T-0089,2026-10-08,00:00,06:00,1,Available
RAV-00005,RES-ENG-0021,2026-10-05,06:00,14:00,1,Available
RAV-00006,RES-S&T-0092,2026-09-19,11:00,16:00,1,Available
RAV-00007,RES-ENG-0051,2026-09-10,22:00,06:00,1,Available
RAV-00008,RES-ENG-0031,2026-09-28,22:00,06:00,1,Available
RAV-00009,RES-ENG-0052,2026-10-08,06:00,14:00,1,Available
RAV-00010,RES-TRD-0105,2026-09-09,22:00,06:00,0,Maintenance
RAV-00011,RES-S&T-0088,2026-09-04,22:00,06:00,1,Available
RAV-00012,RES-TRD-0117,2026-10-07,22:00,06:00,1,Available
RAV-00013,RES-TRD-0134,2026-09-07,14:00,22:00,1,Available
RAV-00014,RES-TRD-0097,2026-09-04,11:00,16:00,1,Available
RAV-00015,RES-ENG-0024,2026-10-05,00:00,06:00,1,Available
RAV-00016,RES-S&T-0075,2026-09-26,00:00,06:00,1,Available
RAV-00017,RES-ENG-0054,2026-10-13,11:00,16:00,1,Available
RAV-00018,RES-TRD-0123,2026-09-04,14:00,22:00,1,Available
RAV-00019,RES-S&T-0075,2026-09-23,00:00,06:00,1,Available
RAV-00020,RES-ENG-0016,2026-09-17,14:00,22:00,0,Maintenance
RAV-00021,RES-ENG-0033,2026-09-02,11:00,16:00,0,Reserved
RAV-00022,RES-TRD-0110,2026-10-05,22:00,06:00,1,Available
RAV-00023,RES-TRD-0126,2026-09-28,06:00,14:00,1,Available
RAV-00024,RES-ENG-0019,2026-09-16,06:00,14:00,1,Available
RAV-00025,RES-ENG-0053,2026-09-04,14:00,22:00,1,Available
RAV-00026,RES-TRD-0111,2026-10-10,14:00,22:00,1,Available
RAV-00027,RES-TRD-0096,2026-10-01,06:00,14:00,1,Available
RAV-00028,RES-TRD-0101,2026-09-30,14:00,22:00,1,Available
RAV-00029,RES-ENG-0006,2026-09-27,06:00,14:00,1,Available
RAV-00030,RES-ENG-0015,2026-09-06,00:00,06:00,0,Maintenance
RAV-00031,RES-S&T-0076,2026-10-03,14:00,22:00,1,Available
RAV-00032,RES-ENG-0037,2026-10-08,14:00,22:00,1,Available
RAV-00033,RES-TRD-0136,2026-10-02,11:00,16:00,1,Available
RAV-00034,RES-S&T-0063,2026-09-18,14:00,22:00,1,Available
RAV-00035,RES-S&T-0071,2026-09-05,14:00,22:00,0,Reserved
RAV-00036,RES-S&T-0061,2026-09-09,11:00,16:00,1,Available
RAV-00037,RES-ENG-0018,2026-10-11,11:00,16:00,1,Available
RAV-00038,RES-S&T-0088,2026-10-13,11:00,16:00,1,Available
RAV-00039,RES-S&T-0072,2026-10-07,06:00,14:00,0,Reserved
RAV-00040,RES-TRD-0121,2026-09-28,06:00,14:00,1,Available
RAV-00041,RES-S&T-0085,2026-09-18,06:00,14:00,1,Available
RAV-00042,RES-ENG-0040,2026-09-19,11:00,16:00,1,Available
RAV-00043,RES-TRD-0101,2026-10-04,06:00,14:00,1,Available
RAV-00044,RES-ENG-0007,2026-09-30,00:00,06:00,1,Available
RAV-00045,RES-S&T-0061,2026-09-14,00:00,06:00,1,Available
RAV-00046,RES-ENG-0048,2026-10-12,00:00,06:00,1,Available
RAV-00047,RES-TRD-0124,2026-09-23,06:00,14:00,0,Reserved
RAV-00048,RES-TRD-0100,2026-09-03,00:00,06:00,1,Available
RAV-00049,RES-ENG-0051,2026-09-19,11:00,16:00,1,Available
RAV-00050,RES-TRD-0102,2026-09-02,11:00,16:00,0,Reserved
RAV-00051,RES-TRD-0104,2026-10-02,06:00,14:00,1,Available
RAV-00052,RES-ENG-0039,2026-10-15,22:00,06:00,1,Available
RAV-00053,RES-ENG-0038,2026-10-03,22:00,06:00,1,Available
RAV-00054,RES-ENG-0047,2026-09-15,06:00,14:00,1,Available
RAV-00055,RES-S&T-0089,2026-09-03,14:00,22:00,1,Available
RAV-00056,RES-ENG-0049,2026-09-21,11:00,16:00,1,Available
RAV-00057,RES-TRD-0103,2026-10-04,11:00,16:00,1,Available
RAV-00058,RES-ENG-0010,2026-09-01,22:00,06:00,1,Available
RAV-00059,RES-TRD-0128,2026-09-15,00:00,06:00,0,Reserved
RAV-00060,RES-S&T-0091,2026-09-22,00:00,06:00,1,Available
RAV-00061,RES-ENG-0006,2026-10-16,06:00,14:00,1,Available
RAV-00062,RES-ENG-0020,2026-10-03,22:00,06:00,1,Available
RAV-00063,RES-TRD-0125,2026-10-06,14:00,22:00,1,Available
RAV-00064,RES-ENG-0008,2026-10-01,06:00,14:00,1,Available
RAV-00065,RES-TRD-0115,2026-10-13,11:00,16:00,1,Available
RAV-00066,RES-S&T-0090,2026-10-09,00:00,06:00,0,Reserved
RAV-00067,RES-TRD-0112,2026-10-14,06:00,14:00,1,Available
RAV-00068,RES-S&T-0079,2026-10-04,06:00,14:00,0,Maintenance
RAV-00069,RES-S&T-0085,2026-09-26,22:00,06:00,0,Reserved
RAV-00070,RES-ENG-0038,2026-10-13,06:00,14:00,0,Reserved
RAV-00071,RES-S&T-0090,2026-10-14,14:00,22:00,0,Reserved
RAV-00072,RES-S&T-0061,2026-09-30,22:00,06:00,0,Reserved
RAV-00073,RES-S&T-0069,2026-10-05,14:00,22:00,0,Reserved
RAV-00074,RES-TRD-0109,2026-09-16,11:00,16:00,1,Available
RAV-00075,RES-ENG-0001,2026-09-22,22:00,06:00,0,Reserved
RAV-00076,RES-ENG-0037,2026-09-27,11:00,16:00,0,Reserved
RAV-00077,RES-TRD-0118,2026-10-14,14:00,22:00,1,Available
RAV-00078,RES-ENG-0018,2026-10-13,06:00,14:00,0,Maintenance
RAV-00079,RES-TRD-0121,2026-10-11,22:00,06:00,1,Available
RAV-00080,RES-S&T-0090,2026-09-15,00:00,06:00,0,Reserved
RAV-00081,RES-ENG-0048,2026-09-05,22:00,06:00,1,Available
RAV-00082,RES-S&T-0067,2026-09-05,14:00,22:00,1,Available
RAV-00083,RES-ENG-0021,2026-09-20,11:00,16:00,1,Available
RAV-00084,RES-S&T-0091,2026-10-13,14:00,22:00,1,Available
RAV-00085,RES-TRD-0097,2026-10-04,11:00,16:00,1,Available
RAV-00086,RES-ENG-0039,2026-09-10,11:00,16:00,1,Available
RAV-00087,RES-S&T-0083,2026-09-01,00:00,06:00,1,Available
RAV-00088,RES-TRD-0104,2026-10-04,00:00,06:00,1,Available
RAV-00089,RES-TRD-0121,2026-09-20,11:00,16:00,1,Available
RAV-00090,RES-ENG-0017,2026-09-30,11:00,16:00,1,Available
RAV-00091,RES-ENG-0028,2026-09-21,00:00,06:00,1,Available
RAV-00092,RES-ENG-0050,2026-09-29,11:00,16:00,1,Available
RAV-00093,RES-TRD-0132,2026-09-07,22:00,06:00,1,Available
RAV-00094,RES-ENG-0012,2026-10-13,11:00,16:00,0,Reserved
RAV-00095,RES-ENG-0021,2026-09-05,06:00,14:00,1,Available
RAV-00096,RES-ENG-0057,2026-09-19,06:00,14:00,1,Available
RAV-00097,RES-ENG-0011,2026-09-06,11:00,16:00,1,Available
RAV-00098,RES-S&T-0089,2026-09-04,22:00,06:00,1,Available
RAV-00099,RES-ENG-0044,2026-09-26,11:00,16:00,1,Available
RAV-00100,RES-ENG-0058,2026-09-21,06:00,14:00,1,Available
RAV-00101,RES-S&T-0064,2026-09-28,06:00,14:00,1,Available
RAV-00102,RES-ENG-0043,2026-10-10,14:00,22:00,0,Maintenance
RAV-00103,RES-S&T-0068,2026-09-02,06:00,14:00,1,Available
RAV-00104,RES-S&T-0076,2026-09-30,11:00,16:00,1,Available
RAV-00105,RES-ENG-0019,2026-09-12,22:00,06:00,1,Available
RAV-00106,RES-TRD-0106,2026-09-24,22:00,06:00,1,Available
RAV-00107,RES-S&T-0081,2026-09-28,22:00,06:00,0,Reserved
RAV-00108,RES-TRD-0131,2026-10-16,00:00,06:00,1,Available
RAV-00109,RES-TRD-0133,2026-10-10,22:00,06:00,1,Available
RAV-00110,RES-S&T-0066,2026-09-26,00:00,06:00,1,Available
RAV-00111,RES-ENG-0002,2026-10-08,14:00,22:00,0,Reserved
RAV-00112,RES-TRD-0116,2026-09-07,11:00,16:00,0,Reserved
RAV-00113,RES-ENG-0026,2026-09-21,00:00,06:00,1,Available
RAV-00114,RES-ENG-0020,2026-09-08,00:00,06:00,1,Available
RAV-00115,RES-S&T-0080,2026-09-14,22:00,06:00,1,Available
RAV-00116,RES-TRD-0101,2026-10-02,14:00,22:00,1,Available
RAV-00117,RES-S&T-0090,2026-09-20,22:00,06:00,1,Available
RAV-00118,RES-TRD-0108,2026-09-19,06:00,14:00,1,Available
RAV-00119,RES-ENG-0008,2026-09-19,22:00,06:00,0,Reserved
RAV-00120,RES-ENG-0026,2026-10-10,14:00,22:00,1,Available
RAV-00121,RES-TRD-0104,2026-09-26,14:00,22:00,1,Available
RAV-00122,RES-S&T-0075,2026-09-06,22:00,06:00,0,Reserved
RAV-00123,RES-TRD-0136,2026-09-16,06:00,14:00,1,Available
RAV-00124,RES-ENG-0058,2026-10-01,06:00,14:00,1,Available
RAV-00125,RES-S&T-0065,2026-09-01,00:00,06:00,1,Available
RAV-00126,RES-ENG-0059,2026-09-02,00:00,06:00,1,Available
RAV-00127,RES-ENG-0033,2026-10-10,11:00,16:00,0,Reserved
RAV-00128,RES-ENG-0002,2026-10-16,14:00,22:00,1,Available
RAV-00129,RES-TRD-0123,2026-09-15,11:00,16:00,1,Available
RAV-00130,RES-ENG-0023,2026-10-01,06:00,14:00,1,Available
RAV-00131,RES-TRD-0129,2026-10-04,11:00,16:00,0,Reserved
RAV-00132,RES-TRD-0109,2026-09-30,11:00,16:00,0,Reserved
RAV-00133,RES-ENG-0048,2026-09-16,00:00,06:00,1,Available
RAV-00134,RES-ENG-0025,2026-09-17,00:00,06:00,1,Available
RAV-00135,RES-ENG-0048,2026-10-02,22:00,06:00,1,Available
RAV-00136,RES-ENG-0036,2026-09-20,06:00,14:00,1,Available
RAV-00137,RES-S&T-0086,2026-10-06,00:00,06:00,1,Available
RAV-00138,RES-TRD-0128,2026-09-30,22:00,06:00,1,Available
RAV-00139,RES-S&T-0079,2026-09-26,22:00,06:00,1,Available
RAV-00140,RES-ENG-0050,2026-09-21,22:00,06:00,1,Available
RAV-00141,RES-ENG-0017,2026-10-07,22:00,06:00,1,Available
RAV-00142,RES-ENG-0010,2026-10-07,22:00,06:00,1,Available
RAV-00143,RES-ENG-0018,2026-09-09,14:00,22:00,0,Reserved
RAV-00144,RES-TRD-0105,2026-09-16,11:00,16:00,1,Available
RAV-00145,RES-ENG-0018,2026-10-15,00:00,06:00,0,Maintenance
RAV-00146,RES-S&T-0071,2026-09-04,22:00,06:00,1,Available
RAV-00147,RES-TRD-0121,2026-09-27,11:00,16:00,1,Available
RAV-00148,RES-TRD-0115,2026-09-23,06:00,14:00,1,Available
RAV-00149,RES-ENG-0022,2026-09-10,00:00,06:00,1,Available
RAV-00150,RES-TRD-0131,2026-09-30,00:00,06:00,1,Available
RAV-00151,RES-ENG-0039,2026-10-06,22:00,06:00,0,Reserved
RAV-00152,RES-S&T-0066,2026-09-26,06:00,14:00,1,Available
RAV-00153,RES-TRD-0123,2026-09-20,06:00,14:00,1,Available
RAV-00154,RES-S&T-0075,2026-10-16,06:00,14:00,1,Available
RAV-00155,RES-ENG-0050,2026-09-19,11:00,16:00,1,Available
RAV-00156,RES-ENG-0005,2026-10-08,22:00,06:00,0,Maintenance
RAV-00157,RES-ENG-0049,2026-09-26,11:00,16:00,1,Available
RAV-00158,RES-S&T-0081,2026-09-16,22:00,06:00,1,Available
RAV-00159,RES-S&T-0088,2026-09-13,14:00,22:00,1,Available
RAV-00160,RES-ENG-0050,2026-09-16,14:00,22:00,0,Reserved
RAV-00161,RES-TRD-0100,2026-09-03,22:00,06:00,1,Available
RAV-00162,RES-S&T-0070,2026-09-02,14:00,22:00,1,Available
RAV-00163,RES-ENG-0027,2026-10-05,22:00,06:00,1,Available
RAV-00164,RES-ENG-0017,2026-09-19,00:00,06:00,1,Available
RAV-00165,RES-TRD-0127,2026-10-10,22:00,06:00,0,Reserved
RAV-00166,RES-S&T-0060,2026-09-22,06:00,14:00,1,Available
RAV-00167,RES-ENG-0051,2026-10-11,00:00,06:00,1,Available
RAV-00168,RES-TRD-0104,2026-09-01,11:00,16:00,1,Available
RAV-00169,RES-ENG-0016,2026-09-14,14:00,22:00,1,Available
RAV-00170,RES-ENG-0001,2026-10-03,14:00,22:00,1,Available
RAV-00171,RES-ENG-0042,2026-10-14,11:00,16:00,1,Available
RAV-00172,RES-ENG-0023,2026-09-29,11:00,16:00,0,Reserved
RAV-00173,RES-ENG-0039,2026-09-13,11:00,16:00,1,Available
RAV-00174,RES-S&T-0086,2026-10-10,00:00,06:00,0,Maintenance
RAV-00175,RES-S&T-0086,2026-10-13,22:00,06:00,1,Available
RAV-00176,RES-ENG-0024,2026-09-24,11:00,16:00,1,Available
RAV-00177,RES-ENG-0010,2026-10-14,00:00,06:00,1,Available
RAV-00178,RES-S&T-0075,2026-10-01,11:00,16:00,1,Available
RAV-00179,RES-S&T-0060,2026-09-11,11:00,16:00,1,Available
RAV-00180,RES-ENG-0052,2026-09-07,14:00,22:00,1,Available
RAV-00181,RES-ENG-0027,2026-09-24,22:00,06:00,1,Available
RAV-00182,RES-TRD-0114,2026-10-09,11:00,16:00,0,Reserved
RAV-00183,RES-TRD-0132,2026-10-10,14:00,22:00,0,Maintenance
RAV-00184,RES-S&T-0075,2026-09-09,22:00,06:00,1,Available
RAV-00185,RES-TRD-0127,2026-09-26,22:00,06:00,1,Available
RAV-00186,RES-TRD-0125,2026-09-28,22:00,06:00,1,Available
RAV-00187,RES-TRD-0113,2026-10-16,06:00,14:00,1,Available
RAV-00188,RES-ENG-0007,2026-09-16,22:00,06:00,0,Maintenance
RAV-00189,RES-TRD-0128,2026-09-03,06:00,14:00,1,Available
RAV-00190,RES-S&T-0094,2026-10-04,14:00,22:00,1,Available
RAV-00191,RES-TRD-0133,2026-10-01,14:00,22:00,0,Reserved
RAV-00192,RES-ENG-0032,2026-09-01,06:00,14:00,1,Available
RAV-00193,RES-TRD-0113,2026-10-10,22:00,06:00,1,Available
RAV-00194,RES-S&T-0091,2026-09-20,00:00,06:00,1,Available
RAV-00195,RES-TRD-0120,2026-09-07,00:00,06:00,0,Reserved
RAV-00196,RES-TRD-0133,2026-09-25,06:00,14:00,1,Available
RAV-00197,RES-TRD-0116,2026-10-10,11:00,16:00,1,Available
RAV-00198,RES-TRD-0128,2026-09-05,00:00,06:00,1,Available
RAV-00199,RES-TRD-0121,2026-09-20,14:00,22:00,1,Available
RAV-00200,RES-ENG-0042,2026-09-15,14:00,22:00,1,Available
RAV-00201,RES-TRD-0097,2026-10-11,00:00,06:00,1,Available
RAV-00202,RES-S&T-0086,2026-09-06,22:00,06:00,1,Available
RAV-00203,RES-S&T-0071,2026-09-12,14:00,22:00,1,Available
RAV-00204,RES-S&T-0084,2026-09-21,11:00,16:00,1,Available
RAV-00205,RES-ENG-0009,2026-09-02,22:00,06:00,1,Available
RAV-00206,RES-ENG-0002,2026-09-11,00:00,06:00,1,Available
RAV-00207,RES-S&T-0084,2026-09-08,00:00,06:00,1,Available
RAV-00208,RES-S&T-0080,2026-09-30,06:00,14:00,0,Maintenance
RAV-00209,RES-TRD-0096,2026-09-09,06:00,14:00,1,Available
RAV-00210,RES-S&T-0072,2026-09-10,22:00,06:00,0,Maintenance
RAV-00211,RES-ENG-0018,2026-10-12,11:00,16:00,0,Reserved
RAV-00212,RES-S&T-0071,2026-09-11,00:00,06:00,0,Maintenance
RAV-00213,RES-ENG-0050,2026-09-04,00:00,06:00,1,Available
RAV-00214,RES-TRD-0098,2026-10-01,22:00,06:00,1,Available
RAV-00215,RES-TRD-0113,2026-10-03,06:00,14:00,1,Available
RAV-00216,RES-TRD-0103,2026-09-09,00:00,06:00,1,Available
RAV-00217,RES-TRD-0107,2026-09-15,14:00,22:00,1,Available
RAV-00218,RES-ENG-0005,2026-09-02,14:00,22:00,1,Available
RAV-00219,RES-S&T-0083,2026-10-01,06:00,14:00,1,Available
RAV-00220,RES-TRD-0104,2026-10-08,22:00,06:00,1,Available
RAV-00221,RES-ENG-0046,2026-10-13,11:00,16:00,0,Maintenance
RAV-00222,RES-ENG-0009,2026-09-03,11:00,16:00,0,Reserved
RAV-00223,RES-ENG-0058,2026-09-18,14:00,22:00,1,Available
RAV-00224,RES-TRD-0136,2026-10-16,22:00,06:00,1,Available
RAV-00225,RES-ENG-0004,2026-09-27,22:00,06:00,1,Available
RAV-00226,RES-S&T-0066,2026-09-14,11:00,16:00,1,Available
RAV-00227,RES-TRD-0120,2026-09-28,14:00,22:00,0,Maintenance
RAV-00228,RES-S&T-0060,2026-10-01,06:00,14:00,1,Available
RAV-00229,RES-ENG-0001,2026-09-05,22:00,06:00,1,Available
RAV-00230,RES-ENG-0012,2026-10-10,11:00,16:00,1,Available
RAV-00231,RES-S&T-0078,2026-09-23,14:00,22:00,1,Available
RAV-00232,RES-S&T-0085,2026-09-30,11:00,16:00,0,Reserved
RAV-00233,RES-ENG-0058,2026-09-13,11:00,16:00,1,Available
RAV-00234,RES-ENG-0033,2026-10-14,14:00,22:00,1,Available
RAV-00235,RES-S&T-0072,2026-10-13,06:00,14:00,0,Reserved
RAV-00236,RES-ENG-0024,2026-09-30,11:00,16:00,1,Available
RAV-00237,RES-ENG-0054,2026-09-27,00:00,06:00,1,Available
RAV-00238,RES-ENG-0014,2026-10-11,11:00,16:00,1,Available
RAV-00239,RES-ENG-0020,2026-10-16,11:00,16:00,1,Available
RAV-00240,RES-ENG-0058,2026-09-15,11:00,16:00,1,Available
RAV-00241,RES-ENG-0021,2026-09-15,06:00,14:00,1,Available
RAV-00242,RES-TRD-0133,2026-10-11,06:00,14:00,1,Available
RAV-00243,RES-S&T-0069,2026-09-25,14:00,22:00,1,Available
RAV-00244,RES-ENG-0009,2026-10-08,00:00,06:00,1,Available
RAV-00245,RES-ENG-0051,2026-09-23,22:00,06:00,0,Reserved
RAV-00246,RES-TRD-0131,2026-09-12,14:00,22:00,0,Maintenance
RAV-00247,RES-TRD-0118,2026-09-13,14:00,22:00,1,Available
RAV-00248,RES-TRD-0136,2026-10-06,06:00,14:00,1,Available
RAV-00249,RES-S&T-0091,2026-09-05,00:00,06:00,1,Available
RAV-00250,RES-ENG-0020,2026-09-24,11:00,16:00,1,Available
RAV-00251,RES-ENG-0012,2026-09-05,06:00,14:00,0,Maintenance
RAV-00252,RES-ENG-0054,2026-09-18,14:00,22:00,1,Available
RAV-00253,RES-TRD-0107,2026-09-13,06:00,14:00,1,Available
RAV-00254,RES-S&T-0094,2026-09-13,11:00,16:00,0,Reserved
RAV-00255,RES-ENG-0001,2026-09-13,14:00,22:00,1,Available
RAV-00256,RES-TRD-0098,2026-09-23,14:00,22:00,1,Available
RAV-00257,RES-ENG-0039,2026-10-11,00:00,06:00,1,Available
RAV-00258,RES-TRD-0131,2026-09-16,11:00,16:00,1,Available
RAV-00259,RES-TRD-0131,2026-09-26,22:00,06:00,1,Available
RAV-00260,RES-ENG-0034,2026-09-03,14:00,22:00,1,Available
RAV-00261,RES-TRD-0112,2026-09-02,11:00,16:00,1,Available
RAV-00262,RES-S&T-0094,2026-09-04,14:00,22:00,1,Available
RAV-00263,RES-TRD-0128,2026-10-07,14:00,22:00,1,Available
RAV-00264,RES-S&T-0092,2026-09-26,14:00,22:00,1,Available
RAV-00265,RES-S&T-0077,2026-09-17,06:00,14:00,1,Available
RAV-00266,RES-ENG-0044,2026-10-02,06:00,14:00,1,Available
RAV-00267,RES-TRD-0108,2026-10-07,00:00,06:00,1,Available
RAV-00268,RES-S&T-0087,2026-09-06,06:00,14:00,0,Reserved
RAV-00269,RES-ENG-0006,2026-09-18,00:00,06:00,0,Reserved
RAV-00270,RES-ENG-0029,2026-09-28,00:00,06:00,1,Available
RAV-00271,RES-TRD-0119,2026-09-02,14:00,22:00,1,Available
RAV-00272,RES-S&T-0076,2026-10-08,14:00,22:00,1,Available
RAV-00273,RES-ENG-0017,2026-09-06,11:00,16:00,1,Available
RAV-00274,RES-ENG-0027,2026-10-09,22:00,06:00,1,Available
RAV-00275,RES-TRD-0136,2026-09-19,14:00,22:00,1,Available
RAV-00276,RES-ENG-0010,2026-10-15,00:00,06:00,1,Available
RAV-00277,RES-TRD-0130,2026-09-04,11:00,16:00,1,Available
RAV-00278,RES-S&T-0092,2026-09-28,22:00,06:00,1,Available
RAV-00279,RES-TRD-0114,2026-09-15,00:00,06:00,1,Available
RAV-00280,RES-TRD-0129,2026-09-12,06:00,14:00,1,Available
RAV-00281,RES-S&T-0066,2026-09-12,22:00,06:00,0,Reserved
RAV-00282,RES-ENG-0024,2026-09-02,22:00,06:00,1,Available
RAV-00283,RES-TRD-0108,2026-10-09,14:00,22:00,1,Available
RAV-00284,RES-S&T-0068,2026-09-20,14:00,22:00,1,Available
RAV-00285,RES-ENG-0039,2026-09-25,11:00,16:00,1,Available
RAV-00286,RES-S&T-0080,2026-09-29,00:00,06:00,1,Available
RAV-00287,RES-TRD-0132,2026-09-07,14:00,22:00,1,Available
RAV-00288,RES-TRD-0108,2026-10-09,22:00,06:00,1,Available
RAV-00289,RES-ENG-0038,2026-09-10,06:00,14:00,1,Available
RAV-00290,RES-TRD-0111,2026-09-05,06:00,14:00,1,Available
RAV-00291,RES-TRD-0122,2026-09-21,14:00,22:00,1,Available
RAV-00292,RES-ENG-0028,2026-09-03,00:00,06:00,1,Available
RAV-00293,RES-ENG-0015,2026-09-10,06:00,14:00,0,Reserved
RAV-00294,RES-ENG-0009,2026-09-05,22:00,06:00,1,Available
RAV-00295,RES-S&T-0083,2026-10-09,06:00,14:00,1,Available
RAV-00296,RES-TRD-0115,2026-10-16,14:00,22:00,1,Available
RAV-00297,RES-S&T-0060,2026-09-08,11:00,16:00,1,Available
RAV-00298,RES-S&T-0067,2026-09-16,06:00,14:00,1,Available
RAV-00299,RES-ENG-0001,2026-09-05,11:00,16:00,1,Available
RAV-00300,RES-ENG-0028,2026-10-07,11:00,16:00,1,Available
RAV-00301,RES-ENG-0056,2026-10-12,00:00,06:00,0,Reserved
RAV-00302,RES-ENG-0047,2026-09-21,14:00,22:00,1,Available
RAV-00303,RES-TRD-0131,2026-09-27,06:00,14:00,1,Available
RAV-00304,RES-TRD-0118,2026-09-04,11:00,16:00,1,Available
RAV-00305,RES-TRD-0130,2026-09-01,14:00,22:00,1,Available
RAV-00306,RES-TRD-0134,2026-09-21,06:00,14:00,1,Available
RAV-00307,RES-TRD-0123,2026-09-19,14:00,22:00,1,Available
RAV-00308,RES-TRD-0111,2026-09-02,06:00,14:00,0,Reserved
RAV-00309,RES-ENG-0012,2026-09-27,11:00,16:00,1,Available
RAV-00310,RES-ENG-0042,2026-09-10,11:00,16:00,1,Available
RAV-00311,RES-TRD-0108,2026-09-07,00:00,06:00,1,Available
RAV-00312,RES-S&T-0093,2026-09-21,14:00,22:00,1,Available
RAV-00313,RES-S&T-0068,2026-09-23,11:00,16:00,1,Available
RAV-00314,RES-ENG-0025,2026-10-08,06:00,14:00,1,Available
RAV-00315,RES-ENG-0039,2026-09-09,22:00,06:00,0,Reserved
RAV-00316,RES-S&T-0078,2026-10-12,00:00,06:00,1,Available
RAV-00317,RES-TRD-0127,2026-09-16,06:00,14:00,1,Available
RAV-00318,RES-ENG-0020,2026-09-07,11:00,16:00,0,Maintenance
RAV-00319,RES-TRD-0125,2026-09-29,14:00,22:00,1,Available
RAV-00320,RES-ENG-0049,2026-09-03,06:00,14:00,1,Available
RAV-00321,RES-S&T-0071,2026-09-30,22:00,06:00,0,Reserved
RAV-00322,RES-S&T-0076,2026-09-08,14:00,22:00,1,Available
RAV-00323,RES-TRD-0099,2026-09-19,06:00,14:00,1,Available
RAV-00324,RES-ENG-0010,2026-10-04,22:00,06:00,1,Available
RAV-00325,RES-S&T-0080,2026-10-15,14:00,22:00,1,Available
RAV-00326,RES-TRD-0108,2026-09-29,00:00,06:00,1,Available
RAV-00327,RES-ENG-0015,2026-10-11,22:00,06:00,1,Available
RAV-00328,RES-ENG-0003,2026-09-13,22:00,06:00,1,Available
RAV-00329,RES-ENG-0048,2026-09-29,14:00,22:00,0,Maintenance
RAV-00330,RES-S&T-0067,2026-09-26,14:00,22:00,0,Reserved
RAV-00331,RES-TRD-0122,2026-09-06,14:00,22:00,0,Reserved
RAV-00332,RES-TRD-0130,2026-09-05,14:00,22:00,1,Available
RAV-00333,RES-TRD-0131,2026-10-15,06:00,14:00,1,Available
RAV-00334,RES-ENG-0014,2026-09-27,22:00,06:00,1,Available
RAV-00335,RES-S&T-0080,2026-09-04,06:00,14:00,1,Available
RAV-00336,RES-ENG-0003,2026-10-12,11:00,16:00,1,Available
RAV-00337,RES-ENG-0030,2026-09-15,06:00,14:00,0,Maintenance
RAV-00338,RES-ENG-0024,2026-09-06,14:00,22:00,0,Reserved
RAV-00339,RES-TRD-0127,2026-10-04,11:00,16:00,1,Available
RAV-00340,RES-S&T-0090,2026-09-30,11:00,16:00,1,Available
RAV-00341,RES-TRD-0104,2026-10-06,22:00,06:00,1,Available
RAV-00342,RES-S&T-0079,2026-09-23,22:00,06:00,1,Available
RAV-00343,RES-ENG-0032,2026-09-10,22:00,06:00,1,Available
RAV-00344,RES-ENG-0027,2026-10-08,11:00,16:00,1,Available
RAV-00345,RES-ENG-0013,2026-10-02,14:00,22:00,1,Available
RAV-00346,RES-ENG-0031,2026-09-29,06:00,14:00,1,Available
RAV-00347,RES-ENG-0004,2026-10-10,06:00,14:00,1,Available
RAV-00348,RES-ENG-0058,2026-09-03,06:00,14:00,1,Available
RAV-00349,RES-TRD-0103,2026-09-06,22:00,06:00,1,Available
RAV-00350,RES-TRD-0114,2026-10-06,11:00,16:00,0,Reserved
RAV-00351,RES-TRD-0122,2026-10-06,06:00,14:00,1,Available
RAV-00352,RES-ENG-0022,2026-09-02,14:00,22:00,1,Available
RAV-00353,RES-ENG-0027,2026-09-04,00:00,06:00,1,Available
RAV-00354,RES-S&T-0090,2026-10-07,00:00,06:00,1,Available
RAV-00355,RES-S&T-0067,2026-09-29,14:00,22:00,1,Available
RAV-00356,RES-TRD-0135,2026-09-26,11:00,16:00,0,Reserved
RAV-00357,RES-TRD-0127,2026-09-01,22:00,06:00,1,Available
RAV-00358,RES-ENG-0024,2026-09-23,14:00,22:00,0,Reserved
RAV-00359,RES-S&T-0068,2026-10-09,11:00,16:00,1,Available
RAV-00360,RES-S&T-0061,2026-09-09,00:00,06:00,1,Available
RAV-00361,RES-ENG-0042,2026-10-11,14:00,22:00,0,Reserved
RAV-00362,RES-ENG-0012,2026-09-16,11:00,16:00,1,Available
RAV-00363,RES-TRD-0134,2026-09-16,06:00,14:00,1,Available
RAV-00364,RES-ENG-0026,2026-09-10,22:00,06:00,1,Available
RAV-00365,RES-ENG-0015,2026-09-07,11:00,16:00,1,Available
RAV-00366,RES-TRD-0126,2026-09-30,11:00,16:00,1,Available
RAV-00367,RES-S&T-0085,2026-09-07,06:00,14:00,1,Available
RAV-00368,RES-ENG-0005,2026-10-02,11:00,16:00,1,Available
RAV-00369,RES-TRD-0133,2026-09-17,00:00,06:00,1,Available
RAV-00370,RES-S&T-0062,2026-10-14,14:00,22:00,1,Available
RAV-00371,RES-ENG-0028,2026-09-02,22:00,06:00,1,Available
RAV-00372,RES-ENG-0007,2026-09-12,00:00,06:00,1,Available
RAV-00373,RES-ENG-0033,2026-10-16,00:00,06:00,1,Available
RAV-00374,RES-ENG-0041,2026-09-15,00:00,06:00,1,Available
RAV-00375,RES-ENG-0027,2026-09-05,06:00,14:00,1,Available
RAV-00376,RES-ENG-0050,2026-09-17,22:00,06:00,1,Available
RAV-00377,RES-S&T-0071,2026-10-16,22:00,06:00,1,Available
RAV-00378,RES-TRD-0123,2026-09-15,00:00,06:00,1,Available
RAV-00379,RES-ENG-0040,2026-10-15,00:00,06:00,1,Available
RAV-00380,RES-TRD-0124,2026-10-16,11:00,16:00,1,Available
RAV-00381,RES-TRD-0116,2026-10-05,00:00,06:00,1,Available
RAV-00382,RES-ENG-0008,2026-10-07,00:00,06:00,1,Available
RAV-00383,RES-TRD-0131,2026-10-14,11:00,16:00,1,Available
RAV-00384,RES-ENG-0025,2026-10-01,11:00,16:00,1,Available
RAV-00385,RES-ENG-0016,2026-10-05,14:00,22:00,1,Available
RAV-00386,RES-TRD-0104,2026-09-18,06:00,14:00,1,Available
RAV-00387,RES-S&T-0091,2026-09-19,00:00,06:00,1,Available
RAV-00388,RES-ENG-0011,2026-09-30,22:00,06:00,1,Available
RAV-00389,RES-ENG-0031,2026-09-27,22:00,06:00,1,Available
RAV-00390,RES-TRD-0110,2026-09-06,11:00,16:00,1,Available
RAV-00391,RES-TRD-0120,2026-10-04,00:00,06:00,1,Available
RAV-00392,RES-ENG-0011,2026-10-16,00:00,06:00,1,Available
RAV-00393,RES-S&T-0089,2026-09-06,11:00,16:00,1,Available
RAV-00394,RES-ENG-0057,2026-09-07,00:00,06:00,1,Available
RAV-00395,RES-ENG-0043,2026-09-29,22:00,06:00,1,Available
RAV-00396,RES-ENG-0059,2026-09-25,06:00,14:00,0,Reserved
RAV-00397,RES-ENG-0030,2026-09-04,06:00,14:00,1,Available
RAV-00398,RES-ENG-0031,2026-09-02,11:00,16:00,1,Available
RAV-00399,RES-TRD-0133,2026-09-26,14:00,22:00,1,Available
RAV-00400,RES-ENG-0046,2026-10-07,11:00,16:00,1,Available
RAV-00401,RES-ENG-0047,2026-10-08,22:00,06:00,1,Available
RAV-00402,RES-TRD-0131,2026-10-16,06:00,14:00,1,Available
RAV-00403,RES-ENG-0031,2026-10-01,14:00,22:00,1,Available
RAV-00404,RES-S&T-0064,2026-09-18,00:00,06:00,1,Available
RAV-00405,RES-ENG-0030,2026-09-28,14:00,22:00,1,Available
RAV-00406,RES-ENG-0021,2026-09-02,06:00,14:00,1,Available
RAV-00407,RES-S&T-0063,2026-10-02,14:00,22:00,0,Reserved
RAV-00408,RES-ENG-0016,2026-09-11,14:00,22:00,1,Available
RAV-00409,RES-ENG-0021,2026-10-12,00:00,06:00,1,Available
RAV-00410,RES-ENG-0007,2026-10-16,06:00,14:00,1,Available
RAV-00411,RES-S&T-0064,2026-10-12,00:00,06:00,0,Reserved
RAV-00412,RES-S&T-0082,2026-09-26,00:00,06:00,1,Available
RAV-00413,RES-S&T-0085,2026-09-17,22:00,06:00,1,Available
RAV-00414,RES-TRD-0132,2026-09-06,06:00,14:00,1,Available
RAV-00415,RES-ENG-0059,2026-09-06,00:00,06:00,1,Available
RAV-00416,RES-S&T-0070,2026-09-27,06:00,14:00,0,Reserved
RAV-00417,RES-TRD-0135,2026-10-14,11:00,16:00,1,Available
RAV-00418,RES-TRD-0102,2026-10-10,14:00,22:00,1,Available
RAV-00419,RES-TRD-0127,2026-09-07,11:00,16:00,1,Available
RAV-00420,RES-S&T-0075,2026-10-07,22:00,06:00,1,Available
RAV-00421,RES-TRD-0126,2026-09-25,22:00,06:00,0,Reserved
RAV-00422,RES-ENG-0013,2026-10-13,00:00,06:00,1,Available
RAV-00423,RES-S&T-0060,2026-09-25,22:00,06:00,1,Available
RAV-00424,RES-TRD-0109,2026-09-30,14:00,22:00,1,Available
RAV-00425,RES-ENG-0013,2026-10-03,06:00,14:00,1,Available
RAV-00426,RES-ENG-0047,2026-10-10,22:00,06:00,1,Available
RAV-00427,RES-ENG-0040,2026-10-16,14:00,22:00,1,Available
RAV-00428,RES-ENG-0015,2026-10-12,11:00,16:00,1,Available
RAV-00429,RES-ENG-0029,2026-09-30,06:00,14:00,0,Reserved
RAV-00430,RES-TRD-0134,2026-09-22,14:00,22:00,1,Available
RAV-00431,RES-S&T-0063,2026-09-24,22:00,06:00,1,Available
RAV-00432,RES-TRD-0130,2026-09-29,22:00,06:00,1,Available
RAV-00433,RES-S&T-0084,2026-09-01,00:00,06:00,1,Available
RAV-00434,RES-ENG-0047,2026-09-18,00:00,06:00,1,Available
RAV-00435,RES-ENG-0053,2026-09-27,14:00,22:00,1,Available
RAV-00436,RES-S&T-0063,2026-10-05,14:00,22:00,1,Available
RAV-00437,RES-TRD-0129,2026-10-10,00:00,06:00,1,Available
RAV-00438,RES-ENG-0035,2026-09-15,00:00,06:00,0,Reserved
RAV-00439,RES-ENG-0043,2026-09-13,22:00,06:00,1,Available
RAV-00440,RES-TRD-0128,2026-09-07,11:00,16:00,1,Available
RAV-00441,RES-S&T-0094,2026-10-09,14:00,22:00,1,Available
RAV-00442,RES-S&T-0063,2026-09-08,11:00,16:00,1,Available
RAV-00443,RES-TRD-0132,2026-10-06,14:00,22:00,1,Available
RAV-00444,RES-S&T-0065,2026-09-02,06:00,14:00,1,Available
RAV-00445,RES-S&T-0071,2026-09-18,06:00,14:00,1,Available
RAV-00446,RES-S&T-0081,2026-09-05,00:00,06:00,1,Available
RAV-00447,RES-ENG-0040,2026-09-23,00:00,06:00,0,Maintenance
RAV-00448,RES-ENG-0053,2026-09-19,22:00,06:00,1,Available
RAV-00449,RES-ENG-0004,2026-09-16,00:00,06:00,1,Available
RAV-00450,RES-TRD-0110,2026-09-26,11:00,16:00,1,Available
RAV-00451,RES-S&T-0081,2026-10-15,00:00,06:00,1,Available
RAV-00452,RES-ENG-0038,2026-10-03,06:00,14:00,1,Available
RAV-00453,RES-S&T-0075,2026-09-07,06:00,14:00,1,Available
RAV-00454,RES-ENG-0059,2026-09-26,11:00,16:00,1,Available
RAV-00455,RES-ENG-0003,2026-09-10,14:00,22:00,0,Maintenance
RAV-00456,RES-ENG-0016,2026-10-14,11:00,16:00,1,Available
RAV-00457,RES-TRD-0105,2026-09-19,00:00,06:00,0,Maintenance
RAV-00458,RES-ENG-0029,2026-10-01,14:00,22:00,1,Available
RAV-00459,RES-S&T-0074,2026-10-02,11:00,16:00,1,Available
RAV-00460,RES-TRD-0132,2026-09-05,00:00,06:00,0,Maintenance
RAV-00461,RES-ENG-0014,2026-09-17,06:00,14:00,1,Available
RAV-00462,RES-S&T-0072,2026-10-07,06:00,14:00,1,Available
RAV-00463,RES-TRD-0122,2026-09-03,22:00,06:00,1,Available
RAV-00464,RES-TRD-0101,2026-09-14,22:00,06:00,1,Available
RAV-00465,RES-S&T-0076,2026-10-01,22:00,06:00,0,Maintenance
RAV-00466,RES-TRD-0118,2026-09-09,14:00,22:00,0,Reserved
RAV-00467,RES-S&T-0084,2026-09-19,22:00,06:00,1,Available
RAV-00468,RES-TRD-0107,2026-09-09,11:00,16:00,1,Available
RAV-00469,RES-ENG-0013,2026-10-07,06:00,14:00,1,Available
RAV-00470,RES-ENG-0053,2026-09-21,00:00,06:00,0,Reserved
RAV-00471,RES-TRD-0127,2026-10-07,06:00,14:00,1,Available
RAV-00472,RES-S&T-0080,2026-09-12,00:00,06:00,1,Available
RAV-00473,RES-ENG-0015,2026-09-10,22:00,06:00,1,Available
RAV-00474,RES-ENG-0007,2026-09-04,11:00,16:00,0,Maintenance
RAV-00475,RES-TRD-0100,2026-10-16,00:00,06:00,0,Reserved
RAV-00476,RES-ENG-0053,2026-09-23,22:00,06:00,1,Available
RAV-00477,RES-TRD-0129,2026-09-13,06:00,14:00,0,Reserved
RAV-00478,RES-ENG-0042,2026-09-26,22:00,06:00,0,Maintenance
RAV-00479,RES-TRD-0125,2026-09-03,11:00,16:00,1,Available
RAV-00480,RES-TRD-0118,2026-09-08,00:00,06:00,1,Available
RAV-00481,RES-S&T-0071,2026-10-06,00:00,06:00,1,Available
RAV-00482,RES-ENG-0009,2026-10-04,06:00,14:00,1,Available
RAV-00483,RES-TRD-0119,2026-10-11,22:00,06:00,1,Available
RAV-00484,RES-ENG-0047,2026-10-08,11:00,16:00,1,Available
RAV-00485,RES-TRD-0099,2026-10-15,06:00,14:00,1,Available
RAV-00486,RES-TRD-0112,2026-09-24,14:00,22:00,1,Available
RAV-00487,RES-ENG-0030,2026-09-09,00:00,06:00,1,Available
RAV-00488,RES-ENG-0007,2026-10-14,22:00,06:00,1,Available
RAV-00489,RES-TRD-0135,2026-10-08,06:00,14:00,1,Available
RAV-00490,RES-TRD-0105,2026-09-10,14:00,22:00,1,Available
RAV-00491,RES-ENG-0017,2026-09-22,06:00,14:00,1,Available
RAV-00492,RES-ENG-0012,2026-10-13,06:00,14:00,1,Available
RAV-00493,RES-S&T-0084,2026-09-24,06:00,14:00,1,Available
RAV-00494,RES-ENG-0056,2026-09-02,06:00,14:00,1,Available
RAV-00495,RES-ENG-0030,2026-10-14,00:00,06:00,1,Available
RAV-00496,RES-ENG-0048,2026-09-01,00:00,06:00,0,Reserved
RAV-00497,RES-S&T-0067,2026-09-10,00:00,06:00,1,Available
RAV-00498,RES-ENG-0029,2026-10-09,06:00,14:00,1,Available
RAV-00499,RES-ENG-0056,2026-10-02,00:00,06:00,1,Available
RAV-00500,RES-S&T-0073,2026-09-24,00:00,06:00,1,Available
RAV-00501,RES-TRD-0108,2026-09-21,14:00,22:00,0,Maintenance
RAV-00502,RES-ENG-0050,2026-09-19,22:00,06:00,1,Available
RAV-00503,RES-S&T-0082,2026-09-17,14:00,22:00,1,Available
RAV-00504,RES-S&T-0064,2026-10-10,14:00,22:00,1,Available
RAV-00505,RES-ENG-0046,2026-10-03,14:00,22:00,1,Available
RAV-00506,RES-ENG-0044,2026-09-28,00:00,06:00,0,Reserved
RAV-00507,RES-TRD-0096,2026-09-03,22:00,06:00,0,Maintenance
RAV-00508,RES-S&T-0086,2026-10-15,06:00,14:00,0,Reserved
RAV-00509,RES-ENG-0006,2026-10-04,11:00,16:00,1,Available
RAV-00510,RES-TRD-0099,2026-09-27,22:00,06:00,1,Available
RAV-00511,RES-S&T-0088,2026-09-24,06:00,14:00,1,Available
RAV-00512,RES-S&T-0074,2026-09-15,00:00,06:00,0,Reserved
RAV-00513,RES-ENG-0046,2026-09-23,06:00,14:00,1,Available
RAV-00514,RES-TRD-0122,2026-09-03,00:00,06:00,1,Available
RAV-00515,RES-TRD-0133,2026-09-07,11:00,16:00,0,Reserved
RAV-00516,RES-TRD-0122,2026-09-05,00:00,06:00,0,Reserved
RAV-00517,RES-TRD-0123,2026-09-03,00:00,06:00,0,Reserved
RAV-00518,RES-ENG-0031,2026-10-08,06:00,14:00,1,Available
RAV-00519,RES-S&T-0064,2026-10-15,06:00,14:00,1,Available
RAV-00520,RES-ENG-0044,2026-10-10,14:00,22:00,1,Available
RAV-00521,RES-S&T-0073,2026-10-08,22:00,06:00,1,Available
RAV-00522,RES-ENG-0018,2026-10-11,06:00,14:00,1,Available
RAV-00523,RES-S&T-0080,2026-09-07,00:00,06:00,1,Available
RAV-00524,RES-ENG-0034,2026-10-01,00:00,06:00,1,Available
RAV-00525,RES-TRD-0103,2026-09-21,14:00,22:00,1,Available
RAV-00526,RES-S&T-0084,2026-10-11,22:00,06:00,1,Available
RAV-00527,RES-S&T-0083,2026-09-07,14:00,22:00,1,Available
RAV-00528,RES-TRD-0123,2026-10-06,00:00,06:00,1,Available
RAV-00529,RES-ENG-0024,2026-09-27,11:00,16:00,1,Available
RAV-00530,RES-TRD-0097,2026-10-03,00:00,06:00,0,Maintenance
RAV-00531,RES-S&T-0089,2026-09-29,00:00,06:00,1,Available
RAV-00532,RES-TRD-0112,2026-10-09,00:00,06:00,0,Maintenance
RAV-00533,RES-S&T-0084,2026-10-03,00:00,06:00,1,Available
RAV-00534,RES-TRD-0107,2026-09-16,06:00,14:00,1,Available
RAV-00535,RES-S&T-0094,2026-09-04,14:00,22:00,1,Available
RAV-00536,RES-TRD-0096,2026-10-09,06:00,14:00,1,Available
RAV-00537,RES-ENG-0043,2026-09-08,00:00,06:00,1,Available
RAV-00538,RES-S&T-0082,2026-10-15,00:00,06:00,1,Available
RAV-00539,RES-S&T-0060,2026-09-16,11:00,16:00,1,Available
RAV-00540,RES-S&T-0088,2026-09-08,06:00,14:00,1,Available
RAV-00541,RES-S&T-0066,2026-09-18,14:00,22:00,1,Available
RAV-00542,RES-ENG-0027,2026-09-04,14:00,22:00,1,Available
RAV-00543,RES-TRD-0131,2026-09-12,11:00,16:00,1,Available
RAV-00544,RES-TRD-0117,2026-10-11,22:00,06:00,0,Reserved
RAV-00545,RES-ENG-0022,2026-10-10,11:00,16:00,1,Available
RAV-00546,RES-ENG-0008,2026-09-25,22:00,06:00,1,Available
RAV-00547,RES-ENG-0006,2026-09-28,06:00,14:00,1,Available
RAV-00548,RES-TRD-0110,2026-09-10,22:00,06:00,0,Reserved
RAV-00549,RES-ENG-0010,2026-09-28,06:00,14:00,1,Available
RAV-00550,RES-ENG-0035,2026-10-12,00:00,06:00,1,Available
RAV-00551,RES-ENG-0054,2026-09-14,11:00,16:00,0,Reserved
RAV-00552,RES-ENG-0016,2026-10-13,22:00,06:00,1,Available
RAV-00553,RES-S&T-0091,2026-09-21,14:00,22:00,1,Available
RAV-00554,RES-S&T-0062,2026-09-07,00:00,06:00,1,Available
RAV-00555,RES-ENG-0001,2026-09-01,14:00,22:00,1,Available
RAV-00556,RES-ENG-0048,2026-09-17,22:00,06:00,1,Available
RAV-00557,RES-S&T-0082,2026-10-08,00:00,06:00,1,Available
RAV-00558,RES-ENG-0024,2026-09-26,14:00,22:00,0,Maintenance
RAV-00559,RES-TRD-0097,2026-09-28,11:00,16:00,1,Available
RAV-00560,RES-TRD-0116,2026-09-23,06:00,14:00,1,Available
RAV-00561,RES-ENG-0051,2026-09-12,00:00,06:00,1,Available
RAV-00562,RES-S&T-0061,2026-10-03,00:00,06:00,1,Available
RAV-00563,RES-ENG-0002,2026-10-07,22:00,06:00,1,Available
RAV-00564,RES-TRD-0101,2026-09-20,06:00,14:00,1,Available
RAV-00565,RES-TRD-0132,2026-09-05,06:00,14:00,1,Available
RAV-00566,RES-ENG-0024,2026-10-07,11:00,16:00,1,Available
RAV-00567,RES-TRD-0127,2026-09-07,00:00,06:00,1,Available
RAV-00568,RES-S&T-0094,2026-10-06,14:00,22:00,1,Available
RAV-00569,RES-ENG-0017,2026-09-26,14:00,22:00,1,Available
RAV-00570,RES-TRD-0128,2026-09-13,11:00,16:00,1,Available
RAV-00571,RES-S&T-0077,2026-09-24,00:00,06:00,1,Available
RAV-00572,RES-S&T-0065,2026-09-18,06:00,14:00,1,Available
RAV-00573,RES-ENG-0015,2026-10-11,06:00,14:00,1,Available
RAV-00574,RES-ENG-0012,2026-09-25,00:00,06:00,1,Available
RAV-00575,RES-TRD-0111,2026-09-30,06:00,14:00,1,Available
RAV-00576,RES-ENG-0034,2026-09-14,06:00,14:00,1,Available
RAV-00577,RES-ENG-0020,2026-09-01,00:00,06:00,1,Available
RAV-00578,RES-ENG-0035,2026-09-10,22:00,06:00,1,Available
RAV-00579,RES-ENG-0038,2026-09-12,06:00,14:00,1,Available
RAV-00580,RES-TRD-0116,2026-09-18,14:00,22:00,1,Available
RAV-00581,RES-TRD-0116,2026-09-01,00:00,06:00,1,Available
RAV-00582,RES-ENG-0030,2026-09-05,22:00,06:00,1,Available
RAV-00583,RES-S&T-0080,2026-09-04,14:00,22:00,1,Available
RAV-00584,RES-S&T-0088,2026-09-06,22:00,06:00,1,Available
RAV-00585,RES-TRD-0125,2026-09-21,00:00,06:00,1,Available
RAV-00586,RES-TRD-0131,2026-09-09,11:00,16:00,1,Available
RAV-00587,RES-TRD-0112,2026-09-30,22:00,06:00,1,Available
RAV-00588,RES-ENG-0036,2026-10-07,11:00,16:00,0,Reserved
RAV-00589,RES-S&T-0066,2026-10-13,00:00,06:00,1,Available
RAV-00590,RES-ENG-0033,2026-10-09,06:00,14:00,0,Reserved
RAV-00591,RES-TRD-0108,2026-10-14,11:00,16:00,1,Available
RAV-00592,RES-ENG-0008,2026-09-04,00:00,06:00,1,Available
RAV-00593,RES-ENG-0045,2026-10-10,11:00,16:00,1,Available
RAV-00594,RES-S&T-0090,2026-10-13,11:00,16:00,0,Reserved
RAV-00595,RES-ENG-0023,2026-09-30,11:00,16:00,1,Available
RAV-00596,RES-ENG-0003,2026-09-22,11:00,16:00,0,Reserved
RAV-00597,RES-S&T-0067,2026-09-04,00:00,06:00,1,Available
RAV-00598,RES-ENG-0015,2026-09-24,11:00,16:00,1,Available
RAV-00599,RES-TRD-0110,2026-09-07,22:00,06:00,1,Available
RAV-00600,RES-ENG-0052,2026-09-14,00:00,06:00,1,Available
RAV-00601,RES-TRD-0112,2026-09-08,00:00,06:00,1,Available
RAV-00602,RES-ENG-0017,2026-09-10,00:00,06:00,0,Reserved
RAV-00603,RES-S&T-0069,2026-10-16,14:00,22:00,1,Available
RAV-00604,RES-TRD-0117,2026-09-25,11:00,16:00,1,Available
RAV-00605,RES-S&T-0065,2026-10-12,22:00,06:00,0,Maintenance
RAV-00606,RES-ENG-0051,2026-09-30,11:00,16:00,1,Available
RAV-00607,RES-TRD-0125,2026-09-10,00:00,06:00,1,Available
RAV-00608,RES-S&T-0071,2026-10-05,00:00,06:00,1,Available
RAV-00609,RES-TRD-0134,2026-10-02,14:00,22:00,1,Available
RAV-00610,RES-ENG-0045,2026-09-09,22:00,06:00,1,Available
RAV-00611,RES-TRD-0113,2026-10-12,11:00,16:00,1,Available
RAV-00612,RES-S&T-0080,2026-09-19,14:00,22:00,1,Available
RAV-00613,RES-S&T-0072,2026-09-14,11:00,16:00,1,Available
RAV-00614,RES-TRD-0134,2026-09-28,06:00,14:00,1,Available
RAV-00615,RES-ENG-0014,2026-10-14,11:00,16:00,1,Available
RAV-00616,RES-S&T-0061,2026-09-10,11:00,16:00,1,Available
RAV-00617,RES-S&T-0082,2026-10-11,11:00,16:00,1,Available
RAV-00618,RES-ENG-0033,2026-09-18,00:00,06:00,1,Available
RAV-00619,RES-ENG-0015,2026-09-30,06:00,14:00,1,Available
RAV-00620,RES-S&T-0082,2026-09-02,14:00,22:00,1,Available
RAV-00621,RES-ENG-0011,2026-09-12,11:00,16:00,1,Available
RAV-00622,RES-ENG-0055,2026-10-10,14:00,22:00,1,Available
RAV-00623,RES-ENG-0025,2026-10-02,14:00,22:00,1,Available
RAV-00624,RES-S&T-0070,2026-10-13,14:00,22:00,1,Available
RAV-00625,RES-S&T-0071,2026-10-11,11:00,16:00,1,Available
RAV-00626,RES-ENG-0059,2026-10-01,11:00,16:00,1,Available
RAV-00627,RES-ENG-0013,2026-09-13,06:00,14:00,1,Available
RAV-00628,RES-TRD-0110,2026-09-08,22:00,06:00,1,Available
RAV-00629,RES-TRD-0123,2026-10-03,11:00,16:00,1,Available
RAV-00630,RES-ENG-0055,2026-10-06,00:00,06:00,1,Available
RAV-00631,RES-ENG-0018,2026-09-26,22:00,06:00,1,Available
RAV-00632,RES-S&T-0076,2026-10-06,11:00,16:00,1,Available
RAV-00633,RES-S&T-0095,2026-10-02,14:00,22:00,0,Reserved
RAV-00634,RES-S&T-0073,2026-09-12,11:00,16:00,0,Reserved
RAV-00635,RES-S&T-0089,2026-09-15,00:00,06:00,0,Reserved
RAV-00636,RES-S&T-0062,2026-09-25,00:00,06:00,1,Available
RAV-00637,RES-S&T-0089,2026-10-03,14:00,22:00,1,Available
RAV-00638,RES-S&T-0080,2026-09-16,14:00,22:00,1,Available
RAV-00639,RES-ENG-0003,2026-09-26,14:00,22:00,1,Available
RAV-00640,RES-ENG-0032,2026-09-08,06:00,14:00,0,Reserved
RAV-00641,RES-ENG-0046,2026-09-30,00:00,06:00,0,Reserved
RAV-00642,RES-TRD-0136,2026-09-23,06:00,14:00,1,Available
RAV-00643,RES-S&T-0078,2026-09-20,00:00,06:00,1,Available
RAV-00644,RES-S&T-0063,2026-10-13,06:00,14:00,1,Available
RAV-00645,RES-ENG-0055,2026-09-16,00:00,06:00,0,Reserved
RAV-00646,RES-TRD-0106,2026-10-16,00:00,06:00,0,Reserved
RAV-00647,RES-S&T-0067,2026-09-18,11:00,16:00,1,Available
RAV-00648,RES-S&T-0068,2026-09-23,11:00,16:00,1,Available
RAV-00649,RES-ENG-0013,2026-09-26,11:00,16:00,1,Available
RAV-00650,RES-S&T-0066,2026-10-08,06:00,14:00,1,Available
RAV-00651,RES-ENG-0027,2026-09-22,06:00,14:00,1,Available
RAV-00652,RES-TRD-0101,2026-10-09,14:00,22:00,0,Reserved
RAV-00653,RES-ENG-0029,2026-10-08,06:00,14:00,0,Reserved
RAV-00654,RES-S&T-0087,2026-09-26,06:00,14:00,0,Reserved
RAV-00655,RES-S&T-0074,2026-09-13,06:00,14:00,1,Available
RAV-00656,RES-TRD-0116,2026-09-23,14:00,22:00,1,Available
RAV-00657,RES-ENG-0010,2026-09-30,06:00,14:00,1,Available
RAV-00658,RES-TRD-0132,2026-09-15,06:00,14:00,1,Available
RAV-00659,RES-ENG-0036,2026-10-05,14:00,22:00,1,Available
RAV-00660,RES-ENG-0039,2026-10-03,22:00,06:00,0,Reserved
RAV-00661,RES-ENG-0055,2026-10-10,22:00,06:00,1,Available
RAV-00662,RES-S&T-0066,2026-10-04,14:00,22:00,0,Maintenance
RAV-00663,RES-ENG-0025,2026-09-03,11:00,16:00,1,Available
RAV-00664,RES-ENG-0025,2026-10-08,22:00,06:00,1,Available
RAV-00665,RES-TRD-0112,2026-09-05,00:00,06:00,1,Available
RAV-00666,RES-ENG-0028,2026-09-16,11:00,16:00,1,Available
RAV-00667,RES-ENG-0003,2026-09-07,00:00,06:00,1,Available
RAV-00668,RES-S&T-0084,2026-09-08,22:00,06:00,1,Available
RAV-00669,RES-S&T-0077,2026-09-04,14:00,22:00,0,Maintenance
RAV-00670,RES-ENG-0017,2026-09-07,11:00,16:00,0,Reserved
RAV-00671,RES-ENG-0009,2026-09-25,06:00,14:00,1,Available
RAV-00672,RES-ENG-0049,2026-10-01,06:00,14:00,1,Available
RAV-00673,RES-ENG-0010,2026-10-04,11:00,16:00,1,Available
RAV-00674,RES-ENG-0038,2026-09-07,14:00,22:00,0,Reserved
RAV-00675,RES-ENG-0047,2026-09-01,22:00,06:00,1,Available
RAV-00676,RES-TRD-0133,2026-10-13,14:00,22:00,1,Available
RAV-00677,RES-TRD-0135,2026-10-08,11:00,16:00,1,Available
RAV-00678,RES-ENG-0045,2026-09-01,06:00,14:00,1,Available
RAV-00679,RES-ENG-0004,2026-09-20,14:00,22:00,0,Reserved
RAV-00680,RES-ENG-0014,2026-09-08,06:00,14:00,1,Available
RAV-00681,RES-TRD-0109,2026-09-03,22:00,06:00,1,Available
RAV-00682,RES-ENG-0039,2026-10-13,11:00,16:00,1,Available
RAV-00683,RES-TRD-0132,2026-10-13,00:00,06:00,0,Reserved
RAV-00684,RES-ENG-0048,2026-09-11,00:00,06:00,1,Available
RAV-00685,RES-ENG-0039,2026-10-12,14:00,22:00,1,Available
RAV-00686,RES-S&T-0077,2026-09-11,11:00,16:00,1,Available
RAV-00687,RES-ENG-0053,2026-09-08,14:00,22:00,1,Available
RAV-00688,RES-S&T-0089,2026-09-25,14:00,22:00,1,Available
RAV-00689,RES-TRD-0132,2026-09-14,14:00,22:00,1,Available
RAV-00690,RES-ENG-0004,2026-09-28,14:00,22:00,1,Available
RAV-00691,RES-TRD-0110,2026-09-11,22:00,06:00,1,Available
RAV-00692,RES-TRD-0134,2026-09-02,06:00,14:00,0,Reserved
RAV-00693,RES-ENG-0010,2026-09-13,11:00,16:00,1,Available
RAV-00694,RES-S&T-0092,2026-09-25,06:00,14:00,1,Available
RAV-00695,RES-S&T-0090,2026-09-12,00:00,06:00,1,Available
RAV-00696,RES-TRD-0136,2026-09-08,11:00,16:00,1,Available
RAV-00697,RES-ENG-0044,2026-09-23,22:00,06:00,1,Available
RAV-00698,RES-TRD-0099,2026-10-13,06:00,14:00,1,Available
RAV-00699,RES-ENG-0013,2026-09-30,11:00,16:00,1,Available
RAV-00700,RES-S&T-0070,2026-10-15,22:00,06:00,1,Available
RAV-00701,RES-ENG-0027,2026-10-08,14:00,22:00,1,Available
RAV-00702,RES-S&T-0090,2026-09-16,06:00,14:00,1,Available
RAV-00703,RES-ENG-0009,2026-09-22,22:00,06:00,0,Reserved
RAV-00704,RES-TRD-0104,2026-09-27,22:00,06:00,0,Reserved
RAV-00705,RES-S&T-0060,2026-09-11,11:00,16:00,1,Available
RAV-00706,RES-TRD-0119,2026-10-02,11:00,16:00,1,Available
RAV-00707,RES-S&T-0077,2026-09-09,22:00,06:00,0,Reserved
RAV-00708,RES-ENG-0048,2026-09-20,00:00,06:00,1,Available
RAV-00709,RES-ENG-0056,2026-10-08,11:00,16:00,0,Reserved
RAV-00710,RES-ENG-0008,2026-10-13,11:00,16:00,0,Maintenance
RAV-00711,RES-ENG-0020,2026-09-26,22:00,06:00,1,Available
RAV-00712,RES-S&T-0094,2026-09-30,11:00,16:00,0,Reserved
RAV-00713,RES-TRD-0123,2026-09-21,06:00,14:00,1,Available
RAV-00714,RES-ENG-0003,2026-09-21,11:00,16:00,0,Maintenance
RAV-00715,RES-ENG-0012,2026-10-15,11:00,16:00,1,Available
RAV-00716,RES-S&T-0080,2026-09-06,06:00,14:00,1,Available
RAV-00717,RES-TRD-0104,2026-09-05,22:00,06:00,1,Available
RAV-00718,RES-ENG-0016,2026-09-23,22:00,06:00,1,Available
RAV-00719,RES-TRD-0101,2026-09-29,22:00,06:00,0,Reserved
RAV-00720,RES-S&T-0060,2026-09-07,06:00,14:00,1,Available
RAV-00721,RES-ENG-0003,2026-09-30,11:00,16:00,1,Available
RAV-00722,RES-ENG-0016,2026-09-14,14:00,22:00,1,Available
RAV-00723,RES-TRD-0109,2026-10-15,22:00,06:00,1,Available
RAV-00724,RES-ENG-0045,2026-09-06,06:00,14:00,1,Available
RAV-00725,RES-S&T-0070,2026-09-28,00:00,06:00,1,Available
RAV-00726,RES-ENG-0036,2026-09-13,22:00,06:00,0,Reserved
RAV-00727,RES-TRD-0109,2026-10-07,22:00,06:00,1,Available
RAV-00728,RES-ENG-0020,2026-09-05,11:00,16:00,0,Maintenance
RAV-00729,RES-S&T-0093,2026-09-15,11:00,16:00,0,Maintenance
RAV-00730,RES-S&T-0088,2026-09-15,14:00,22:00,1,Available
RAV-00731,RES-ENG-0050,2026-09-07,11:00,16:00,0,Maintenance
RAV-00732,RES-ENG-0008,2026-10-12,00:00,06:00,0,Reserved
RAV-00733,RES-S&T-0095,2026-09-13,22:00,06:00,1,Available
RAV-00734,RES-TRD-0121,2026-09-11,06:00,14:00,1,Available
RAV-00735,RES-TRD-0101,2026-10-12,22:00,06:00,1,Available
RAV-00736,RES-ENG-0029,2026-09-01,22:00,06:00,0,Maintenance
RAV-00737,RES-TRD-0103,2026-09-09,22:00,06:00,1,Available
RAV-00738,RES-TRD-0128,2026-09-17,06:00,14:00,0,Maintenance
RAV-00739,RES-ENG-0013,2026-10-12,11:00,16:00,1,Available
RAV-00740,RES-TRD-0129,2026-10-01,06:00,14:00,1,Available
RAV-00741,RES-ENG-0052,2026-09-07,00:00,06:00,1,Available
RAV-00742,RES-ENG-0007,2026-09-23,00:00,06:00,0,Reserved
RAV-00743,RES-ENG-0028,2026-09-06,00:00,06:00,1,Available
RAV-00744,RES-ENG-0036,2026-09-14,14:00,22:00,1,Available
RAV-00745,RES-TRD-0099,2026-09-30,00:00,06:00,0,Reserved
RAV-00746,RES-S&T-0086,2026-10-14,22:00,06:00,1,Available
RAV-00747,RES-ENG-0052,2026-09-27,11:00,16:00,1,Available
RAV-00748,RES-TRD-0126,2026-09-06,11:00,16:00,1,Available
RAV-00749,RES-ENG-0054,2026-09-28,00:00,06:00,1,Available
RAV-00750,RES-S&T-0093,2026-10-12,06:00,14:00,0,Reserved
RAV-00751,RES-ENG-0028,2026-09-22,06:00,14:00,0,Reserved
RAV-00752,RES-S&T-0091,2026-09-08,14:00,22:00,1,Available
RAV-00753,RES-ENG-0028,2026-09-10,22:00,06:00,1,Available
RAV-00754,RES-ENG-0042,2026-09-10,14:00,22:00,0,Maintenance
RAV-00755,RES-TRD-0100,2026-09-12,11:00,16:00,1,Available
RAV-00756,RES-S&T-0060,2026-09-15,00:00,06:00,0,Reserved
RAV-00757,RES-S&T-0066,2026-09-06,00:00,06:00,1,Available
RAV-00758,RES-ENG-0001,2026-09-01,22:00,06:00,1,Available
RAV-00759,RES-ENG-0039,2026-09-12,14:00,22:00,1,Available
RAV-00760,RES-ENG-0037,2026-09-19,00:00,06:00,1,Available
RAV-00761,RES-S&T-0077,2026-09-03,06:00,14:00,1,Available
RAV-00762,RES-TRD-0136,2026-10-07,22:00,06:00,0,Reserved
RAV-00763,RES-S&T-0083,2026-10-12,14:00,22:00,1,Available
RAV-00764,RES-S&T-0083,2026-09-05,11:00,16:00,0,Reserved
RAV-00765,RES-ENG-0021,2026-10-16,00:00,06:00,0,Reserved
RAV-00766,RES-TRD-0107,2026-09-21,00:00,06:00,1,Available
RAV-00767,RES-S&T-0090,2026-09-24,00:00,06:00,0,Reserved
RAV-00768,RES-S&T-0086,2026-09-01,00:00,06:00,1,Available
RAV-00769,RES-TRD-0097,2026-09-18,11:00,16:00,0,Reserved
RAV-00770,RES-ENG-0002,2026-10-14,22:00,06:00,1,Available
RAV-00771,RES-ENG-0054,2026-09-08,14:00,22:00,1,Available
RAV-00772,RES-S&T-0089,2026-09-19,00:00,06:00,0,Maintenance
RAV-00773,RES-ENG-0054,2026-09-25,00:00,06:00,1,Available
RAV-00774,RES-TRD-0106,2026-10-14,00:00,06:00,0,Reserved
RAV-00775,RES-TRD-0116,2026-10-05,06:00,14:00,1,Available
RAV-00776,RES-ENG-0007,2026-10-14,11:00,16:00,1,Available
RAV-00777,RES-TRD-0099,2026-09-29,00:00,06:00,1,Available
RAV-00778,RES-TRD-0107,2026-10-12,00:00,06:00,1,Available
RAV-00779,RES-ENG-0014,2026-09-16,06:00,14:00,1,Available
RAV-00780,RES-ENG-0037,2026-10-03,06:00,14:00,1,Available
RAV-00781,RES-ENG-0048,2026-09-23,14:00,22:00,1,Available
RAV-00782,RES-ENG-0025,2026-10-04,11:00,16:00,1,Available
RAV-00783,RES-S&T-0088,2026-09-29,06:00,14:00,1,Available
RAV-00784,RES-ENG-0009,2026-10-13,00:00,06:00,1,Available
RAV-00785,RES-TRD-0116,2026-10-13,00:00,06:00,1,Available
RAV-00786,RES-S&T-0081,2026-09-09,14:00,22:00,0,Reserved
RAV-00787,RES-ENG-0007,2026-10-09,11:00,16:00,1,Available
RAV-00788,RES-S&T-0094,2026-09-24,14:00,22:00,1,Available
RAV-00789,RES-TRD-0124,2026-10-09,22:00,06:00,1,Available
RAV-00790,RES-ENG-0031,2026-09-01,00:00,06:00,1,Available
RAV-00791,RES-TRD-0130,2026-09-25,11:00,16:00,0,Reserved
RAV-00792,RES-TRD-0124,2026-10-08,22:00,06:00,0,Reserved
RAV-00793,RES-ENG-0034,2026-09-10,22:00,06:00,1,Available
RAV-00794,RES-TRD-0121,2026-09-07,00:00,06:00,1,Available
RAV-00795,RES-ENG-0052,2026-09-14,22:00,06:00,1,Available
RAV-00796,RES-ENG-0004,2026-10-06,14:00,22:00,1,Available
RAV-00797,RES-S&T-0087,2026-10-08,11:00,16:00,1,Available
RAV-00798,RES-ENG-0027,2026-10-03,22:00,06:00,0,Maintenance
RAV-00799,RES-TRD-0098,2026-10-04,11:00,16:00,1,Available
RAV-00800,RES-TRD-0103,2026-09-23,00:00,06:00,1,Available
RAV-00801,RES-ENG-0026,2026-10-12,22:00,06:00,1,Available
RAV-00802,RES-TRD-0098,2026-09-30,14:00,22:00,1,Available
RAV-00803,RES-ENG-0021,2026-09-21,22:00,06:00,1,Available
RAV-00804,RES-ENG-0057,2026-10-16,00:00,06:00,1,Available
RAV-00805,RES-ENG-0048,2026-09-24,14:00,22:00,1,Available
RAV-00806,RES-S&T-0085,2026-10-13,11:00,16:00,1,Available
RAV-00807,RES-ENG-0055,2026-09-28,06:00,14:00,1,Available
RAV-00808,RES-ENG-0005,2026-09-14,22:00,06:00,1,Available
RAV-00809,RES-ENG-0035,2026-10-02,22:00,06:00,1,Available
RAV-00810,RES-TRD-0096,2026-09-13,22:00,06:00,1,Available
RAV-00811,RES-S&T-0088,2026-10-08,22:00,06:00,1,Available
RAV-00812,RES-S&T-0081,2026-10-14,22:00,06:00,1,Available
RAV-00813,RES-S&T-0068,2026-09-17,00:00,06:00,1,Available
RAV-00814,RES-TRD-0105,2026-09-02,22:00,06:00,1,Available
RAV-00815,RES-ENG-0022,2026-09-03,11:00,16:00,1,Available
RAV-00816,RES-ENG-0042,2026-10-08,11:00,16:00,1,Available
RAV-00817,RES-ENG-0050,2026-09-12,06:00,14:00,1,Available
RAV-00818,RES-TRD-0104,2026-10-09,14:00,22:00,1,Available
RAV-00819,RES-S&T-0077,2026-10-05,14:00,22:00,0,Reserved
RAV-00820,RES-TRD-0132,2026-09-02,11:00,16:00,0,Maintenance
RAV-00821,RES-TRD-0126,2026-09-08,11:00,16:00,1,Available
RAV-00822,RES-S&T-0086,2026-10-02,06:00,14:00,0,Maintenance
RAV-00823,RES-TRD-0103,2026-09-20,06:00,14:00,1,Available
RAV-00824,RES-TRD-0103,2026-10-09,06:00,14:00,1,Available
RAV-00825,RES-ENG-0030,2026-10-11,11:00,16:00,1,Available
RAV-00826,RES-ENG-0033,2026-10-14,11:00,16:00,1,Available
RAV-00827,RES-S&T-0086,2026-09-10,06:00,14:00,1,Available
RAV-00828,RES-TRD-0115,2026-10-03,06:00,14:00,1,Available
RAV-00829,RES-S&T-0060,2026-09-20,06:00,14:00,1,Available
RAV-00830,RES-S&T-0076,2026-09-30,00:00,06:00,1,Available
RAV-00831,RES-ENG-0007,2026-09-10,22:00,06:00,1,Available
RAV-00832,RES-S&T-0088,2026-10-05,22:00,06:00,1,Available
RAV-00833,RES-ENG-0022,2026-09-13,00:00,06:00,1,Available
RAV-00834,RES-ENG-0051,2026-09-04,14:00,22:00,1,Available
RAV-00835,RES-S&T-0078,2026-10-14,00:00,06:00,1,Available
RAV-00836,RES-ENG-0019,2026-09-19,22:00,06:00,0,Reserved
RAV-00837,RES-S&T-0068,2026-10-07,00:00,06:00,1,Available
RAV-00838,RES-TRD-0113,2026-09-07,06:00,14:00,1,Available
RAV-00839,RES-ENG-0041,2026-09-17,00:00,06:00,1,Available
RAV-00840,RES-S&T-0068,2026-09-04,14:00,22:00,1,Available
RAV-00841,RES-ENG-0026,2026-09-04,14:00,22:00,1,Available
RAV-00842,RES-ENG-0025,2026-09-12,06:00,14:00,1,Available
RAV-00843,RES-ENG-0031,2026-09-25,00:00,06:00,1,Available
RAV-00844,RES-ENG-0016,2026-09-13,11:00,16:00,1,Available
RAV-00845,RES-S&T-0078,2026-09-11,22:00,06:00,1,Available
RAV-00846,RES-ENG-0051,2026-09-14,11:00,16:00,1,Available
RAV-00847,RES-TRD-0102,2026-10-13,14:00,22:00,1,Available
RAV-00848,RES-ENG-0018,2026-10-06,14:00,22:00,1,Available
RAV-00849,RES-ENG-0033,2026-09-07,22:00,06:00,0,Reserved
RAV-00850,RES-S&T-0072,2026-10-13,00:00,06:00,1,Available
RAV-00851,RES-ENG-0022,2026-10-03,22:00,06:00,1,Available
RAV-00852,RES-ENG-0021,2026-10-09,06:00,14:00,1,Available
RAV-00853,RES-S&T-0093,2026-09-25,14:00,22:00,0,Reserved
RAV-00854,RES-ENG-0018,2026-09-16,11:00,16:00,1,Available
RAV-00855,RES-S&T-0073,2026-10-01,22:00,06:00,1,Available
RAV-00856,RES-TRD-0113,2026-09-12,06:00,14:00,1,Available
RAV-00857,RES-ENG-0020,2026-09-01,00:00,06:00,1,Available
RAV-00858,RES-S&T-0060,2026-09-16,14:00,22:00,1,Available
RAV-00859,RES-S&T-0070,2026-09-15,00:00,06:00,1,Available
RAV-00860,RES-ENG-0003,2026-10-09,14:00,22:00,1,Available
RAV-00861,RES-TRD-0103,2026-10-04,11:00,16:00,1,Available
RAV-00862,RES-ENG-0015,2026-09-20,22:00,06:00,1,Available
RAV-00863,RES-S&T-0087,2026-10-08,00:00,06:00,1,Available
RAV-00864,RES-ENG-0028,2026-09-17,22:00,06:00,1,Available
RAV-00865,RES-S&T-0076,2026-09-18,22:00,06:00,0,Reserved
RAV-00866,RES-TRD-0112,2026-10-14,11:00,16:00,1,Available
RAV-00867,RES-ENG-0029,2026-09-24,06:00,14:00,1,Available
RAV-00868,RES-S&T-0062,2026-10-09,14:00,22:00,1,Available
RAV-00869,RES-S&T-0090,2026-09-29,11:00,16:00,1,Available
RAV-00870,RES-TRD-0130,2026-10-03,06:00,14:00,1,Available
RAV-00871,RES-ENG-0024,2026-10-16,22:00,06:00,1,Available
RAV-00872,RES-ENG-0015,2026-09-23,14:00,22:00,0,Maintenance
RAV-00873,RES-TRD-0096,2026-10-13,14:00,22:00,1,Available
RAV-00874,RES-S&T-0088,2026-10-14,06:00,14:00,0,Maintenance
RAV-00875,RES-TRD-0109,2026-09-03,22:00,06:00,1,Available
RAV-00876,RES-S&T-0073,2026-09-19,06:00,14:00,1,Available
RAV-00877,RES-S&T-0062,2026-10-14,11:00,16:00,1,Available
RAV-00878,RES-ENG-0023,2026-09-06,22:00,06:00,1,Available
RAV-00879,RES-ENG-0012,2026-09-30,22:00,06:00,1,Available
RAV-00880,RES-ENG-0055,2026-10-15,00:00,06:00,1,Available
RAV-00881,RES-S&T-0060,2026-09-18,22:00,06:00,0,Maintenance
RAV-00882,RES-S&T-0067,2026-10-08,06:00,14:00,1,Available
RAV-00883,RES-TRD-0125,2026-10-16,06:00,14:00,1,Available
RAV-00884,RES-S&T-0089,2026-10-16,00:00,06:00,1,Available
RAV-00885,RES-TRD-0098,2026-09-13,14:00,22:00,1,Available
RAV-00886,RES-ENG-0051,2026-09-02,06:00,14:00,1,Available
RAV-00887,RES-TRD-0121,2026-09-18,11:00,16:00,0,Reserved
RAV-00888,RES-TRD-0106,2026-09-01,06:00,14:00,0,Reserved
RAV-00889,RES-ENG-0046,2026-10-02,00:00,06:00,1,Available
RAV-00890,RES-ENG-0036,2026-10-07,11:00,16:00,1,Available
RAV-00891,RES-TRD-0104,2026-09-18,06:00,14:00,1,Available
RAV-00892,RES-TRD-0120,2026-09-27,11:00,16:00,1,Available
RAV-00893,RES-S&T-0070,2026-10-02,11:00,16:00,1,Available
RAV-00894,RES-S&T-0092,2026-10-07,06:00,14:00,1,Available
RAV-00895,RES-S&T-0095,2026-09-19,00:00,06:00,1,Available
RAV-00896,RES-ENG-0030,2026-10-07,11:00,16:00,1,Available
RAV-00897,RES-S&T-0082,2026-09-25,22:00,06:00,1,Available
RAV-00898,RES-ENG-0047,2026-10-16,00:00,06:00,1,Available
RAV-00899,RES-S&T-0072,2026-10-16,22:00,06:00,1,Available
RAV-00900,RES-ENG-0035,2026-09-19,00:00,06:00,1,Available
RAV-00901,RES-TRD-0132,2026-09-23,06:00,14:00,1,Available
RAV-00902,RES-TRD-0096,2026-10-07,11:00,16:00,1,Available
RAV-00903,RES-S&T-0087,2026-10-09,14:00,22:00,1,Available
RAV-00904,RES-ENG-0020,2026-10-12,00:00,06:00,0,Reserved
RAV-00905,RES-ENG-0050,2026-09-26,00:00,06:00,1,Available
RAV-00906,RES-ENG-0037,2026-09-03,06:00,14:00,0,Reserved
RAV-00907,RES-TRD-0115,2026-10-15,00:00,06:00,1,Available
RAV-00908,RES-ENG-0041,2026-10-03,11:00,16:00,0,Reserved
RAV-00909,RES-ENG-0032,2026-09-06,14:00,22:00,0,Reserved
RAV-00910,RES-S&T-0093,2026-10-03,06:00,14:00,1,Available
RAV-00911,RES-ENG-0012,2026-10-07,06:00,14:00,0,Reserved
RAV-00912,RES-ENG-0048,2026-09-05,22:00,06:00,1,Available
RAV-00913,RES-ENG-0006,2026-10-01,00:00,06:00,1,Available
RAV-00914,RES-ENG-0029,2026-09-13,06:00,14:00,0,Reserved
RAV-00915,RES-TRD-0134,2026-09-22,14:00,22:00,1,Available
RAV-00916,RES-S&T-0075,2026-10-13,22:00,06:00,0,Reserved
RAV-00917,RES-ENG-0051,2026-09-26,22:00,06:00,1,Available
RAV-00918,RES-TRD-0108,2026-09-04,22:00,06:00,1,Available
RAV-00919,RES-ENG-0002,2026-10-12,14:00,22:00,0,Reserved
RAV-00920,RES-ENG-0035,2026-09-15,11:00,16:00,0,Reserved
RAV-00921,RES-S&T-0082,2026-09-11,00:00,06:00,1,Available
RAV-00922,RES-TRD-0113,2026-10-13,14:00,22:00,1,Available
RAV-00923,RES-ENG-0036,2026-10-11,22:00,06:00,1,Available
RAV-00924,RES-TRD-0122,2026-09-27,14:00,22:00,0,Reserved
RAV-00925,RES-S&T-0074,2026-10-10,06:00,14:00,1,Available
RAV-00926,RES-ENG-0049,2026-09-20,06:00,14:00,1,Available
RAV-00927,RES-ENG-0027,2026-09-02,06:00,14:00,1,Available
RAV-00928,RES-TRD-0105,2026-10-10,14:00,22:00,0,Reserved
RAV-00929,RES-TRD-0126,2026-09-02,22:00,06:00,1,Available
RAV-00930,RES-TRD-0128,2026-09-13,11:00,16:00,1,Available
RAV-00931,RES-ENG-0013,2026-09-14,22:00,06:00,1,Available
RAV-00932,RES-TRD-0098,2026-10-09,06:00,14:00,1,Available
RAV-00933,RES-ENG-0036,2026-09-20,00:00,06:00,1,Available
RAV-00934,RES-S&T-0066,2026-10-11,14:00,22:00,1,Available
RAV-00935,RES-ENG-0039,2026-10-04,22:00,06:00,1,Available
RAV-00936,RES-S&T-0080,2026-09-27,11:00,16:00,0,Reserved
RAV-00937,RES-TRD-0117,2026-10-16,11:00,16:00,1,Available
RAV-00938,RES-ENG-0030,2026-09-30,11:00,16:00,1,Available
RAV-00939,RES-ENG-0059,2026-10-03,22:00,06:00,1,Available
RAV-00940,RES-S&T-0075,2026-09-21,06:00,14:00,1,Available
RAV-00941,RES-ENG-0059,2026-09-07,06:00,14:00,1,Available
RAV-00942,RES-TRD-0108,2026-09-29,14:00,22:00,0,Reserved
RAV-00943,RES-TRD-0106,2026-09-22,14:00,22:00,1,Available
RAV-00944,RES-TRD-0099,2026-09-05,06:00,14:00,0,Maintenance
RAV-00945,RES-ENG-0017,2026-10-12,11:00,16:00,0,Reserved
RAV-00946,RES-S&T-0069,2026-09-07,00:00,06:00,1,Available
RAV-00947,RES-ENG-0003,2026-10-08,14:00,22:00,1,Available
RAV-00948,RES-S&T-0065,2026-09-24,22:00,06:00,0,Maintenance
RAV-00949,RES-S&T-0091,2026-09-29,06:00,14:00,0,Reserved
RAV-00950,RES-ENG-0001,2026-09-07,22:00,06:00,1,Available
RAV-00951,RES-TRD-0100,2026-09-13,00:00,06:00,0,Maintenance
RAV-00952,RES-TRD-0131,2026-09-01,14:00,22:00,1,Available
RAV-00953,RES-S&T-0088,2026-10-08,11:00,16:00,0,Reserved
RAV-00954,RES-TRD-0110,2026-09-01,06:00,14:00,1,Available
RAV-00955,RES-ENG-0016,2026-09-09,00:00,06:00,0,Reserved
RAV-00956,RES-TRD-0131,2026-10-13,00:00,06:00,0,Reserved
RAV-00957,RES-ENG-0028,2026-09-15,11:00,16:00,1,Available
RAV-00958,RES-ENG-0014,2026-10-09,11:00,16:00,0,Maintenance
RAV-00959,RES-S&T-0090,2026-10-04,06:00,14:00,1,Available
RAV-00960,RES-TRD-0102,2026-09-05,00:00,06:00,1,Available
RAV-00961,RES-TRD-0127,2026-10-08,11:00,16:00,0,Reserved
RAV-00962,RES-ENG-0001,2026-09-15,11:00,16:00,0,Reserved
RAV-00963,RES-S&T-0080,2026-10-01,06:00,14:00,0,Reserved
RAV-00964,RES-TRD-0135,2026-10-10,22:00,06:00,1,Available
RAV-00965,RES-ENG-0001,2026-09-21,06:00,14:00,1,Available
RAV-00966,RES-ENG-0013,2026-09-25,00:00,06:00,1,Available
RAV-00967,RES-ENG-0024,2026-09-12,00:00,06:00,1,Available
RAV-00968,RES-S&T-0078,2026-10-14,22:00,06:00,1,Available
RAV-00969,RES-ENG-0016,2026-10-06,22:00,06:00,1,Available
RAV-00970,RES-TRD-0118,2026-09-23,11:00,16:00,1,Available
RAV-00971,RES-ENG-0033,2026-10-06,22:00,06:00,1,Available
RAV-00972,RES-ENG-0054,2026-09-08,14:00,22:00,1,Available
RAV-00973,RES-ENG-0047,2026-09-22,22:00,06:00,1,Available
RAV-00974,RES-ENG-0059,2026-09-01,06:00,14:00,0,Reserved
RAV-00975,RES-TRD-0118,2026-09-15,11:00,16:00,1,Available
RAV-00976,RES-ENG-0014,2026-10-12,00:00,06:00,1,Available
RAV-00977,RES-ENG-0056,2026-09-24,14:00,22:00,1,Available
RAV-00978,RES-ENG-0055,2026-09-06,22:00,06:00,1,Available
RAV-00979,RES-ENG-0046,2026-10-08,22:00,06:00,1,Available
RAV-00980,RES-ENG-0045,2026-09-09,06:00,14:00,1,Available
RAV-00981,RES-S&T-0067,2026-09-12,00:00,06:00,1,Available
RAV-00982,RES-ENG-0002,2026-09-13,00:00,06:00,1,Available
RAV-00983,RES-TRD-0110,2026-09-01,14:00,22:00,1,Available
RAV-00984,RES-ENG-0058,2026-09-08,00:00,06:00,1,Available
RAV-00985,RES-ENG-0050,2026-10-01,06:00,14:00,1,Available
RAV-00986,RES-ENG-0047,2026-09-12,06:00,14:00,1,Available
RAV-00987,RES-TRD-0109,2026-09-29,00:00,06:00,0,Reserved
RAV-00988,RES-ENG-0008,2026-09-27,06:00,14:00,0,Reserved
RAV-00989,RES-ENG-0027,2026-09-03,14:00,22:00,1,Available
RAV-00990,RES-S&T-0081,2026-09-28,14:00,22:00,0,Reserved
RAV-00991,RES-ENG-0025,2026-09-27,00:00,06:00,1,Available
RAV-00992,RES-ENG-0046,2026-09-16,00:00,06:00,1,Available
RAV-00993,RES-ENG-0018,2026-09-04,22:00,06:00,0,Maintenance
RAV-00994,RES-ENG-0032,2026-10-06,14:00,22:00,1,Available
RAV-00995,RES-ENG-0039,2026-10-02,14:00,22:00,1,Available
RAV-00996,RES-ENG-0028,2026-09-01,00:00,06:00,1,Available
RAV-00997,RES-ENG-0059,2026-09-22,06:00,14:00,1,Available
RAV-00998,RES-ENG-0027,2026-09-23,11:00,16:00,1,Available
RAV-00999,RES-S&T-0075,2026-09-04,14:00,22:00,1,Available
RAV-01000,RES-ENG-0056,2026-09-27,11:00,16:00,1,Available
RAV-01001,RES-S&T-0079,2026-10-11,06:00,14:00,1,Available
RAV-01002,RES-ENG-0027,2026-09-18,11:00,16:00,1,Available
RAV-01003,RES-TRD-0109,2026-09-16,14:00,22:00,1,Available
RAV-01004,RES-S&T-0089,2026-09-04,11:00,16:00,1,Available
RAV-01005,RES-ENG-0036,2026-09-02,11:00,16:00,0,Reserved
RAV-01006,RES-TRD-0108,2026-10-05,00:00,06:00,1,Available
RAV-01007,RES-ENG-0025,2026-10-09,11:00,16:00,1,Available
RAV-01008,RES-ENG-0025,2026-10-01,06:00,14:00,0,Reserved
RAV-01009,RES-ENG-0018,2026-09-26,14:00,22:00,0,Reserved
RAV-01010,RES-S&T-0064,2026-09-24,22:00,06:00,1,Available
RAV-01011,RES-S&T-0062,2026-09-06,14:00,22:00,0,Reserved
RAV-01012,RES-TRD-0136,2026-09-28,22:00,06:00,1,Available
RAV-01013,RES-S&T-0088,2026-09-28,00:00,06:00,1,Available
RAV-01014,RES-ENG-0044,2026-09-23,11:00,16:00,1,Available
RAV-01015,RES-TRD-0112,2026-09-04,00:00,06:00,1,Available
RAV-01016,RES-TRD-0109,2026-09-12,14:00,22:00,1,Available
RAV-01017,RES-ENG-0032,2026-10-12,11:00,16:00,1,Available
RAV-01018,RES-ENG-0028,2026-10-16,14:00,22:00,0,Maintenance
RAV-01019,RES-TRD-0129,2026-10-01,22:00,06:00,1,Available
RAV-01020,RES-ENG-0022,2026-10-11,00:00,06:00,1,Available
RAV-01021,RES-ENG-0013,2026-09-14,06:00,14:00,1,Available
RAV-01022,RES-TRD-0135,2026-09-04,22:00,06:00,1,Available
RAV-01023,RES-ENG-0058,2026-10-09,11:00,16:00,1,Available
RAV-01024,RES-TRD-0121,2026-10-05,06:00,14:00,1,Available
RAV-01025,RES-ENG-0038,2026-09-29,14:00,22:00,1,Available
RAV-01026,RES-TRD-0122,2026-09-13,11:00,16:00,1,Available
RAV-01027,RES-ENG-0018,2026-09-12,22:00,06:00,1,Available
RAV-01028,RES-TRD-0119,2026-10-16,14:00,22:00,1,Available
RAV-01029,RES-ENG-0006,2026-09-20,22:00,06:00,1,Available
RAV-01030,RES-TRD-0120,2026-10-16,14:00,22:00,1,Available
RAV-01031,RES-S&T-0082,2026-09-27,00:00,06:00,1,Available
RAV-01032,RES-S&T-0086,2026-09-09,06:00,14:00,0,Reserved
RAV-01033,RES-S&T-0084,2026-10-03,22:00,06:00,1,Available
RAV-01034,RES-ENG-0022,2026-10-04,14:00,22:00,1,Available
RAV-01035,RES-S&T-0078,2026-09-21,14:00,22:00,0,Maintenance
RAV-01036,RES-TRD-0130,2026-09-29,06:00,14:00,1,Available
RAV-01037,RES-ENG-0030,2026-09-26,22:00,06:00,1,Available
RAV-01038,RES-TRD-0134,2026-10-01,00:00,06:00,0,Reserved
RAV-01039,RES-TRD-0134,2026-10-12,11:00,16:00,1,Available
RAV-01040,RES-TRD-0098,2026-10-14,14:00,22:00,1,Available
RAV-01041,RES-ENG-0024,2026-09-07,22:00,06:00,1,Available
RAV-01042,RES-S&T-0074,2026-10-05,14:00,22:00,0,Reserved
RAV-01043,RES-S&T-0062,2026-09-08,14:00,22:00,0,Reserved
RAV-01044,RES-ENG-0030,2026-10-08,06:00,14:00,1,Available
RAV-01045,RES-ENG-0045,2026-09-24,14:00,22:00,1,Available
RAV-01046,RES-ENG-0048,2026-10-06,14:00,22:00,1,Available
RAV-01047,RES-TRD-0126,2026-09-25,11:00,16:00,0,Reserved
RAV-01048,RES-S&T-0079,2026-09-10,11:00,16:00,1,Available
RAV-01049,RES-ENG-0003,2026-09-04,22:00,06:00,1,Available
RAV-01050,RES-S&T-0064,2026-09-27,11:00,16:00,1,Available
RAV-01051,RES-TRD-0120,2026-10-14,14:00,22:00,0,Maintenance
RAV-01052,RES-S&T-0095,2026-10-10,00:00,06:00,0,Reserved
RAV-01053,RES-ENG-0004,2026-10-02,06:00,14:00,1,Available
RAV-01054,RES-ENG-0004,2026-09-19,11:00,16:00,1,Available
RAV-01055,RES-TRD-0108,2026-09-07,22:00,06:00,1,Available
RAV-01056,RES-ENG-0057,2026-09-20,00:00,06:00,1,Available
RAV-01057,RES-ENG-0001,2026-09-24,14:00,22:00,0,Reserved
RAV-01058,RES-ENG-0056,2026-10-01,06:00,14:00,1,Available
RAV-01059,RES-TRD-0133,2026-09-25,14:00,22:00,1,Available
RAV-01060,RES-ENG-0035,2026-10-12,11:00,16:00,1,Available
RAV-01061,RES-TRD-0104,2026-09-10,00:00,06:00,1,Available
RAV-01062,RES-ENG-0022,2026-10-07,11:00,16:00,0,Reserved
RAV-01063,RES-S&T-0090,2026-09-19,22:00,06:00,0,Reserved
RAV-01064,RES-TRD-0125,2026-10-06,22:00,06:00,0,Reserved
RAV-01065,RES-ENG-0001,2026-09-27,14:00,22:00,1,Available
RAV-01066,RES-ENG-0052,2026-09-15,22:00,06:00,1,Available
RAV-01067,RES-S&T-0082,2026-09-14,22:00,06:00,1,Available
RAV-01068,RES-ENG-0004,2026-09-03,11:00,16:00,1,Available
RAV-01069,RES-S&T-0074,2026-10-09,22:00,06:00,1,Available
RAV-01070,RES-TRD-0099,2026-10-09,22:00,06:00,1,Available
RAV-01071,RES-ENG-0031,2026-09-01,22:00,06:00,1,Available
RAV-01072,RES-ENG-0059,2026-09-06,22:00,06:00,1,Available
RAV-01073,RES-ENG-0005,2026-10-05,22:00,06:00,1,Available
RAV-01074,RES-TRD-0107,2026-09-21,22:00,06:00,1,Available
RAV-01075,RES-ENG-0031,2026-09-19,00:00,06:00,0,Reserved
RAV-01076,RES-TRD-0110,2026-09-28,11:00,16:00,0,Reserved
RAV-01077,RES-ENG-0022,2026-09-18,11:00,16:00,1,Available
RAV-01078,RES-ENG-0006,2026-09-01,14:00,22:00,1,Available
RAV-01079,RES-S&T-0075,2026-09-29,22:00,06:00,1,Available
RAV-01080,RES-TRD-0106,2026-09-18,00:00,06:00,1,Available
RAV-01081,RES-ENG-0048,2026-10-09,06:00,14:00,1,Available
RAV-01082,RES-ENG-0026,2026-09-18,06:00,14:00,1,Available
RAV-01083,RES-TRD-0136,2026-10-16,22:00,06:00,0,Reserved
RAV-01084,RES-ENG-0030,2026-10-09,11:00,16:00,1,Available
RAV-01085,RES-TRD-0100,2026-09-23,22:00,06:00,1,Available
RAV-01086,RES-TRD-0100,2026-10-16,00:00,06:00,1,Available
RAV-01087,RES-ENG-0029,2026-09-27,06:00,14:00,1,Available
RAV-01088,RES-S&T-0063,2026-09-24,00:00,06:00,0,Reserved
RAV-01089,RES-ENG-0003,2026-09-28,14:00,22:00,0,Reserved
RAV-01090,RES-ENG-0032,2026-10-01,22:00,06:00,1,Available
RAV-01091,RES-TRD-0120,2026-10-02,00:00,06:00,1,Available
RAV-01092,RES-ENG-0029,2026-10-12,06:00,14:00,0,Reserved
RAV-01093,RES-ENG-0037,2026-09-01,06:00,14:00,1,Available
RAV-01094,RES-S&T-0079,2026-10-14,14:00,22:00,1,Available
RAV-01095,RES-TRD-0121,2026-09-13,06:00,14:00,1,Available
RAV-01096,RES-ENG-0045,2026-10-01,00:00,06:00,1,Available
RAV-01097,RES-S&T-0072,2026-10-04,14:00,22:00,0,Reserved
RAV-01098,RES-ENG-0012,2026-10-01,14:00,22:00,1,Available
RAV-01099,RES-TRD-0125,2026-09-09,22:00,06:00,1,Available
RAV-01100,RES-TRD-0099,2026-10-01,00:00,06:00,1,Available
RAV-01101,RES-TRD-0126,2026-09-09,06:00,14:00,1,Available
RAV-01102,RES-TRD-0121,2026-09-09,22:00,06:00,1,Available
RAV-01103,RES-TRD-0136,2026-09-22,00:00,06:00,1,Available
RAV-01104,RES-ENG-0029,2026-10-11,11:00,16:00,1,Available
RAV-01105,RES-S&T-0077,2026-09-21,14:00,22:00,0,Reserved
RAV-01106,RES-ENG-0001,2026-09-16,00:00,06:00,1,Available
RAV-01107,RES-S&T-0087,2026-10-13,00:00,06:00,0,Maintenance
RAV-01108,RES-ENG-0013,2026-10-06,11:00,16:00,1,Available
RAV-01109,RES-TRD-0128,2026-09-07,14:00,22:00,0,Reserved
RAV-01110,RES-ENG-0036,2026-09-01,11:00,16:00,1,Available
RAV-01111,RES-S&T-0086,2026-10-04,00:00,06:00,1,Available
RAV-01112,RES-ENG-0026,2026-09-29,22:00,06:00,1,Available
RAV-01113,RES-S&T-0079,2026-09-17,11:00,16:00,1,Available
RAV-01114,RES-S&T-0086,2026-09-24,06:00,14:00,1,Available
RAV-01115,RES-ENG-0014,2026-09-15,22:00,06:00,1,Available
RAV-01116,RES-ENG-0028,2026-10-07,22:00,06:00,1,Available
RAV-01117,RES-ENG-0026,2026-09-13,00:00,06:00,1,Available
RAV-01118,RES-ENG-0016,2026-10-10,11:00,16:00,1,Available
RAV-01119,RES-TRD-0117,2026-09-08,22:00,06:00,1,Available
RAV-01120,RES-ENG-0017,2026-10-16,14:00,22:00,1,Available
RAV-01121,RES-ENG-0055,2026-09-16,00:00,06:00,1,Available
RAV-01122,RES-S&T-0078,2026-09-29,00:00,06:00,1,Available
RAV-01123,RES-S&T-0077,2026-10-02,00:00,06:00,1,Available
RAV-01124,RES-S&T-0064,2026-10-04,11:00,16:00,1,Available
RAV-01125,RES-ENG-0045,2026-10-13,14:00,22:00,1,Available
RAV-01126,RES-ENG-0051,2026-09-21,22:00,06:00,1,Available
RAV-01127,RES-TRD-0120,2026-09-18,14:00,22:00,1,Available
RAV-01128,RES-S&T-0091,2026-10-07,22:00,06:00,1,Available
RAV-01129,RES-TRD-0127,2026-09-10,06:00,14:00,0,Reserved
RAV-01130,RES-ENG-0019,2026-09-04,22:00,06:00,1,Available
RAV-01131,RES-S&T-0095,2026-09-29,22:00,06:00,1,Available
RAV-01132,RES-ENG-0036,2026-10-02,06:00,14:00,1,Available
RAV-01133,RES-TRD-0126,2026-10-09,22:00,06:00,1,Available
RAV-01134,RES-ENG-0027,2026-10-01,14:00,22:00,1,Available
RAV-01135,RES-ENG-0006,2026-09-07,14:00,22:00,1,Available
RAV-01136,RES-ENG-0004,2026-10-05,11:00,16:00,1,Available
RAV-01137,RES-S&T-0069,2026-09-26,06:00,14:00,1,Available
RAV-01138,RES-TRD-0131,2026-09-15,06:00,14:00,1,Available
RAV-01139,RES-TRD-0107,2026-09-28,00:00,06:00,1,Available
RAV-01140,RES-ENG-0057,2026-09-25,11:00,16:00,1,Available
RAV-01141,RES-ENG-0025,2026-10-12,11:00,16:00,1,Available
RAV-01142,RES-S&T-0094,2026-09-24,00:00,06:00,1,Available
RAV-01143,RES-TRD-0101,2026-09-02,11:00,16:00,1,Available
RAV-01144,RES-ENG-0050,2026-10-11,22:00,06:00,0,Reserved
RAV-01145,RES-S&T-0090,2026-09-25,06:00,14:00,1,Available
RAV-01146,RES-TRD-0126,2026-09-20,22:00,06:00,1,Available
RAV-01147,RES-TRD-0133,2026-10-09,22:00,06:00,1,Available
RAV-01148,RES-ENG-0038,2026-09-18,22:00,06:00,0,Maintenance
RAV-01149,RES-TRD-0118,2026-09-18,14:00,22:00,0,Reserved
RAV-01150,RES-S&T-0084,2026-09-01,00:00,06:00,0,Reserved
RAV-01151,RES-TRD-0100,2026-09-16,14:00,22:00,1,Available
RAV-01152,RES-S&T-0077,2026-09-12,06:00,14:00,1,Available
RAV-01153,RES-ENG-0039,2026-10-06,00:00,06:00,0,Reserved
RAV-01154,RES-ENG-0034,2026-09-30,14:00,22:00,1,Available
RAV-01155,RES-ENG-0002,2026-09-10,22:00,06:00,0,Maintenance
RAV-01156,RES-ENG-0014,2026-09-21,00:00,06:00,1,Available
RAV-01157,RES-ENG-0036,2026-09-09,22:00,06:00,1,Available
RAV-01158,RES-ENG-0017,2026-09-01,00:00,06:00,1,Available
RAV-01159,RES-S&T-0070,2026-09-20,14:00,22:00,1,Available
RAV-01160,RES-S&T-0086,2026-09-28,06:00,14:00,1,Available
RAV-01161,RES-TRD-0097,2026-09-01,22:00,06:00,1,Available
RAV-01162,RES-ENG-0004,2026-09-26,11:00,16:00,1,Available
RAV-01163,RES-ENG-0021,2026-09-14,00:00,06:00,1,Available
RAV-01164,RES-ENG-0017,2026-10-03,22:00,06:00,1,Available
RAV-01165,RES-S&T-0092,2026-09-18,14:00,22:00,0,Reserved
RAV-01166,RES-S&T-0083,2026-09-27,00:00,06:00,1,Available
RAV-01167,RES-ENG-0034,2026-10-01,06:00,14:00,1,Available
RAV-01168,RES-TRD-0097,2026-10-16,06:00,14:00,0,Maintenance
RAV-01169,RES-ENG-0004,2026-10-01,00:00,06:00,0,Reserved
RAV-01170,RES-ENG-0018,2026-10-06,06:00,14:00,0,Reserved
RAV-01171,RES-ENG-0032,2026-09-14,00:00,06:00,1,Available
RAV-01172,RES-ENG-0007,2026-10-13,06:00,14:00,1,Available
RAV-01173,RES-S&T-0060,2026-09-29,11:00,16:00,1,Available
RAV-01174,RES-ENG-0046,2026-10-01,00:00,06:00,1,Available
RAV-01175,RES-ENG-0010,2026-09-22,14:00,22:00,0,Maintenance
RAV-01176,RES-S&T-0078,2026-09-29,11:00,16:00,1,Available
RAV-01177,RES-TRD-0102,2026-09-23,00:00,06:00,1,Available
RAV-01178,RES-TRD-0105,2026-09-11,00:00,06:00,0,Reserved
RAV-01179,RES-TRD-0106,2026-10-15,06:00,14:00,1,Available
RAV-01180,RES-S&T-0079,2026-10-07,22:00,06:00,1,Available
RAV-01181,RES-TRD-0098,2026-09-15,14:00,22:00,1,Available
RAV-01182,RES-S&T-0089,2026-09-23,22:00,06:00,1,Available
RAV-01183,RES-S&T-0092,2026-09-20,06:00,14:00,1,Available
RAV-01184,RES-S&T-0083,2026-10-09,22:00,06:00,1,Available
RAV-01185,RES-ENG-0014,2026-10-03,11:00,16:00,1,Available
RAV-01186,RES-TRD-0109,2026-09-02,22:00,06:00,1,Available
RAV-01187,RES-S&T-0093,2026-10-14,11:00,16:00,1,Available
RAV-01188,RES-TRD-0100,2026-09-15,14:00,22:00,1,Available
RAV-01189,RES-S&T-0093,2026-10-07,14:00,22:00,0,Reserved
RAV-01190,RES-TRD-0122,2026-09-10,11:00,16:00,1,Available
RAV-01191,RES-ENG-0040,2026-09-04,11:00,16:00,0,Maintenance
RAV-01192,RES-ENG-0037,2026-10-11,06:00,14:00,1,Available
RAV-01193,RES-ENG-0012,2026-10-12,22:00,06:00,1,Available
RAV-01194,RES-ENG-0020,2026-10-06,11:00,16:00,1,Available
RAV-01195,RES-ENG-0011,2026-09-11,22:00,06:00,0,Maintenance
RAV-01196,RES-ENG-0030,2026-10-14,00:00,06:00,1,Available
RAV-01197,RES-TRD-0097,2026-10-01,06:00,14:00,1,Available
RAV-01198,RES-TRD-0112,2026-09-06,06:00,14:00,0,Maintenance
RAV-01199,RES-S&T-0065,2026-09-06,14:00,22:00,1,Available
RAV-01200,RES-TRD-0113,2026-09-19,11:00,16:00,1,Available
RAV-01201,RES-S&T-0080,2026-09-05,22:00,06:00,0,Maintenance
RAV-01202,RES-S&T-0074,2026-10-06,22:00,06:00,1,Available
RAV-01203,RES-ENG-0006,2026-09-19,00:00,06:00,1,Available
RAV-01204,RES-TRD-0108,2026-09-20,06:00,14:00,1,Available
RAV-01205,RES-ENG-0015,2026-09-14,00:00,06:00,1,Available
RAV-01206,RES-S&T-0071,2026-09-16,11:00,16:00,1,Available
RAV-01207,RES-TRD-0111,2026-09-05,14:00,22:00,1,Available
RAV-01208,RES-ENG-0027,2026-10-08,00:00,06:00,1,Available
RAV-01209,RES-S&T-0067,2026-10-12,11:00,16:00,1,Available
RAV-01210,RES-TRD-0115,2026-09-21,06:00,14:00,1,Available
RAV-01211,RES-TRD-0116,2026-09-09,00:00,06:00,1,Available
RAV-01212,RES-S&T-0093,2026-10-01,06:00,14:00,1,Available
RAV-01213,RES-TRD-0105,2026-09-26,14:00,22:00,0,Reserved
RAV-01214,RES-TRD-0112,2026-09-19,22:00,06:00,0,Reserved
RAV-01215,RES-TRD-0136,2026-10-16,06:00,14:00,1,Available
RAV-01216,RES-ENG-0050,2026-10-01,06:00,14:00,1,Available
RAV-01217,RES-S&T-0077,2026-09-01,06:00,14:00,0,Reserved
RAV-01218,RES-ENG-0040,2026-09-26,06:00,14:00,1,Available
RAV-01219,RES-ENG-0027,2026-09-12,14:00,22:00,1,Available
RAV-01220,RES-TRD-0115,2026-10-05,06:00,14:00,1,Available
RAV-01221,RES-TRD-0121,2026-10-12,22:00,06:00,1,Available
RAV-01222,RES-S&T-0095,2026-10-09,00:00,06:00,1,Available
RAV-01223,RES-TRD-0117,2026-10-13,00:00,06:00,1,Available
RAV-01224,RES-S&T-0060,2026-09-15,14:00,22:00,1,Available
RAV-01225,RES-TRD-0111,2026-09-04,11:00,16:00,1,Available
RAV-01226,RES-ENG-0026,2026-09-03,00:00,06:00,1,Available
RAV-01227,RES-TRD-0115,2026-09-20,14:00,22:00,1,Available
RAV-01228,RES-TRD-0112,2026-10-16,14:00,22:00,1,Available
RAV-01229,RES-S&T-0067,2026-09-27,22:00,06:00,1,Available
RAV-01230,RES-TRD-0096,2026-09-20,14:00,22:00,1,Available
RAV-01231,RES-S&T-0073,2026-09-11,11:00,16:00,1,Available
RAV-01232,RES-S&T-0082,2026-09-10,11:00,16:00,0,Reserved
RAV-01233,RES-ENG-0057,2026-09-17,14:00,22:00,1,Available
RAV-01234,RES-S&T-0090,2026-10-01,22:00,06:00,1,Available
RAV-01235,RES-TRD-0126,2026-10-06,14:00,22:00,1,Available
RAV-01236,RES-ENG-0014,2026-09-11,11:00,16:00,1,Available
RAV-01237,RES-ENG-0012,2026-10-07,11:00,16:00,1,Available
RAV-01238,RES-ENG-0023,2026-09-08,06:00,14:00,0,Reserved
RAV-01239,RES-S&T-0066,2026-10-15,11:00,16:00,1,Available
RAV-01240,RES-ENG-0002,2026-09-11,22:00,06:00,1,Available
RAV-01241,RES-TRD-0110,2026-09-28,00:00,06:00,1,Available
RAV-01242,RES-TRD-0129,2026-09-04,06:00,14:00,1,Available
RAV-01243,RES-S&T-0065,2026-10-05,22:00,06:00,1,Available
RAV-01244,RES-S&T-0065,2026-09-04,22:00,06:00,1,Available
RAV-01245,RES-TRD-0100,2026-09-06,11:00,16:00,1,Available
RAV-01246,RES-ENG-0019,2026-09-02,06:00,14:00,1,Available
RAV-01247,RES-TRD-0118,2026-09-06,22:00,06:00,1,Available
RAV-01248,RES-ENG-0026,2026-10-01,22:00,06:00,0,Reserved
RAV-01249,RES-ENG-0029,2026-09-27,11:00,16:00,1,Available
RAV-01250,RES-ENG-0005,2026-10-07,22:00,06:00,0,Reserved
RAV-01251,RES-ENG-0003,2026-10-08,11:00,16:00,1,Available
RAV-01252,RES-ENG-0026,2026-10-10,14:00,22:00,1,Available
RAV-01253,RES-TRD-0102,2026-09-22,06:00,14:00,1,Available
RAV-01254,RES-ENG-0038,2026-10-16,14:00,22:00,1,Available
RAV-01255,RES-S&T-0060,2026-10-06,06:00,14:00,1,Available
RAV-01256,RES-ENG-0059,2026-09-10,00:00,06:00,1,Available
RAV-01257,RES-TRD-0122,2026-09-13,06:00,14:00,1,Available
RAV-01258,RES-S&T-0095,2026-10-16,06:00,14:00,1,Available
RAV-01259,RES-ENG-0019,2026-09-11,06:00,14:00,1,Available
RAV-01260,RES-ENG-0043,2026-09-19,06:00,14:00,1,Available
RAV-01261,RES-TRD-0099,2026-10-14,11:00,16:00,1,Available
RAV-01262,RES-TRD-0113,2026-09-02,14:00,22:00,1,Available
RAV-01263,RES-ENG-0055,2026-10-04,00:00,06:00,0,Reserved
RAV-01264,RES-ENG-0010,2026-09-15,00:00,06:00,1,Available
RAV-01265,RES-ENG-0035,2026-09-23,22:00,06:00,1,Available
RAV-01266,RES-ENG-0021,2026-09-27,11:00,16:00,1,Available
RAV-01267,RES-TRD-0110,2026-09-27,00:00,06:00,1,Available
RAV-01268,RES-ENG-0035,2026-10-10,22:00,06:00,0,Reserved
RAV-01269,RES-ENG-0041,2026-10-08,14:00,22:00,1,Available
RAV-01270,RES-S&T-0094,2026-10-10,22:00,06:00,1,Available
RAV-01271,RES-ENG-0043,2026-10-15,00:00,06:00,1,Available
RAV-01272,RES-S&T-0077,2026-09-03,00:00,06:00,1,Available
RAV-01273,RES-ENG-0047,2026-10-08,22:00,06:00,1,Available
RAV-01274,RES-S&T-0063,2026-09-15,22:00,06:00,0,Maintenance
RAV-01275,RES-S&T-0075,2026-10-05,22:00,06:00,1,Available
RAV-01276,RES-S&T-0089,2026-09-25,06:00,14:00,1,Available
RAV-01277,RES-TRD-0129,2026-09-16,11:00,16:00,1,Available
RAV-01278,RES-S&T-0084,2026-09-10,00:00,06:00,1,Available
RAV-01279,RES-TRD-0105,2026-09-18,22:00,06:00,1,Available
RAV-01280,RES-ENG-0057,2026-09-15,22:00,06:00,1,Available
RAV-01281,RES-ENG-0051,2026-09-27,22:00,06:00,1,Available
RAV-01282,RES-TRD-0123,2026-10-12,11:00,16:00,1,Available
RAV-01283,RES-S&T-0067,2026-10-07,22:00,06:00,1,Available
RAV-01284,RES-ENG-0039,2026-10-04,00:00,06:00,0,Reserved
RAV-01285,RES-ENG-0053,2026-09-23,14:00,22:00,1,Available
RAV-01286,RES-ENG-0042,2026-09-25,22:00,06:00,0,Reserved
RAV-01287,RES-ENG-0003,2026-09-16,06:00,14:00,1,Available
RAV-01288,RES-ENG-0001,2026-09-29,22:00,06:00,1,Available
RAV-01289,RES-TRD-0097,2026-10-11,11:00,16:00,1,Available
RAV-01290,RES-ENG-0030,2026-09-14,06:00,14:00,1,Available
RAV-01291,RES-ENG-0010,2026-09-21,11:00,16:00,1,Available
RAV-01292,RES-ENG-0047,2026-09-11,22:00,06:00,0,Reserved
RAV-01293,RES-S&T-0078,2026-10-16,14:00,22:00,0,Reserved
RAV-01294,RES-ENG-0040,2026-09-30,06:00,14:00,1,Available
RAV-01295,RES-ENG-0053,2026-09-27,11:00,16:00,1,Available
RAV-01296,RES-ENG-0032,2026-09-06,22:00,06:00,1,Available
RAV-01297,RES-S&T-0092,2026-09-25,11:00,16:00,1,Available
RAV-01298,RES-ENG-0053,2026-09-11,11:00,16:00,1,Available
RAV-01299,RES-TRD-0098,2026-09-06,11:00,16:00,1,Available
RAV-01300,RES-ENG-0046,2026-09-10,22:00,06:00,1,Available
