resource_id,resource_type,department,description,quantity,unit,section,availability_status,capability
RES-ENG-0001,Tamping Machine Rake,Engineering,CSM 09-32 Continuous Action Tamping Machine #1 [Hyderabad Base],1,Rakes,Hyderabad-SEC-07,Available,"Continuous track lining, levelling and tamping at 1.5 km/h"
RES-ENG-0002,Tamping Machine Rake,Engineering,CSM 09-32 Continuous Action Tamping Machine #2 [Guntur Base],1,Rakes,Guntur-SEC-04,Available,"Continuous track lining, levelling and tamping at 1.5 km/h"
RES-ENG-0003,Tamping Machine Rake,Engineering,CSM 09-32 Continuous Action Tamping Machine #3 [Hyderabad Base],1,Rakes,Hyderabad-SEC-07,Available,"Continuous track lining, levelling and tamping at 1.5 km/h"
RES-ENG-0004,Tamping Machine Rake,Engineering,CSM 09-32 Continuous Action Tamping Machine #4 [Secunderabad Base],1,Rakes,Secunderabad-SEC-06,Available,"Continuous track lining, levelling and tamping at 1.5 km/h"
RES-ENG-0005,Tamping Machine Rake,Engineering,CSM 09-32 Continuous Action Tamping Machine #5 [Secunderabad Base],1,Rakes,Secunderabad-SEC-05,Under Maintenance,"Continuous track lining, levelling and tamping at 1.5 km/h"
RES-ENG-0006,Tamping Machine Rake,Engineering,CSM 09-32 Continuous Action Tamping Machine #6 [Hyderabad Base],1,Rakes,Hyderabad-SEC-02,Deployed,"Continuous track lining, levelling and tamping at 1.5 km/h"
RES-ENG-0007,Turnout Tamping Machine,Engineering,Unimat 08-475 4S Points & Crossing Tamper #1 [Guntakal Base],1,Units,Guntakal-SEC-06,Available,Precision packing of complex 1-in-12 and 1-in-8.5 turnouts
RES-ENG-0008,Turnout Tamping Machine,Engineering,Unimat 08-475 4S Points & Crossing Tamper #2 [Vijayawada Base],1,Units,Vijayawada-SEC-03,Available,Precision packing of complex 1-in-12 and 1-in-8.5 turnouts
RES-ENG-0009,Turnout Tamping Machine,Engineering,Unimat 08-475 4S Points & Crossing Tamper #3 [Hyderabad Base],1,Units,Hyderabad-SEC-08,Available,Precision packing of complex 1-in-12 and 1-in-8.5 turnouts
RES-ENG-0010,Turnout Tamping Machine,Engineering,Unimat 08-475 4S Points & Crossing Tamper #4 [Secunderabad Base],1,Units,Secunderabad-SEC-06,Available,Precision packing of complex 1-in-12 and 1-in-8.5 turnouts
RES-ENG-0011,Ballast Cleaning Machine,Engineering,BCM-350 High Capacity Ballast Cleaner #1 [Guntakal Base],1,Rakes,Guntakal-SEC-05,Available,Excavates and screens foul ballast cushion up to 350mm depth
RES-ENG-0012,Ballast Cleaning Machine,Engineering,BCM-350 High Capacity Ballast Cleaner #2 [Vijayawada Base],1,Rakes,Vijayawada-SEC-03,Available,Excavates and screens foul ballast cushion up to 350mm depth
RES-ENG-0013,Ballast Cleaning Machine,Engineering,BCM-350 High Capacity Ballast Cleaner #3 [Guntur Base],1,Rakes,Guntur-SEC-01,Available,Excavates and screens foul ballast cushion up to 350mm depth
RES-ENG-0014,Dynamic Track Stabilizer,Engineering,DGS Dynamic Track Stabilizer #1 [Secunderabad Base],1,Units,Secunderabad-SEC-05,Available,Vibrational track consolidation to immediately restore line speed
RES-ENG-0015,Dynamic Track Stabilizer,Engineering,DGS Dynamic Track Stabilizer #2 [Vijayawada Base],1,Units,Vijayawada-SEC-02,Available,Vibrational track consolidation to immediately restore line speed
RES-ENG-0016,Dynamic Track Stabilizer,Engineering,DGS Dynamic Track Stabilizer #3 [Secunderabad Base],1,Units,Secunderabad-SEC-03,Available,Vibrational track consolidation to immediately restore line speed
RES-ENG-0017,Dynamic Track Stabilizer,Engineering,DGS Dynamic Track Stabilizer #4 [Vijayawada Base],1,Units,Vijayawada-SEC-02,Under Maintenance,Vibrational track consolidation to immediately restore line speed
RES-ENG-0018,Rail Grinding Machine,Engineering,72-Stone Heavy Rail Grinding Machine (RGM) #1 [Secunderabad Base],1,Rake,Secunderabad-SEC-02,Deployed,Reprofiles rail head and eliminates rolling contact fatigue cracks
RES-ENG-0019,Rail Grinding Machine,Engineering,72-Stone Heavy Rail Grinding Machine (RGM) #2 [Hyderabad Base],1,Rake,Hyderabad-SEC-05,Deployed,Reprofiles rail head and eliminates rolling contact fatigue cracks
RES-ENG-0020,Track Relaying Train,Engineering,TRT Fast Track Renewal Train #1 [Guntur Base],1,Rake,Guntur-SEC-05,Available,Simultaneous rail and sleeper replacement up to 1.2 km per block
RES-ENG-0021,Track Relaying Train,Engineering,TRT Fast Track Renewal Train #2 [Guntur Base],1,Rake,Guntur-SEC-03,Available,Simultaneous rail and sleeper replacement up to 1.2 km per block
RES-ENG-0022,USFD Ultrasonic Trolley,Engineering,Digital Ultrasonic Rail Flaw Detector (USFD) #1 [Guntur Base],1,Units,Guntur-SEC-06,Available,Continuous ultrasonic scanning for micro-defects in rail web/head
RES-ENG-0023,USFD Ultrasonic Trolley,Engineering,Digital Ultrasonic Rail Flaw Detector (USFD) #2 [Hyderabad Base],1,Units,Hyderabad-SEC-03,Available,Continuous ultrasonic scanning for micro-defects in rail web/head
RES-ENG-0024,USFD Ultrasonic Trolley,Engineering,Digital Ultrasonic Rail Flaw Detector (USFD) #3 [Hyderabad Base],1,Units,Hyderabad-SEC-01,Available,Continuous ultrasonic scanning for micro-defects in rail web/head
RES-ENG-0025,USFD Ultrasonic Trolley,Engineering,Digital Ultrasonic Rail Flaw Detector (USFD) #4 [Guntakal Base],1,Units,Guntakal-SEC-01,Under Maintenance,Continuous ultrasonic scanning for micro-defects in rail web/head
RES-ENG-0026,USFD Ultrasonic Trolley,Engineering,Digital Ultrasonic Rail Flaw Detector (USFD) #5 [Guntur Base],1,Units,Guntur-SEC-06,Available,Continuous ultrasonic scanning for micro-defects in rail web/head
RES-ENG-0027,USFD Ultrasonic Trolley,Engineering,Digital Ultrasonic Rail Flaw Detector (USFD) #6 [Secunderabad Base],1,Units,Secunderabad-SEC-08,Available,Continuous ultrasonic scanning for micro-defects in rail web/head
RES-ENG-0028,USFD Ultrasonic Trolley,Engineering,Digital Ultrasonic Rail Flaw Detector (USFD) #7 [Secunderabad Base],1,Units,Secunderabad-SEC-03,Available,Continuous ultrasonic scanning for micro-defects in rail web/head
RES-ENG-0029,USFD Ultrasonic Trolley,Engineering,Digital Ultrasonic Rail Flaw Detector (USFD) #8 [Hyderabad Base],1,Units,Hyderabad-SEC-08,Available,Continuous ultrasonic scanning for micro-defects in rail web/head
RES-ENG-0030,USFD Ultrasonic Trolley,Engineering,Digital Ultrasonic Rail Flaw Detector (USFD) #9 [Guntakal Base],1,Units,Guntakal-SEC-04,Available,Continuous ultrasonic scanning for micro-defects in rail web/head
RES-ENG-0031,USFD Ultrasonic Trolley,Engineering,Digital Ultrasonic Rail Flaw Detector (USFD) #10 [Guntakal Base],1,Units,Guntakal-SEC-05,Under Maintenance,Continuous ultrasonic scanning for micro-defects in rail web/head
RES-ENG-0032,USFD Ultrasonic Trolley,Engineering,Digital Ultrasonic Rail Flaw Detector (USFD) #11 [Guntakal Base],1,Units,Guntakal-SEC-01,Available,Continuous ultrasonic scanning for micro-defects in rail web/head
RES-ENG-0033,USFD Ultrasonic Trolley,Engineering,Digital Ultrasonic Rail Flaw Detector (USFD) #12 [Guntakal Base],1,Units,Guntakal-SEC-08,Available,Continuous ultrasonic scanning for micro-defects in rail web/head
RES-ENG-0034,USFD Ultrasonic Trolley,Engineering,Digital Ultrasonic Rail Flaw Detector (USFD) #13 [Guntur Base],1,Units,Guntur-SEC-06,Available,Continuous ultrasonic scanning for micro-defects in rail web/head
RES-ENG-0035,USFD Ultrasonic Trolley,Engineering,Digital Ultrasonic Rail Flaw Detector (USFD) #14 [Guntur Base],1,Units,Guntur-SEC-01,Deployed,Continuous ultrasonic scanning for micro-defects in rail web/head
RES-ENG-0036,USFD Ultrasonic Trolley,Engineering,Digital Ultrasonic Rail Flaw Detector (USFD) #15 [Guntakal Base],1,Units,Guntakal-SEC-03,Deployed,Continuous ultrasonic scanning for micro-defects in rail web/head
RES-ENG-0037,P-Way Section Maintenance Gang,Engineering,SSE/P-Way Maintenance Squad (15 Crew) #1 [Vijayawada Base],1,Gangs,Vijayawada-SEC-07,Deployed,"Manual track maintenance, fishplate greasing, clip renewal, packing"
RES-ENG-0038,P-Way Section Maintenance Gang,Engineering,SSE/P-Way Maintenance Squad (15 Crew) #2 [Secunderabad Base],1,Gangs,Secunderabad-SEC-07,Available,"Manual track maintenance, fishplate greasing, clip renewal, packing"
RES-ENG-0039,P-Way Section Maintenance Gang,Engineering,SSE/P-Way Maintenance Squad (15 Crew) #3 [Vijayawada Base],1,Gangs,Vijayawada-SEC-02,Available,"Manual track maintenance, fishplate greasing, clip renewal, packing"
RES-ENG-0040,P-Way Section Maintenance Gang,Engineering,SSE/P-Way Maintenance Squad (15 Crew) #4 [Guntakal Base],1,Gangs,Guntakal-SEC-01,Available,"Manual track maintenance, fishplate greasing, clip renewal, packing"
RES-ENG-0041,P-Way Section Maintenance Gang,Engineering,SSE/P-Way Maintenance Squad (15 Crew) #5 [Guntur Base],1,Gangs,Guntur-SEC-06,Available,"Manual track maintenance, fishplate greasing, clip renewal, packing"
RES-ENG-0042,P-Way Section Maintenance Gang,Engineering,SSE/P-Way Maintenance Squad (15 Crew) #6 [Vijayawada Base],1,Gangs,Vijayawada-SEC-05,Available,"Manual track maintenance, fishplate greasing, clip renewal, packing"
RES-ENG-0043,P-Way Section Maintenance Gang,Engineering,SSE/P-Way Maintenance Squad (15 Crew) #7 [Guntakal Base],1,Gangs,Guntakal-SEC-02,Deployed,"Manual track maintenance, fishplate greasing, clip renewal, packing"
RES-ENG-0044,P-Way Section Maintenance Gang,Engineering,SSE/P-Way Maintenance Squad (15 Crew) #8 [Guntur Base],1,Gangs,Guntur-SEC-07,Available,"Manual track maintenance, fishplate greasing, clip renewal, packing"
RES-ENG-0045,P-Way Section Maintenance Gang,Engineering,SSE/P-Way Maintenance Squad (15 Crew) #9 [Hyderabad Base],1,Gangs,Hyderabad-SEC-07,Deployed,"Manual track maintenance, fishplate greasing, clip renewal, packing"
RES-ENG-0046,P-Way Section Maintenance Gang,Engineering,SSE/P-Way Maintenance Squad (15 Crew) #10 [Guntakal Base],1,Gangs,Guntakal-SEC-07,Deployed,"Manual track maintenance, fishplate greasing, clip renewal, packing"
RES-ENG-0047,P-Way Section Maintenance Gang,Engineering,SSE/P-Way Maintenance Squad (15 Crew) #11 [Guntakal Base],1,Gangs,Guntakal-SEC-07,Available,"Manual track maintenance, fishplate greasing, clip renewal, packing"
RES-ENG-0048,P-Way Section Maintenance Gang,Engineering,SSE/P-Way Maintenance Squad (15 Crew) #12 [Vijayawada Base],1,Gangs,Vijayawada-SEC-05,Available,"Manual track maintenance, fishplate greasing, clip renewal, packing"
RES-ENG-0049,P-Way Section Maintenance Gang,Engineering,SSE/P-Way Maintenance Squad (15 Crew) #13 [Guntur Base],1,Gangs,Guntur-SEC-05,Deployed,"Manual track maintenance, fishplate greasing, clip renewal, packing"
RES-ENG-0050,P-Way Section Maintenance Gang,Engineering,SSE/P-Way Maintenance Squad (15 Crew) #14 [Vijayawada Base],1,Gangs,Vijayawada-SEC-04,Deployed,"Manual track maintenance, fishplate greasing, clip renewal, packing"
RES-ENG-0051,P-Way Section Maintenance Gang,Engineering,SSE/P-Way Maintenance Squad (15 Crew) #15 [Secunderabad Base],1,Gangs,Secunderabad-SEC-07,Available,"Manual track maintenance, fishplate greasing, clip renewal, packing"
RES-ENG-0052,P-Way Section Maintenance Gang,Engineering,SSE/P-Way Maintenance Squad (15 Crew) #16 [Hyderabad Base],1,Gangs,Hyderabad-SEC-07,Available,"Manual track maintenance, fishplate greasing, clip renewal, packing"
RES-ENG-0053,P-Way Section Maintenance Gang,Engineering,SSE/P-Way Maintenance Squad (15 Crew) #17 [Secunderabad Base],1,Gangs,Secunderabad-SEC-08,Available,"Manual track maintenance, fishplate greasing, clip renewal, packing"
RES-ENG-0054,P-Way Section Maintenance Gang,Engineering,SSE/P-Way Maintenance Squad (15 Crew) #18 [Secunderabad Base],1,Gangs,Secunderabad-SEC-04,Available,"Manual track maintenance, fishplate greasing, clip renewal, packing"
RES-ENG-0055,P-Way Section Maintenance Gang,Engineering,SSE/P-Way Maintenance Squad (15 Crew) #19 [Guntur Base],1,Gangs,Guntur-SEC-04,Available,"Manual track maintenance, fishplate greasing, clip renewal, packing"
RES-ENG-0056,P-Way Section Maintenance Gang,Engineering,SSE/P-Way Maintenance Squad (15 Crew) #20 [Hyderabad Base],1,Gangs,Hyderabad-SEC-03,Available,"Manual track maintenance, fishplate greasing, clip renewal, packing"
RES-ENG-0057,Mobile Rail Flash Butt Welder,Engineering,FBW-60 Containerized Flash Butt Welder #1 [Guntur Base],1,Units,Guntur-SEC-07,Deployed,High-strength metallurgical joint welding without consumables
RES-ENG-0058,Mobile Rail Flash Butt Welder,Engineering,FBW-60 Containerized Flash Butt Welder #2 [Hyderabad Base],1,Units,Hyderabad-SEC-02,Available,High-strength metallurgical joint welding without consumables
RES-ENG-0059,Mobile Rail Flash Butt Welder,Engineering,FBW-60 Containerized Flash Butt Welder #3 [Secunderabad Base],1,Units,Secunderabad-SEC-02,Deployed,High-strength metallurgical joint welding without consumables
RES-S&T-0060,Signal Maintenance Squad,S&T,SSE/Signal Maintenance Squad (8 Crew) #1 [Secunderabad Base],1,Squads,Secunderabad-SEC-05,Available,"Point machine overhaul, signal aspect tuning, relay testing"
RES-S&T-0061,Signal Maintenance Squad,S&T,SSE/Signal Maintenance Squad (8 Crew) #2 [Vijayawada Base],1,Squads,Vijayawada-SEC-01,Available,"Point machine overhaul, signal aspect tuning, relay testing"
RES-S&T-0062,Signal Maintenance Squad,S&T,SSE/Signal Maintenance Squad (8 Crew) #3 [Guntur Base],1,Squads,Guntur-SEC-06,Available,"Point machine overhaul, signal aspect tuning, relay testing"
RES-S&T-0063,Signal Maintenance Squad,S&T,SSE/Signal Maintenance Squad (8 Crew) #4 [Secunderabad Base],1,Squads,Secunderabad-SEC-02,Available,"Point machine overhaul, signal aspect tuning, relay testing"
RES-S&T-0064,Signal Maintenance Squad,S&T,SSE/Signal Maintenance Squad (8 Crew) #5 [Guntakal Base],1,Squads,Guntakal-SEC-06,Available,"Point machine overhaul, signal aspect tuning, relay testing"
RES-S&T-0065,Signal Maintenance Squad,S&T,SSE/Signal Maintenance Squad (8 Crew) #6 [Hyderabad Base],1,Squads,Hyderabad-SEC-06,Available,"Point machine overhaul, signal aspect tuning, relay testing"
RES-S&T-0066,Signal Maintenance Squad,S&T,SSE/Signal Maintenance Squad (8 Crew) #7 [Guntakal Base],1,Squads,Guntakal-SEC-05,Available,"Point machine overhaul, signal aspect tuning, relay testing"
RES-S&T-0067,Signal Maintenance Squad,S&T,SSE/Signal Maintenance Squad (8 Crew) #8 [Guntur Base],1,Squads,Guntur-SEC-01,Under Maintenance,"Point machine overhaul, signal aspect tuning, relay testing"
RES-S&T-0068,Signal Maintenance Squad,S&T,SSE/Signal Maintenance Squad (8 Crew) #9 [Vijayawada Base],1,Squads,Vijayawada-SEC-07,Available,"Point machine overhaul, signal aspect tuning, relay testing"
RES-S&T-0069,Signal Maintenance Squad,S&T,SSE/Signal Maintenance Squad (8 Crew) #10 [Guntur Base],1,Squads,Guntur-SEC-06,Available,"Point machine overhaul, signal aspect tuning, relay testing"
RES-S&T-0070,Signal Maintenance Squad,S&T,SSE/Signal Maintenance Squad (8 Crew) #11 [Secunderabad Base],1,Squads,Secunderabad-SEC-03,Available,"Point machine overhaul, signal aspect tuning, relay testing"
RES-S&T-0071,Signal Maintenance Squad,S&T,SSE/Signal Maintenance Squad (8 Crew) #12 [Guntakal Base],1,Squads,Guntakal-SEC-04,Available,"Point machine overhaul, signal aspect tuning, relay testing"
RES-S&T-0072,Signal Maintenance Squad,S&T,SSE/Signal Maintenance Squad (8 Crew) #13 [Guntur Base],1,Squads,Guntur-SEC-02,Deployed,"Point machine overhaul, signal aspect tuning, relay testing"
RES-S&T-0073,Signal Maintenance Squad,S&T,SSE/Signal Maintenance Squad (8 Crew) #14 [Vijayawada Base],1,Squads,Vijayawada-SEC-08,Available,"Point machine overhaul, signal aspect tuning, relay testing"
RES-S&T-0074,Signal Maintenance Squad,S&T,SSE/Signal Maintenance Squad (8 Crew) #15 [Vijayawada Base],1,Squads,Vijayawada-SEC-04,Deployed,"Point machine overhaul, signal aspect tuning, relay testing"
RES-S&T-0075,Telecom OFC Splicing Vehicle,S&T,OFC Emergency Splicing & Testing Van #1 [Guntakal Base],1,Vehicles,Guntakal-SEC-08,Available,"Equipped with OTDR, fusion splicers, and core alignment tools"
RES-S&T-0076,Telecom OFC Splicing Vehicle,S&T,OFC Emergency Splicing & Testing Van #2 [Guntakal Base],1,Vehicles,Guntakal-SEC-04,Deployed,"Equipped with OTDR, fusion splicers, and core alignment tools"
RES-S&T-0077,Telecom OFC Splicing Vehicle,S&T,OFC Emergency Splicing & Testing Van #3 [Secunderabad Base],1,Vehicles,Secunderabad-SEC-05,Under Maintenance,"Equipped with OTDR, fusion splicers, and core alignment tools"
RES-S&T-0078,Telecom OFC Splicing Vehicle,S&T,OFC Emergency Splicing & Testing Van #4 [Hyderabad Base],1,Vehicles,Hyderabad-SEC-06,Deployed,"Equipped with OTDR, fusion splicers, and core alignment tools"
RES-S&T-0079,Telecom OFC Splicing Vehicle,S&T,OFC Emergency Splicing & Testing Van #5 [Secunderabad Base],1,Vehicles,Secunderabad-SEC-07,Available,"Equipped with OTDR, fusion splicers, and core alignment tools"
RES-S&T-0080,Electronic Interlocking Test Team,S&T,EI Diagnostic & Software Audit Team #1 [Hyderabad Base],1,Teams,Hyderabad-SEC-02,Available,"Interlocking logic validation, data logger analysis, VDU testing"
RES-S&T-0081,Electronic Interlocking Test Team,S&T,EI Diagnostic & Software Audit Team #2 [Guntakal Base],1,Teams,Guntakal-SEC-02,Available,"Interlocking logic validation, data logger analysis, VDU testing"
RES-S&T-0082,Electronic Interlocking Test Team,S&T,EI Diagnostic & Software Audit Team #3 [Secunderabad Base],1,Teams,Secunderabad-SEC-06,Available,"Interlocking logic validation, data logger analysis, VDU testing"
RES-S&T-0083,Electronic Interlocking Test Team,S&T,EI Diagnostic & Software Audit Team #4 [Hyderabad Base],1,Teams,Hyderabad-SEC-06,Under Maintenance,"Interlocking logic validation, data logger analysis, VDU testing"
RES-S&T-0084,Axle Counter Maintenance Team,S&T,Digital Axle Counter Calibration Crew #1 [Guntakal Base],1,Teams,Guntakal-SEC-07,Available,"Phase adjustment, track coil alignment, reset box validation"
RES-S&T-0085,Axle Counter Maintenance Team,S&T,Digital Axle Counter Calibration Crew #2 [Guntur Base],1,Teams,Guntur-SEC-02,Available,"Phase adjustment, track coil alignment, reset box validation"
RES-S&T-0086,Axle Counter Maintenance Team,S&T,Digital Axle Counter Calibration Crew #3 [Vijayawada Base],1,Teams,Vijayawada-SEC-05,Deployed,"Phase adjustment, track coil alignment, reset box validation"
RES-S&T-0087,Axle Counter Maintenance Team,S&T,Digital Axle Counter Calibration Crew #4 [Guntur Base],1,Teams,Guntur-SEC-07,Available,"Phase adjustment, track coil alignment, reset box validation"
RES-S&T-0088,Axle Counter Maintenance Team,S&T,Digital Axle Counter Calibration Crew #5 [Secunderabad Base],1,Teams,Secunderabad-SEC-04,Available,"Phase adjustment, track coil alignment, reset box validation"
RES-S&T-0089,Axle Counter Maintenance Team,S&T,Digital Axle Counter Calibration Crew #6 [Hyderabad Base],1,Teams,Hyderabad-SEC-04,Available,"Phase adjustment, track coil alignment, reset box validation"
RES-S&T-0090,Axle Counter Maintenance Team,S&T,Digital Axle Counter Calibration Crew #7 [Hyderabad Base],1,Teams,Hyderabad-SEC-07,Available,"Phase adjustment, track coil alignment, reset box validation"
RES-S&T-0091,Axle Counter Maintenance Team,S&T,Digital Axle Counter Calibration Crew #8 [Vijayawada Base],1,Teams,Vijayawada-SEC-04,Available,"Phase adjustment, track coil alignment, reset box validation"
RES-S&T-0092,Cable Fault Locator Van,S&T,Underground Cable Surge Locator Vehicle #1 [Secunderabad Base],1,Vehicles,Secunderabad-SEC-03,Available,TDR cable fault locators and ground pinpoint acoustic microphones
RES-S&T-0093,Cable Fault Locator Van,S&T,Underground Cable Surge Locator Vehicle #2 [Guntur Base],1,Vehicles,Guntur-SEC-08,Available,TDR cable fault locators and ground pinpoint acoustic microphones
RES-S&T-0094,Cable Fault Locator Van,S&T,Underground Cable Surge Locator Vehicle #3 [Guntakal Base],1,Vehicles,Guntakal-SEC-07,Deployed,TDR cable fault locators and ground pinpoint acoustic microphones
RES-S&T-0095,Cable Fault Locator Van,S&T,Underground Cable Surge Locator Vehicle #4 [Vijayawada Base],1,Vehicles,Vijayawada-SEC-05,Available,TDR cable fault locators and ground pinpoint acoustic microphones
RES-TRD-0096,OHE Tower Wagon (8-Wheeler),TRD,8-Wheeler Self-Propelled OHE Inspection Car (DETC) #1 [Secunderabad Base],1,Units,Secunderabad-SEC-03,Available,"Elevating roof platform, live catenary inspection, wire tensioning"
RES-TRD-0097,OHE Tower Wagon (8-Wheeler),TRD,8-Wheeler Self-Propelled OHE Inspection Car (DETC) #2 [Guntakal Base],1,Units,Guntakal-SEC-08,Deployed,"Elevating roof platform, live catenary inspection, wire tensioning"
RES-TRD-0098,OHE Tower Wagon (8-Wheeler),TRD,8-Wheeler Self-Propelled OHE Inspection Car (DETC) #3 [Secunderabad Base],1,Units,Secunderabad-SEC-08,Available,"Elevating roof platform, live catenary inspection, wire tensioning"
RES-TRD-0099,OHE Tower Wagon (8-Wheeler),TRD,8-Wheeler Self-Propelled OHE Inspection Car (DETC) #4 [Vijayawada Base],1,Units,Vijayawada-SEC-02,Available,"Elevating roof platform, live catenary inspection, wire tensioning"
RES-TRD-0100,OHE Tower Wagon (8-Wheeler),TRD,8-Wheeler Self-Propelled OHE Inspection Car (DETC) #5 [Hyderabad Base],1,Units,Hyderabad-SEC-04,Deployed,"Elevating roof platform, live catenary inspection, wire tensioning"
RES-TRD-0101,OHE Tower Wagon (8-Wheeler),TRD,8-Wheeler Self-Propelled OHE Inspection Car (DETC) #6 [Hyderabad Base],1,Units,Hyderabad-SEC-01,Deployed,"Elevating roof platform, live catenary inspection, wire tensioning"
RES-TRD-0102,OHE Tower Wagon (8-Wheeler),TRD,8-Wheeler Self-Propelled OHE Inspection Car (DETC) #7 [Guntakal Base],1,Units,Guntakal-SEC-03,Available,"Elevating roof platform, live catenary inspection, wire tensioning"
RES-TRD-0103,OHE Tower Wagon (8-Wheeler),TRD,8-Wheeler Self-Propelled OHE Inspection Car (DETC) #8 [Secunderabad Base],1,Units,Secunderabad-SEC-01,Under Maintenance,"Elevating roof platform, live catenary inspection, wire tensioning"
RES-TRD-0104,OHE Tower Wagon (4-Wheeler),TRD,4-Wheeler Light Tower Wagon (NETC) #1 [Secunderabad Base],1,Units,Secunderabad-SEC-01,Available,Fast emergency response and localized dropper/insulator replacement
RES-TRD-0105,OHE Tower Wagon (4-Wheeler),TRD,4-Wheeler Light Tower Wagon (NETC) #2 [Secunderabad Base],1,Units,Secunderabad-SEC-08,Available,Fast emergency response and localized dropper/insulator replacement
RES-TRD-0106,OHE Tower Wagon (4-Wheeler),TRD,4-Wheeler Light Tower Wagon (NETC) #3 [Secunderabad Base],1,Units,Secunderabad-SEC-01,Deployed,Fast emergency response and localized dropper/insulator replacement
RES-TRD-0107,OHE Tower Wagon (4-Wheeler),TRD,4-Wheeler Light Tower Wagon (NETC) #4 [Vijayawada Base],1,Units,Vijayawada-SEC-07,Available,Fast emergency response and localized dropper/insulator replacement
RES-TRD-0108,OHE Tower Wagon (4-Wheeler),TRD,4-Wheeler Light Tower Wagon (NETC) #5 [Hyderabad Base],1,Units,Hyderabad-SEC-07,Available,Fast emergency response and localized dropper/insulator replacement
RES-TRD-0109,OHE Tower Wagon (4-Wheeler),TRD,4-Wheeler Light Tower Wagon (NETC) #6 [Hyderabad Base],1,Units,Hyderabad-SEC-05,Deployed,Fast emergency response and localized dropper/insulator replacement
RES-TRD-0110,OHE Wiring Train,TRD,Heavy Catenary & Contact Wire Stringing Train #1 [Guntur Base],1,Rake,Guntur-SEC-04,Available,High tension contact wire replacement with automatic braking winches
RES-TRD-0111,OHE Wiring Train,TRD,Heavy Catenary & Contact Wire Stringing Train #2 [Guntur Base],1,Rake,Guntur-SEC-05,Available,High tension contact wire replacement with automatic braking winches
RES-TRD-0112,TRD Line Maintenance Gang,TRD,SSE/TRD Overhead Line Squad (10 Crew) #1 [Hyderabad Base],1,Gangs,Hyderabad-SEC-08,Deployed,"Cantilever adjustment, jumper clamping, insulator washing"
RES-TRD-0113,TRD Line Maintenance Gang,TRD,SSE/TRD Overhead Line Squad (10 Crew) #2 [Hyderabad Base],1,Gangs,Hyderabad-SEC-03,Deployed,"Cantilever adjustment, jumper clamping, insulator washing"
RES-TRD-0114,TRD Line Maintenance Gang,TRD,SSE/TRD Overhead Line Squad (10 Crew) #3 [Guntur Base],1,Gangs,Guntur-SEC-05,Available,"Cantilever adjustment, jumper clamping, insulator washing"
RES-TRD-0115,TRD Line Maintenance Gang,TRD,SSE/TRD Overhead Line Squad (10 Crew) #4 [Guntakal Base],1,Gangs,Guntakal-SEC-08,Deployed,"Cantilever adjustment, jumper clamping, insulator washing"
RES-TRD-0116,TRD Line Maintenance Gang,TRD,SSE/TRD Overhead Line Squad (10 Crew) #5 [Secunderabad Base],1,Gangs,Secunderabad-SEC-04,Available,"Cantilever adjustment, jumper clamping, insulator washing"
RES-TRD-0117,TRD Line Maintenance Gang,TRD,SSE/TRD Overhead Line Squad (10 Crew) #6 [Secunderabad Base],1,Gangs,Secunderabad-SEC-03,Available,"Cantilever adjustment, jumper clamping, insulator washing"
RES-TRD-0118,TRD Line Maintenance Gang,TRD,SSE/TRD Overhead Line Squad (10 Crew) #7 [Guntakal Base],1,Gangs,Guntakal-SEC-03,Available,"Cantilever adjustment, jumper clamping, insulator washing"
RES-TRD-0119,TRD Line Maintenance Gang,TRD,SSE/TRD Overhead Line Squad (10 Crew) #8 [Guntur Base],1,Gangs,Guntur-SEC-03,Available,"Cantilever adjustment, jumper clamping, insulator washing"
RES-TRD-0120,TRD Line Maintenance Gang,TRD,SSE/TRD Overhead Line Squad (10 Crew) #9 [Guntakal Base],1,Gangs,Guntakal-SEC-02,Available,"Cantilever adjustment, jumper clamping, insulator washing"
RES-TRD-0121,TRD Line Maintenance Gang,TRD,SSE/TRD Overhead Line Squad (10 Crew) #10 [Hyderabad Base],1,Gangs,Hyderabad-SEC-02,Available,"Cantilever adjustment, jumper clamping, insulator washing"
RES-TRD-0122,TRD Line Maintenance Gang,TRD,SSE/TRD Overhead Line Squad (10 Crew) #11 [Hyderabad Base],1,Gangs,Hyderabad-SEC-08,Available,"Cantilever adjustment, jumper clamping, insulator washing"
RES-TRD-0123,TRD Line Maintenance Gang,TRD,SSE/TRD Overhead Line Squad (10 Crew) #12 [Hyderabad Base],1,Gangs,Hyderabad-SEC-05,Available,"Cantilever adjustment, jumper clamping, insulator washing"
RES-TRD-0124,TRD Line Maintenance Gang,TRD,SSE/TRD Overhead Line Squad (10 Crew) #13 [Vijayawada Base],1,Gangs,Vijayawada-SEC-08,Available,"Cantilever adjustment, jumper clamping, insulator washing"
RES-TRD-0125,TRD Line Maintenance Gang,TRD,SSE/TRD Overhead Line Squad (10 Crew) #14 [Hyderabad Base],1,Gangs,Hyderabad-SEC-06,Available,"Cantilever adjustment, jumper clamping, insulator washing"
RES-TRD-0126,TRD Line Maintenance Gang,TRD,SSE/TRD Overhead Line Squad (10 Crew) #15 [Vijayawada Base],1,Gangs,Vijayawada-SEC-07,Available,"Cantilever adjustment, jumper clamping, insulator washing"
RES-TRD-0127,Traction Substation Maintenance Team,TRD,TSS High Voltage Testing & Relay Crew #1 [Guntur Base],1,Teams,Guntur-SEC-07,Deployed,"Transformer oil testing, 132/25kV circuit breaker overhaul"
RES-TRD-0128,Traction Substation Maintenance Team,TRD,TSS High Voltage Testing & Relay Crew #2 [Secunderabad Base],1,Teams,Secunderabad-SEC-03,Available,"Transformer oil testing, 132/25kV circuit breaker overhaul"
RES-TRD-0129,Traction Substation Maintenance Team,TRD,TSS High Voltage Testing & Relay Crew #3 [Secunderabad Base],1,Teams,Secunderabad-SEC-02,Available,"Transformer oil testing, 132/25kV circuit breaker overhaul"
RES-TRD-0130,Traction Substation Maintenance Team,TRD,TSS High Voltage Testing & Relay Crew #4 [Guntakal Base],1,Teams,Guntakal-SEC-07,Available,"Transformer oil testing, 132/25kV circuit breaker overhaul"
RES-TRD-0131,Traction Substation Maintenance Team,TRD,TSS High Voltage Testing & Relay Crew #5 [Guntakal Base],1,Teams,Guntakal-SEC-05,Available,"Transformer oil testing, 132/25kV circuit breaker overhaul"
RES-TRD-0132,Thermo-vision Infrared Crew,TRD,Handheld FLIR Catenary Thermal Scan Crew #1 [Guntur Base],1,Teams,Guntur-SEC-06,Deployed,Detects micro-ohm resistance surges at isolator clamps
RES-TRD-0133,Thermo-vision Infrared Crew,TRD,Handheld FLIR Catenary Thermal Scan Crew #2 [Secunderabad Base],1,Teams,Secunderabad-SEC-02,Available,Detects micro-ohm resistance surges at isolator clamps
RES-TRD-0134,Thermo-vision Infrared Crew,TRD,Handheld FLIR Catenary Thermal Scan Crew #3 [Vijayawada Base],1,Teams,Vijayawada-SEC-03,Under Maintenance,Detects micro-ohm resistance surges at isolator clamps
RES-TRD-0135,Thermo-vision Infrared Crew,TRD,Handheld FLIR Catenary Thermal Scan Crew #4 [Vijayawada Base],1,Teams,Vijayawada-SEC-08,Available,Detects micro-ohm resistance surges at isolator clamps
RES-TRD-0136,Thermo-vision Infrared Crew,TRD,Handheld FLIR Catenary Thermal Scan Crew #5 [Guntakal Base],1,Teams,Guntakal-SEC-05,Available,Detects micro-ohm resistance surges at isolator clamps
