station_id,station_code,station_name,section,km_from_reference,latitude,longitude
1,GDR,Gudur Jn,GDR-BZA,136.04,14.1463,79.8504
2,MBL,Manubolu,GDR-BZA,145.39,14.225,79.88
3,KMLP,Kommarapudi,GDR-BZA,151.6,14.27,79.91
4,VKT,Venkatachalam Jn,GDR-BZA,157.85,14.3167,79.9333
5,VDE,Vedayapalem,GDR-BZA,167.12,14.39,79.96
6,NLS,Nellore South,GDR-BZA,172.41,14.425,79.975
7,NLR,Nellore,GDR-BZA,174.36,14.4426,79.9865
8,PGU,Padugupadu,GDR-BZA,178.42,14.475,79.995
9,KJJ,Kodavaluru,GDR-BZA,185.78,14.535,80.005
10,TMC,Talamanchi,GDR-BZA,190.44,14.58,80.01
11,AXR,Alluru Road,GDR-BZA,202.0,14.68,80.03
12,BTTR,Bitragunta,GDR-BZA,208.25,14.73,80.04
13,SVPM,Sri Venkateswarapalem,GDR-BZA,212.57,14.77,80.045
14,KVZ,Kavali,GDR-BZA,224.8,14.88,80.0
15,TTU,Tettu,GDR-BZA,239.13,14.98,80.01
16,UPD,Ulavapadu,GDR-BZA,252.88,15.1,80.02
17,SKM,Singarayakonda,GDR-BZA,262.45,15.25,80.03
18,TNR,Tanguturu,GDR-BZA,272.07,15.34,80.04
19,SDM,Surareddipalem,GDR-BZA,280.25,15.42,80.045
20,OGL,Ongole,GDR-BZA,290.4,15.5057,80.0499
21,KRV,Karavadi,GDR-BZA,299.18,15.58,80.08
22,ANB,Ammanabrolu,GDR-BZA,305.44,15.63,80.11
23,RPRL,Raparla,GDR-BZA,308.7,15.66,80.13
24,UGD,Uppugunduru,GDR-BZA,313.04,15.69,80.16
25,CJM,Chinnaganjam,GDR-BZA,319.5,15.74,80.22
26,KVDU,Kadavakuduru,GDR-BZA,323.83,15.77,80.24
27,KPLL,Kottapandillapalli,GDR-BZA,328.61,15.8,80.26
28,VTM,Vetapalem,GDR-BZA,331.93,15.78,80.32
29,JAQ,Jandrapeta,GDR-BZA,336.61,15.81,80.34
30,CLX,Chirala,GDR-BZA,339.87,15.8246,80.3521
31,IPPM,Ipurupalem,GDR-BZA,343.95,15.85,80.37
32,SPF,Stuartpuram,GDR-BZA,347.97,15.88,80.4
33,BPP,Bapatla,GDR-BZA,354.86,15.9042,80.4678
34,APL,Appikatla,GDR-BZA,363.63,15.96,80.52
35,MCVM,Machavaram,GDR-BZA,370.37,16.01,80.56
36,NDO,Nidubrolu,GDR-BZA,375.32,16.05,80.59
37,MDKU,Modukuru,GDR-BZA,382.09,16.11,80.61
38,TSR,Tsunduru,GDR-BZA,385.82,16.14,80.62
39,TEL,Tenali Jn,GDR-BZA,397.25,16.243,80.64
40,KLX,Kolakaluru,GDR-BZA,403.34,16.29,80.63
41,DIG,Duggirala,GDR-BZA,407.06,16.324,80.628
42,CLVR,Chiluvuru,GDR-BZA,412.79,16.37,80.62
43,PVD,Pedavadlapudi,GDR-BZA,416.61,16.41,80.61
44,KCC,Krishna Canal Jn,GDR-BZA,423.71,16.48,80.61
45,BZA,Vijayawada Jn,GDR-BZA,428.76,16.5062,80.648
46,VBC,Vijayawada Bulb Cabin,BZA-KI,581.8,16.53,80.6
47,NWBV,New West Block Cabin,BZA-KI,578.09,16.56,80.56
48,RYP,Rayanapadu,BZA-KI,574.45,16.58,80.53
49,KI,Kondapalli,BZA-KI,569.01,16.62,80.51
50,VNEC,Vijayawada North East Cabin,BZA-VSKP,430.51,16.52,80.66
51,GALA,Gunadala,BZA-VSKP,435.27,16.53,80.68
52,MBD,Mustabad,BZA-VSKP,441.69,16.56,80.74
53,GWM,Gannavaram,BZA-VSKP,448.44,16.54,80.8
54,PAVP,Pedda Avutapalle,BZA-VSKP,453.42,16.57,80.84
55,TOU,Telaprolu,BZA-VSKP,459.96,16.62,80.88
56,NZD,Nuzvid,BZA-VSKP,469.65,16.71,80.95
57,VAT,Vatlur,BZA-VSKP,479.63,16.71,81.04
58,PRH,Powerpet,BZA-VSKP,486.63,16.712,81.09
59,EE,Eluru,BZA-VSKP,488.26,16.7107,81.1
60,DEL,Denduluru,BZA-VSKP,498.03,16.73,81.18
61,BMD,Bhimadolu,BZA-VSKP,507.23,16.81,81.25
62,PUA,Pulla,BZA-VSKP,513.93,16.85,81.3
63,CEL,Chebrolu,BZA-VSKP,521.79,16.87,81.36
64,BPY,Badampudi,BZA-VSKP,530.12,16.86,81.44
65,TDD,Tadepalligudem,BZA-VSKP,536.09,16.81,81.53
66,NBM,Navabpalem,BZA-VSKP,545.03,16.84,81.6
67,NDD,Nidadavolu Jn,BZA-VSKP,555.81,16.91,81.67
68,CU,Chagallu,BZA-VSKP,564.51,16.98,81.71
69,PSDA,Pasivedala,BZA-VSKP,567.29,17.0,81.72
70,KVR,Kovvuru,BZA-VSKP,570.63,17.01,81.73
71,GVN,Godavari,BZA-VSKP,575.02,17.005,81.77
72,RJY,Rajahmundry,BZA-VSKP,578.15,17.0005,81.78
73,KYM,Kadiyam,BZA-VSKP,588.17,16.92,81.84
74,DWP,Dwarapudi,BZA-VSKP,598.09,16.95,81.93
75,APT,Anaparthi,BZA-VSKP,601.9,16.98,81.96
76,BVL,Bikkavolu,BZA-VSKP,611.18,17.02,82.04
77,MPU,Medapadu,BZA-VSKP,619.39,17.05,82.11
78,SLO,Samalkot Jn,BZA-VSKP,628.36,17.05,82.17
79,PAP,Pithapuram,BZA-VSKP,640.45,17.11,82.26
80,GLP,Gollaprolu,BZA-VSKP,646.14,17.15,82.29
81,DGDG,Durgada Gate,BZA-VSKP,655.39,17.2,82.34
82,RVD,Ravikampadu,BZA-VSKP,658.03,17.22,82.36
83,ANV,Annavaram,BZA-VSKP,665.23,17.28,82.4
84,HVM,Hamsavaram,BZA-VSKP,674.34,17.31,82.47
85,TUNI,Tuni,BZA-VSKP,681.99,17.35,82.55
86,GLU,Gullipadu,BZA-VSKP,693.04,17.41,82.63
87,NRP,Narsipatnam Road,BZA-VSKP,704.06,17.47,82.71
88,REG,Regupalem,BZA-VSKP,713.47,17.51,82.78
89,YLM,Elamanchili,BZA-VSKP,721.82,17.55,82.85
90,NASP,Narasingapalli,BZA-VSKP,729.03,17.59,82.9
91,BVM,Bayyavaram,BZA-VSKP,736.38,17.62,82.95
92,KSK,Kasimkota,BZA-VSKP,740.36,17.65,82.98
93,AKP,Anakapalle,BZA-VSKP,745.65,17.69,83.0
94,THY,Thadi,BZA-VSKP,752.11,17.71,83.07
95,DVD,Duvvada,BZA-VSKP,761.49,17.7088,83.1557
96,GPT,Gopalapatnam Cabin,BZA-VSKP,771.97,17.75,83.21
97,SCMN,Simhachalam North,BZA-VSKP,774.04,17.77,83.23
98,VSKP,Visakhapatnam Jn,BZA-VSKP,778.66,17.7231,83.2906
99,GNT,Guntur Jn,GNT-BZA,25.43,16.3067,80.4365
100,RAL,Repalle,TEL-RAL,34.0,16.02,80.85
101,GDV,Gudivada Jn,BZA-GDV,42.69,16.43,80.99
102,MTM,Machilipatnam,GDV-MTM,36.74,16.18,81.13
103,BVRM,Bhimavaram Jn,GDV-BVRM,65.56,16.54,81.52
104,NS,Narasapur,BVRM-NS,29.48,16.43,81.69
105,CCT,Kakinada Town,SLO-COA,12.4,16.96,82.23
106,COA,Kakinada Port,SLO-COA,15.6,16.94,82.25
107,SC,Secunderabad Jn,SC-BZA,0.0,17.4344,78.5011
