compatibility_id,task_a,department_a,task_b,department_b,same_section_required,same_location_required,can_run_parallel,potential_integrated_block,conflict_reason,safety_condition,remarks
CMP-0001,Track Tamping,Engineering,OHE Inspection,TRD,1,0,1,1,None,OHE Tower Wagon works ahead of Tamping machine under common power isolation,High efficiency joint corridor utilization
CMP-0002,Rail Grinding,Engineering,OHE Inspection,TRD,1,0,1,1,None,RGM and Tower Wagon can operate in same block section with 2km spatial buffer,Integrated mega-block opportunity
CMP-0003,Track Inspection,Engineering,Signal Inspection,S&T,1,0,1,1,None,Both inspection teams carry out visual/ultrasonic checks simultaneously,Joint inspection saved corridor possession time
CMP-0004,Sleeper Replacement,Engineering,OHE Component Replacement,TRD,1,0,1,1,None,OHE power isolation allows ground sleeper exchange without electrical hazard,Shadow block synergy
CMP-0005,Ballast Cleaning,Engineering,OHE Wire Maintenance,TRD,1,0,1,1,None,Common 25kV power isolation grant enables concurrent track and overhead works,Saves 37.5% combined corridor downtime
CMP-0006,Points & Crossing Maintenance,Engineering,Point Machine Maintenance,S&T,1,1,1,1,None,Joint P-Way and S&T turnout possession allows simultaneous motor and mechanical tuning,Mandatory joint block as per IR policy
CMP-0007,Track Circuit Maintenance,S&T,Rail Replacement,Engineering,1,1,1,1,None,S&T bonds glued joints immediately upon rail placement by P-Way,Coordinated single-window execution
CMP-0008,Telecom Equipment Maintenance,S&T,Track Inspection,Engineering,1,0,1,1,None,Cess OFC cable testing runs parallel with P-Way track patrol,Zero conflict track-side work
CMP-0009,OHE Inspection,TRD,Signal Inspection,S&T,1,0,1,1,None,Simultaneous station yard overhead and signal aspect lux inspection,Non-interfering parallel activity
CMP-0010,Ballast Cleaning,Engineering,Track Circuit Maintenance,S&T,1,1,0,1,BCM cutter chain damages track circuit bonds if energized,Permitted only after S&T disconnects track circuit jumpers before BCM enters,Requires strict sequence handshake
CMP-0011,Track Tamping,Engineering,Axle Counter Maintenance,S&T,1,1,0,1,Tamping tines can strike wheel detection coils,Axle counter sensors must be demounted before tamping passes,Conditional integrated block
CMP-0012,Rail Grinding,Engineering,Signal Maintenance,S&T,1,1,0,1,Grinding sparks can damage plastic signal cables in relay proximity,Flame-retardant mats must cover signalling cables during RGM pass,Conditional parallel work
CMP-0013,Contact Wire Replacement,TRD,Track Tamping,Engineering,1,1,0,0,Wiring train and heavy tamping machine cannot physically occupy same track segment,Physical spatial collision hazard on same track,Strictly separate windows required
CMP-0014,Rail Replacement,Engineering,Rail Replacement,Engineering,1,1,0,0,Dual rail cutting teams cannot operate on opposing rails of same track panel,Track structural discontinuity risk,Prohibited by IRPWM
CMP-0015,Points & Crossing Maintenance,Engineering,High Speed Train Operations,Traffic,1,1,0,0,Switch rails disconnected during turnout work,Derailment risk on open points,Requires absolute line block
CMP-0016,OHE Wire Maintenance,TRD,Electric Train Operations,Traffic,1,1,0,0,25kV AC overhead wire de-energized and grounded,Electrocution and loss of traction power,Requires complete power block
CMP-0017,Point Machine Maintenance,S&T,High Speed Train Operations,Traffic,1,1,0,0,Interlocking point detection suspended during motor replacement,False route indication hazard,Requires formal S&T disconnection notice
CMP-0018,Rail Replacement,Engineering,Signal Inspection,S&T,1,0,1,1,None,Adhere to standard 200m track safety distance between work parties,Compatible track-side and overhead simultaneous execution
CMP-0019,OHE Component Replacement,TRD,Axle Counter Maintenance,S&T,1,0,1,1,None,Adhere to standard 200m track safety distance between work parties,Compatible track-side and overhead simultaneous execution
CMP-0020,Track Circuit Maintenance,S&T,OHE Inspection,TRD,1,0,0,0,Spatial track obstruction or overlapping heavy machinery operational envelope,Must be scheduled in separate corridor windows or sequential time slots,Incompatible simultaneous possession
CMP-0021,Sleeper Replacement,Engineering,Rail Grinding,Engineering,1,0,0,0,Spatial track obstruction or overlapping heavy machinery operational envelope,Must be scheduled in separate corridor windows or sequential time slots,Incompatible simultaneous possession
CMP-0022,Rail Replacement,Engineering,OHE Component Replacement,TRD,1,0,0,0,Spatial track obstruction or overlapping heavy machinery operational envelope,Must be scheduled in separate corridor windows or sequential time slots,Incompatible simultaneous possession
CMP-0023,Signal Maintenance,S&T,Track Inspection,Engineering,1,0,1,1,None,Adhere to standard 200m track safety distance between work parties,Compatible track-side and overhead simultaneous execution
CMP-0024,Axle Counter Maintenance,S&T,Track Circuit Maintenance,S&T,1,0,0,0,Spatial track obstruction or overlapping heavy machinery operational envelope,Must be scheduled in separate corridor windows or sequential time slots,Incompatible simultaneous possession
CMP-0025,Track Inspection,Engineering,Axle Counter Maintenance,S&T,1,0,1,1,None,Adhere to standard 200m track safety distance between work parties,Compatible track-side and overhead simultaneous execution
CMP-0026,Track Tamping,Engineering,Contact Wire Replacement,TRD,1,0,0,0,Spatial track obstruction or overlapping heavy machinery operational envelope,Must be scheduled in separate corridor windows or sequential time slots,Incompatible simultaneous possession
CMP-0027,Signal Maintenance,S&T,Signal Inspection,S&T,1,0,0,0,Spatial track obstruction or overlapping heavy machinery operational envelope,Must be scheduled in separate corridor windows or sequential time slots,Incompatible simultaneous possession
CMP-0028,Tower Wagon Inspection,TRD,Signal Inspection,S&T,1,0,1,1,None,Adhere to standard 200m track safety distance between work parties,Compatible track-side and overhead simultaneous execution
CMP-0029,Telecom Equipment Maintenance,S&T,Points & Crossing Maintenance,Engineering,1,0,1,1,None,Adhere to standard 200m track safety distance between work parties,Compatible track-side and overhead simultaneous execution
CMP-0030,Sleeper Replacement,Engineering,Telecom Equipment Maintenance,S&T,1,0,1,1,None,Adhere to standard 200m track safety distance between work parties,Compatible track-side and overhead simultaneous execution
CMP-0031,Ballast Cleaning,Engineering,Contact Wire Replacement,TRD,1,0,1,1,None,Adhere to standard 200m track safety distance between work parties,Compatible track-side and overhead simultaneous execution
CMP-0032,Signal Maintenance,S&T,Point Machine Maintenance,S&T,1,0,0,0,Spatial track obstruction or overlapping heavy machinery operational envelope,Must be scheduled in separate corridor windows or sequential time slots,Incompatible simultaneous possession
CMP-0033,Sleeper Replacement,Engineering,Points & Crossing Maintenance,Engineering,1,0,0,0,Spatial track obstruction or overlapping heavy machinery operational envelope,Must be scheduled in separate corridor windows or sequential time slots,Incompatible simultaneous possession
CMP-0034,Points & Crossing Maintenance,Engineering,Rail Grinding,Engineering,1,0,0,0,Spatial track obstruction or overlapping heavy machinery operational envelope,Must be scheduled in separate corridor windows or sequential time slots,Incompatible simultaneous possession
CMP-0035,Track Inspection,Engineering,Signal Maintenance,S&T,1,0,1,1,None,Adhere to standard 200m track safety distance between work parties,Compatible track-side and overhead simultaneous execution
CMP-0036,Rail Grinding,Engineering,Sleeper Replacement,Engineering,1,0,0,0,Spatial track obstruction or overlapping heavy machinery operational envelope,Must be scheduled in separate corridor windows or sequential time slots,Incompatible simultaneous possession
CMP-0037,OHE Wire Maintenance,TRD,Point Machine Maintenance,S&T,1,0,0,0,Spatial track obstruction or overlapping heavy machinery operational envelope,Must be scheduled in separate corridor windows or sequential time slots,Incompatible simultaneous possession
CMP-0038,Rail Grinding,Engineering,Rail Replacement,Engineering,1,0,0,0,Spatial track obstruction or overlapping heavy machinery operational envelope,Must be scheduled in separate corridor windows or sequential time slots,Incompatible simultaneous possession
CMP-0039,Axle Counter Maintenance,S&T,OHE Wire Maintenance,TRD,1,0,1,1,None,Adhere to standard 200m track safety distance between work parties,Compatible track-side and overhead simultaneous execution
CMP-0040,Rail Replacement,Engineering,Contact Wire Replacement,TRD,1,0,0,0,Spatial track obstruction or overlapping heavy machinery operational envelope,Must be scheduled in separate corridor windows or sequential time slots,Incompatible simultaneous possession
CMP-0041,Track Inspection,Engineering,Sleeper Replacement,Engineering,1,0,0,0,Spatial track obstruction or overlapping heavy machinery operational envelope,Must be scheduled in separate corridor windows or sequential time slots,Incompatible simultaneous possession
CMP-0042,Track Tamping,Engineering,Rail Grinding,Engineering,1,0,0,0,Spatial track obstruction or overlapping heavy machinery operational envelope,Must be scheduled in separate corridor windows or sequential time slots,Incompatible simultaneous possession
CMP-0043,Rail Replacement,Engineering,Track Circuit Maintenance,S&T,1,0,1,1,None,Adhere to standard 200m track safety distance between work parties,Compatible track-side and overhead simultaneous execution
CMP-0044,Ballast Cleaning,Engineering,Signal Inspection,S&T,1,0,1,1,None,Adhere to standard 200m track safety distance between work parties,Compatible track-side and overhead simultaneous execution
CMP-0045,Points & Crossing Maintenance,Engineering,OHE Wire Maintenance,TRD,1,0,0,0,Spatial track obstruction or overlapping heavy machinery operational envelope,Must be scheduled in separate corridor windows or sequential time slots,Incompatible simultaneous possession
CMP-0046,Track Tamping,Engineering,Signal Inspection,S&T,1,0,1,1,None,Adhere to standard 200m track safety distance between work parties,Compatible track-side and overhead simultaneous execution
CMP-0047,Sleeper Replacement,Engineering,Point Machine Maintenance,S&T,1,0,1,1,None,Adhere to standard 200m track safety distance between work parties,Compatible track-side and overhead simultaneous execution
CMP-0048,Rail Replacement,Engineering,Sleeper Replacement,Engineering,1,0,0,0,Spatial track obstruction or overlapping heavy machinery operational envelope,Must be scheduled in separate corridor windows or sequential time slots,Incompatible simultaneous possession
CMP-0049,Track Circuit Maintenance,S&T,Signal Inspection,S&T,1,0,0,0,Spatial track obstruction or overlapping heavy machinery operational envelope,Must be scheduled in separate corridor windows or sequential time slots,Incompatible simultaneous possession
CMP-0050,Rail Replacement,Engineering,Point Machine Maintenance,S&T,1,0,0,0,Spatial track obstruction or overlapping heavy machinery operational envelope,Must be scheduled in separate corridor windows or sequential time slots,Incompatible simultaneous possession
CMP-0051,Axle Counter Maintenance,S&T,Telecom Equipment Maintenance,S&T,1,0,0,0,Spatial track obstruction or overlapping heavy machinery operational envelope,Must be scheduled in separate corridor windows or sequential time slots,Incompatible simultaneous possession
CMP-0052,Rail Replacement,Engineering,Points & Crossing Maintenance,Engineering,1,0,0,0,Spatial track obstruction or overlapping heavy machinery operational envelope,Must be scheduled in separate corridor windows or sequential time slots,Incompatible simultaneous possession
CMP-0053,Rail Replacement,Engineering,Axle Counter Maintenance,S&T,1,0,0,0,Spatial track obstruction or overlapping heavy machinery operational envelope,Must be scheduled in separate corridor windows or sequential time slots,Incompatible simultaneous possession
CMP-0054,OHE Inspection,TRD,Sleeper Replacement,Engineering,1,0,0,0,Spatial track obstruction or overlapping heavy machinery operational envelope,Must be scheduled in separate corridor windows or sequential time slots,Incompatible simultaneous possession
CMP-0055,Point Machine Maintenance,S&T,Contact Wire Replacement,TRD,1,0,1,1,None,Adhere to standard 200m track safety distance between work parties,Compatible track-side and overhead simultaneous execution
CMP-0056,OHE Inspection,TRD,Tower Wagon Inspection,TRD,1,0,0,0,Spatial track obstruction or overlapping heavy machinery operational envelope,Must be scheduled in separate corridor windows or sequential time slots,Incompatible simultaneous possession
CMP-0057,OHE Wire Maintenance,TRD,Signal Inspection,S&T,1,0,1,1,None,Adhere to standard 200m track safety distance between work parties,Compatible track-side and overhead simultaneous execution
CMP-0058,Rail Grinding,Engineering,Track Inspection,Engineering,1,0,0,0,Spatial track obstruction or overlapping heavy machinery operational envelope,Must be scheduled in separate corridor windows or sequential time slots,Incompatible simultaneous possession
CMP-0059,Signal Maintenance,S&T,Axle Counter Maintenance,S&T,1,0,0,0,Spatial track obstruction or overlapping heavy machinery operational envelope,Must be scheduled in separate corridor windows or sequential time slots,Incompatible simultaneous possession
CMP-0060,Points & Crossing Maintenance,Engineering,Contact Wire Replacement,TRD,1,0,0,0,Spatial track obstruction or overlapping heavy machinery operational envelope,Must be scheduled in separate corridor windows or sequential time slots,Incompatible simultaneous possession
CMP-0061,Tower Wagon Inspection,TRD,OHE Inspection,TRD,1,0,0,0,Spatial track obstruction or overlapping heavy machinery operational envelope,Must be scheduled in separate corridor windows or sequential time slots,Incompatible simultaneous possession
CMP-0062,OHE Component Replacement,TRD,Track Inspection,Engineering,1,0,1,1,None,Adhere to standard 200m track safety distance between work parties,Compatible track-side and overhead simultaneous execution
CMP-0063,Track Inspection,Engineering,Points & Crossing Maintenance,Engineering,1,0,0,0,Spatial track obstruction or overlapping heavy machinery operational envelope,Must be scheduled in separate corridor windows or sequential time slots,Incompatible simultaneous possession
CMP-0064,Signal Maintenance,S&T,Rail Replacement,Engineering,1,0,1,1,None,Adhere to standard 200m track safety distance between work parties,Compatible track-side and overhead simultaneous execution
CMP-0065,Track Inspection,Engineering,Rail Replacement,Engineering,1,0,0,0,Spatial track obstruction or overlapping heavy machinery operational envelope,Must be scheduled in separate corridor windows or sequential time slots,Incompatible simultaneous possession
CMP-0066,Rail Replacement,Engineering,Ballast Cleaning,Engineering,1,0,0,0,Spatial track obstruction or overlapping heavy machinery operational envelope,Must be scheduled in separate corridor windows or sequential time slots,Incompatible simultaneous possession
CMP-0067,Signal Maintenance,S&T,Sleeper Replacement,Engineering,1,0,1,1,None,Adhere to standard 200m track safety distance between work parties,Compatible track-side and overhead simultaneous execution
CMP-0068,Signal Maintenance,S&T,Track Tamping,Engineering,1,0,1,1,None,Adhere to standard 200m track safety distance between work parties,Compatible track-side and overhead simultaneous execution
CMP-0069,Sleeper Replacement,Engineering,Rail Replacement,Engineering,1,0,0,0,Spatial track obstruction or overlapping heavy machinery operational envelope,Must be scheduled in separate corridor windows or sequential time slots,Incompatible simultaneous possession
CMP-0070,Ballast Cleaning,Engineering,Telecom Equipment Maintenance,S&T,1,0,1,1,None,Adhere to standard 200m track safety distance between work parties,Compatible track-side and overhead simultaneous execution
CMP-0071,OHE Component Replacement,TRD,Tower Wagon Inspection,TRD,1,0,0,0,Spatial track obstruction or overlapping heavy machinery operational envelope,Must be scheduled in separate corridor windows or sequential time slots,Incompatible simultaneous possession
CMP-0072,Track Circuit Maintenance,S&T,Axle Counter Maintenance,S&T,1,0,0,0,Spatial track obstruction or overlapping heavy machinery operational envelope,Must be scheduled in separate corridor windows or sequential time slots,Incompatible simultaneous possession
CMP-0073,Rail Replacement,Engineering,Signal Maintenance,S&T,1,0,0,0,Spatial track obstruction or overlapping heavy machinery operational envelope,Must be scheduled in separate corridor windows or sequential time slots,Incompatible simultaneous possession
CMP-0074,Sleeper Replacement,Engineering,Tower Wagon Inspection,TRD,1,0,0,0,Spatial track obstruction or overlapping heavy machinery operational envelope,Must be scheduled in separate corridor windows or sequential time slots,Incompatible simultaneous possession
CMP-0075,Tower Wagon Inspection,TRD,Track Inspection,Engineering,1,0,0,0,Spatial track obstruction or overlapping heavy machinery operational envelope,Must be scheduled in separate corridor windows or sequential time slots,Incompatible simultaneous possession
CMP-0076,OHE Wire Maintenance,TRD,Signal Maintenance,S&T,1,0,0,0,Spatial track obstruction or overlapping heavy machinery operational envelope,Must be scheduled in separate corridor windows or sequential time slots,Incompatible simultaneous possession
CMP-0077,OHE Inspection,TRD,Track Tamping,Engineering,1,0,0,0,Spatial track obstruction or overlapping heavy machinery operational envelope,Must be scheduled in separate corridor windows or sequential time slots,Incompatible simultaneous possession
CMP-0078,Track Inspection,Engineering,Track Tamping,Engineering,1,0,0,0,Spatial track obstruction or overlapping heavy machinery operational envelope,Must be scheduled in separate corridor windows or sequential time slots,Incompatible simultaneous possession
CMP-0079,Point Machine Maintenance,S&T,OHE Inspection,TRD,1,0,0,0,Spatial track obstruction or overlapping heavy machinery operational envelope,Must be scheduled in separate corridor windows or sequential time slots,Incompatible simultaneous possession
CMP-0080,Contact Wire Replacement,TRD,Track Circuit Maintenance,S&T,1,0,0,0,Spatial track obstruction or overlapping heavy machinery operational envelope,Must be scheduled in separate corridor windows or sequential time slots,Incompatible simultaneous possession
CMP-0081,Ballast Cleaning,Engineering,Track Inspection,Engineering,1,0,0,0,Spatial track obstruction or overlapping heavy machinery operational envelope,Must be scheduled in separate corridor windows or sequential time slots,Incompatible simultaneous possession
CMP-0082,OHE Wire Maintenance,TRD,Points & Crossing Maintenance,Engineering,1,0,0,0,Spatial track obstruction or overlapping heavy machinery operational envelope,Must be scheduled in separate corridor windows or sequential time slots,Incompatible simultaneous possession
CMP-0083,Points & Crossing Maintenance,Engineering,OHE Inspection,TRD,1,0,0,0,Spatial track obstruction or overlapping heavy machinery operational envelope,Must be scheduled in separate corridor windows or sequential time slots,Incompatible simultaneous possession
CMP-0084,Signal Inspection,S&T,Track Circuit Maintenance,S&T,1,0,0,0,Spatial track obstruction or overlapping heavy machinery operational envelope,Must be scheduled in separate corridor windows or sequential time slots,Incompatible simultaneous possession
CMP-0085,Tower Wagon Inspection,TRD,Track Circuit Maintenance,S&T,1,0,1,1,None,Adhere to standard 200m track safety distance between work parties,Compatible track-side and overhead simultaneous execution
CMP-0086,Track Tamping,Engineering,Tower Wagon Inspection,TRD,1,0,0,0,Spatial track obstruction or overlapping heavy machinery operational envelope,Must be scheduled in separate corridor windows or sequential time slots,Incompatible simultaneous possession
CMP-0087,Contact Wire Replacement,TRD,OHE Component Replacement,TRD,1,0,0,0,Spatial track obstruction or overlapping heavy machinery operational envelope,Must be scheduled in separate corridor windows or sequential time slots,Incompatible simultaneous possession
CMP-0088,Rail Replacement,Engineering,OHE Inspection,TRD,1,0,1,1,None,Adhere to standard 200m track safety distance between work parties,Compatible track-side and overhead simultaneous execution
CMP-0089,Contact Wire Replacement,TRD,Tower Wagon Inspection,TRD,1,0,0,0,Spatial track obstruction or overlapping heavy machinery operational envelope,Must be scheduled in separate corridor windows or sequential time slots,Incompatible simultaneous possession
CMP-0090,Track Inspection,Engineering,Ballast Cleaning,Engineering,1,0,0,0,Spatial track obstruction or overlapping heavy machinery operational envelope,Must be scheduled in separate corridor windows or sequential time slots,Incompatible simultaneous possession
CMP-0091,Track Tamping,Engineering,Point Machine Maintenance,S&T,1,0,0,0,Spatial track obstruction or overlapping heavy machinery operational envelope,Must be scheduled in separate corridor windows or sequential time slots,Incompatible simultaneous possession
CMP-0092,OHE Component Replacement,TRD,OHE Inspection,TRD,1,0,0,0,Spatial track obstruction or overlapping heavy machinery operational envelope,Must be scheduled in separate corridor windows or sequential time slots,Incompatible simultaneous possession
CMP-0093,Rail Replacement,Engineering,OHE Wire Maintenance,TRD,1,0,0,0,Spatial track obstruction or overlapping heavy machinery operational envelope,Must be scheduled in separate corridor windows or sequential time slots,Incompatible simultaneous possession
CMP-0094,Signal Maintenance,S&T,Contact Wire Replacement,TRD,1,0,1,1,None,Adhere to standard 200m track safety distance between work parties,Compatible track-side and overhead simultaneous execution
CMP-0095,Track Inspection,Engineering,OHE Wire Maintenance,TRD,1,0,0,0,Spatial track obstruction or overlapping heavy machinery operational envelope,Must be scheduled in separate corridor windows or sequential time slots,Incompatible simultaneous possession
CMP-0096,OHE Inspection,TRD,Ballast Cleaning,Engineering,1,0,0,0,Spatial track obstruction or overlapping heavy machinery operational envelope,Must be scheduled in separate corridor windows or sequential time slots,Incompatible simultaneous possession
CMP-0097,Track Circuit Maintenance,S&T,Signal Maintenance,S&T,1,0,0,0,Spatial track obstruction or overlapping heavy machinery operational envelope,Must be scheduled in separate corridor windows or sequential time slots,Incompatible simultaneous possession
CMP-0098,Telecom Equipment Maintenance,S&T,OHE Wire Maintenance,TRD,1,0,1,1,None,Adhere to standard 200m track safety distance between work parties,Compatible track-side and overhead simultaneous execution
CMP-0099,Sleeper Replacement,Engineering,Signal Maintenance,S&T,1,0,1,1,None,Adhere to standard 200m track safety distance between work parties,Compatible track-side and overhead simultaneous execution
CMP-0100,Track Inspection,Engineering,OHE Component Replacement,TRD,1,0,0,0,Spatial track obstruction or overlapping heavy machinery operational envelope,Must be scheduled in separate corridor windows or sequential time slots,Incompatible simultaneous possession
CMP-0101,Points & Crossing Maintenance,Engineering,Signal Inspection,S&T,1,0,1,1,None,Adhere to standard 200m track safety distance between work parties,Compatible track-side and overhead simultaneous execution
CMP-0102,Track Tamping,Engineering,OHE Component Replacement,TRD,1,0,0,0,Spatial track obstruction or overlapping heavy machinery operational envelope,Must be scheduled in separate corridor windows or sequential time slots,Incompatible simultaneous possession
CMP-0103,OHE Inspection,TRD,Axle Counter Maintenance,S&T,1,0,0,0,Spatial track obstruction or overlapping heavy machinery operational envelope,Must be scheduled in separate corridor windows or sequential time slots,Incompatible simultaneous possession
CMP-0104,Track Circuit Maintenance,S&T,Tower Wagon Inspection,TRD,1,0,0,0,Spatial track obstruction or overlapping heavy machinery operational envelope,Must be scheduled in separate corridor windows or sequential time slots,Incompatible simultaneous possession
CMP-0105,Axle Counter Maintenance,S&T,Ballast Cleaning,Engineering,1,0,0,0,Spatial track obstruction or overlapping heavy machinery operational envelope,Must be scheduled in separate corridor windows or sequential time slots,Incompatible simultaneous possession
CMP-0106,Sleeper Replacement,Engineering,Axle Counter Maintenance,S&T,1,0,1,1,None,Adhere to standard 200m track safety distance between work parties,Compatible track-side and overhead simultaneous execution
CMP-0107,Track Tamping,Engineering,Points & Crossing Maintenance,Engineering,1,0,0,0,Spatial track obstruction or overlapping heavy machinery operational envelope,Must be scheduled in separate corridor windows or sequential time slots,Incompatible simultaneous possession
CMP-0108,Telecom Equipment Maintenance,S&T,Point Machine Maintenance,S&T,1,0,0,0,Spatial track obstruction or overlapping heavy machinery operational envelope,Must be scheduled in separate corridor windows or sequential time slots,Incompatible simultaneous possession
CMP-0109,Tower Wagon Inspection,TRD,Signal Maintenance,S&T,1,0,1,1,None,Adhere to standard 200m track safety distance between work parties,Compatible track-side and overhead simultaneous execution
CMP-0110,OHE Wire Maintenance,TRD,Rail Replacement,Engineering,1,0,0,0,Spatial track obstruction or overlapping heavy machinery operational envelope,Must be scheduled in separate corridor windows or sequential time slots,Incompatible simultaneous possession
CMP-0111,Points & Crossing Maintenance,Engineering,Tower Wagon Inspection,TRD,1,0,0,0,Spatial track obstruction or overlapping heavy machinery operational envelope,Must be scheduled in separate corridor windows or sequential time slots,Incompatible simultaneous possession
CMP-0112,Points & Crossing Maintenance,Engineering,Rail Replacement,Engineering,1,0,0,0,Spatial track obstruction or overlapping heavy machinery operational envelope,Must be scheduled in separate corridor windows or sequential time slots,Incompatible simultaneous possession
CMP-0113,Rail Grinding,Engineering,Axle Counter Maintenance,S&T,1,0,1,1,None,Adhere to standard 200m track safety distance between work parties,Compatible track-side and overhead simultaneous execution
CMP-0114,Point Machine Maintenance,S&T,OHE Component Replacement,TRD,1,0,1,1,None,Adhere to standard 200m track safety distance between work parties,Compatible track-side and overhead simultaneous execution
CMP-0115,Track Circuit Maintenance,S&T,Track Inspection,Engineering,1,0,1,1,None,Adhere to standard 200m track safety distance between work parties,Compatible track-side and overhead simultaneous execution
CMP-0116,Signal Inspection,S&T,Track Inspection,Engineering,1,0,1,1,None,Adhere to standard 200m track safety distance between work parties,Compatible track-side and overhead simultaneous execution
CMP-0117,OHE Component Replacement,TRD,Signal Inspection,S&T,1,0,1,1,None,Adhere to standard 200m track safety distance between work parties,Compatible track-side and overhead simultaneous execution
CMP-0118,Telecom Equipment Maintenance,S&T,Tower Wagon Inspection,TRD,1,0,1,1,None,Adhere to standard 200m track safety distance between work parties,Compatible track-side and overhead simultaneous execution
CMP-0119,Points & Crossing Maintenance,Engineering,Axle Counter Maintenance,S&T,1,0,1,1,None,Adhere to standard 200m track safety distance between work parties,Compatible track-side and overhead simultaneous execution
CMP-0120,Rail Grinding,Engineering,Point Machine Maintenance,S&T,1,0,0,0,Spatial track obstruction or overlapping heavy machinery operational envelope,Must be scheduled in separate corridor windows or sequential time slots,Incompatible simultaneous possession
CMP-0121,Track Inspection,Engineering,Point Machine Maintenance,S&T,1,0,0,0,Spatial track obstruction or overlapping heavy machinery operational envelope,Must be scheduled in separate corridor windows or sequential time slots,Incompatible simultaneous possession
CMP-0122,OHE Component Replacement,TRD,Point Machine Maintenance,S&T,1,0,0,0,Spatial track obstruction or overlapping heavy machinery operational envelope,Must be scheduled in separate corridor windows or sequential time slots,Incompatible simultaneous possession
CMP-0123,Track Tamping,Engineering,Telecom Equipment Maintenance,S&T,1,0,1,1,None,Adhere to standard 200m track safety distance between work parties,Compatible track-side and overhead simultaneous execution
CMP-0124,Point Machine Maintenance,S&T,Rail Grinding,Engineering,1,0,1,1,None,Adhere to standard 200m track safety distance between work parties,Compatible track-side and overhead simultaneous execution
CMP-0125,Axle Counter Maintenance,S&T,Tower Wagon Inspection,TRD,1,0,1,1,None,Adhere to standard 200m track safety distance between work parties,Compatible track-side and overhead simultaneous execution
