task_defect_id,department,task_type,defect_type,defect_description,typical_severity,safety_criticality,typical_duration_minutes,minimum_duration_minutes,maximum_duration_minutes,required_resource_type,required_equipment,block_requirement,power_isolation_required,traffic_block_required,splittable,typical_dependencies,compatible_department_types,incompatible_work_types,emergency_handling,domain_notes
TDM-001,Engineering,Track Inspection,Ultrasonic Rail Flaw Detection (USFD) Anomaly,Micro-crack detected in rail head / web via USFD trolley,High,High,120,60,180,USFD Testing Team,USFD Trolley & Digital Flaw Detector,Traffic Block (Caution Order),0,1,0,None,TRD,Rail Grinding Machine,Immediate 30 km/h Caution Order required upon detection,Mandatory as per Indian Railways Permanent Way Manual (IRPWM)
TDM-002,Engineering,Track Inspection,Track Geometry Gauge Variation,Track gauge widening exceeding ±4mm on curve section,Medium,Medium,90,45,150,P-Way Inspection Crew,Gauge-cum-Level & Track Measuring Gauge,No Block (Speed Restriction / Caution),0,0,1,None,"S&T, TRD",None,Issue 50 km/h temporary caution order until rectifying,Measured using standard track gauge trolley
TDM-003,Engineering,Track Inspection,Fishplate Crack / Loose Bolt,Fishplate joint hairline fracture and missing torque bolts,Critical,Critical,60,30,90,Keyman & Track Patrol Crew,Fishbolt Spanner & Torque Wrench,Emergency Traffic Block,0,1,0,Traffic Block Grant,S&T,Heavy Tamping,"Red flag track disconnection, stop movement on section",Immediate joint clamping or replacement
TDM-004,Engineering,Track Inspection,Ballast Deficiency / Shoulder Loss,Ballast shoulder width less than 350mm along high speed curve,Low,Low,180,90,240,P-Way Maintenance Team,Ballast Hopper & Measuring Scale,Shadow Block / Planned Window,0,0,1,None,"TRD, S&T",None,Regular replenishment schedule,Required to prevent track buckling during thermal peaks
TDM-005,Engineering,Track Inspection,Formation / Embankment Settlement,Cess subsidence and minor formation settling post monsoon,High,Medium,240,120,360,Civil Engineering Geotech Gang,"Compactor, Soil Testing Kit, Cess Lifter",Traffic Block,0,1,1,Geotech Soil Audit,TRD,Heavy Track Relaying,Monitor settlement rate with laser levellers,IRPWM Chapter 3 Embankment Standards
TDM-006,Engineering,Track Inspection,Switch Expansion Joint (SEJ) Gap Abnormality,SEJ thermal breathing gap deviation beyond ±10mm design limits,High,High,90,45,120,P-Way Section Gang,"SEJ Gap Measurement Wedge, Torque Wrench",Traffic Block,0,1,0,None,"TRD, S&T",None,Impose 30 km/h caution order during extreme hot hours,Mandatory summer thermal patrol inspection
TDM-007,Engineering,Track Inspection,Level Crossing Check Rail Flangeway Clogging,Debris and hard mud packed into flangeway clearance < 51mm,Critical,Critical,60,30,90,LC Gate Maintenance Crew,"Flangeway Cleaner, Measuring Caliper",Traffic Block (Caution Window),0,1,0,None,S&T,None,"Station Master intimation, road traffic regulation",Prevents wheel flange climbing and derailment
TDM-008,Engineering,Track Inspection,Bridge Guard Rail Misalignment,Guard rail distance on girder bridge altered due to loose spikes,High,High,120,60,180,Bridge Inspection Gang,"Spike Puller, Torque Wrenches, Measuring Rod",Traffic Block,0,1,0,None,TRD,None,Caution order 45 km/h across bridge,Indian Railways Bridge Manual standards
TDM-009,Engineering,Rail Replacement,Fractured Rail Segment,Complete transverse rail fracture under loaded freight axle,Critical,Critical,180,120,240,Rail Welding & P-Way Team,"Rail Cutting Machine, Chamfering Kit, AT Welding Kit",Traffic Block (Line Block),0,1,0,Line Block Grant -> Track Disconnection,TRD,None,"Emergency stop of all traffic, emergency joggled fishplate clamping",Replacement of rail piece minimum 6m length
TDM-010,Engineering,Rail Replacement,Excessive Rail Wear Beyond Limit,Vertical head wear exceeding 8mm on 60kg 90UTS rail,High,High,240,180,360,Track Renewal Gang,"Hydraulic Rail Tensor, Flash Butt Welder",Integrated Traffic-cum-Power Block,1,1,0,OHE Power Isolation -> Line Block,"TRD, S&T",High Speed Train Movement,Impose 45 km/h TSR until renewal completed,IRPWM limits for 60kg rail renewal
TDM-011,Engineering,Rail Replacement,Rail Burn / Scabbing Defect,Severe wheel slip burn causing surface indentation > 3mm,Medium,Medium,150,90,210,P-Way Welding Gang,"Rail Grinder, Gas Cutting Kit, AT Welding",Traffic Block,0,1,0,Traffic Clearance,TRD,None,Grind or replace rail segment,Classified as IRPWM Surface Defect
TDM-012,Engineering,Rail Replacement,Corroded Rail Flange,Severe foot corrosion in coastal saline environment (> 1.5mm loss),High,High,210,150,300,Track Maintenance Gang,"Rail Puller, Hydraulic Jacks, Torque Wrenches",Traffic Block,0,1,0,Traffic Block Grant,TRD,Ballast Cleaning,Speed restriction 50 km/h until renewed,Common in BZA and KUR coastal divisions
TDM-013,Engineering,Rail Replacement,Defective Alumino-Thermic (AT) Weld Joint,Severe blowhole / lack of fusion in thermit weld detected by USFD,Critical,Critical,150,90,210,AT Welding Gang,"AT Welding Equipment, Pre-heating Torch, Rail Saw",Traffic Block,0,1,0,Track Disconnection Notice,TRD,None,Clamp with joggled fishplate immediately,Execute weld renewal as per Manual for Fusion Welding of Rails
TDM-014,Engineering,Rail Replacement,Curve Gauge Corner Shelling / Spalling,Deep metal flaking on high rail of 4-degree curve,High,High,240,180,300,Rail Renewal Special Team,"Rail Tensor, Disc Cutter, Hydraulic Jacks",Traffic Block,0,1,0,Line Block Grant,"TRD, S&T",Train Operations,Replace outer high rail string,Prevents sudden rail fracture under centrifugal force
TDM-015,Engineering,Sleeper Replacement,Broken PSC Sleeper,Multiple cracked prestressed concrete sleepers under rail seat,High,High,180,120,240,P-Way Heavy Gang,"Sleeper Exchanger, Hydraulic Jacks, Track Jacks",Traffic Block,0,1,1,Traffic Block Grant,"TRD, S&T",High Speed Running,Temporary wooden packing until machine replacement,IRPWM Section 403 Concrete Sleeper criteria
TDM-016,Engineering,Sleeper Replacement,Damaged Elastic Rail Clips (ERC),Missing/broken ERC clips and seized rubber pads on curved track,Medium,Medium,90,45,120,P-Way Section Gang,"ERC Extractor, Torque Spanners",Caution Order Window,0,0,1,None,"S&T, TRD",Heavy Track Lifting,Caution order 75 km/h,Replace rubber pads and liners simultaneously
TDM-017,Engineering,Sleeper Replacement,Turnout Concrete Sleeper Fracture,Broken heavy duty turnout sleeper near crossing nose,Critical,Critical,240,180,300,Special Turnout Gang,"Heavy Sleeper Lifter, Tamping Unit",Integrated Block (Traffic + S&T + OHE),1,1,0,Point Machine Disconnection -> OHE Isolation -> Line Block,"S&T, TRD",Point Movement,"Freeze turnout in normal position if safe, or suspend point movement",Requires joint P-Way & S&T disconnection
TDM-018,Engineering,Sleeper Replacement,Bridge Timber Sleeper Decay,Severe rot in wooden sleeper on steel girder bridge span,Critical,Critical,180,120,240,Bridge P-Way Gang,"Timber Boring Rig, Bridge Jacks, Hook Bolts",Traffic Block,0,1,0,Line Block,TRD,None,Immediate 20 km/h caution order on bridge,Replaced with composite/channel sleepers
TDM-019,Engineering,Sleeper Replacement,Perished Grooved Rubber Sole Plates (GRSP),Worn out rubber pads causing excessive impact vibration on rail seat,Low,Low,120,60,180,P-Way Gang,"Track Jacks, ERC Extractors",Shadow Block,0,0,1,None,"S&T, TRD",None,Replace sole plates during maintenance interval,Improves track elasticity
TDM-020,Engineering,Rail Grinding,Rail Surface Corrugation,Periodic wave corrugations causing heavy cabin vibration,Medium,Low,240,180,360,RGM Machine Crew,Rail Grinding Machine (RGM Rake 72-Stone),Traffic Block,0,1,1,Track Clearance,TRD,Track Tamping in same zone,Schedule with RGM roster,Target profile: IR-60kg anti-head check profile
TDM-021,Engineering,Rail Grinding,Rolling Contact Fatigue / Head Checking,Fine surface micro-cracks on gauge corner,High,High,300,240,420,RGM Special Machine Crew,RGM 96-Stone Heavy Machine,Integrated Traffic-cum-Power Block,1,1,0,OHE Slew Check -> Traffic Block,TRD,Ballast Regulating,Grind 0.3mm to 0.5mm metal removal,Prevents deep transverse rail fractures
TDM-022,Engineering,Rail Grinding,Rail Lip / Fin Formation,Plastic flow metal lip overhang at rail head edge,Medium,Medium,180,120,240,RGM Machine Crew,RGM 72-Stone Machine,Traffic Block,0,1,1,None,TRD,None,Eliminate lip to prevent wheel flange striking,Ensures correct wheel-rail contact band
TDM-023,Engineering,Rail Grinding,Turnout Switch & Stock Rail Profile Restoration,Metal flow along switch rail gauge corner in yard turnout,High,Medium,150,90,210,Turnout Grinder Team,Switch Rail Grinder Machine,Integrated S&T + Traffic Block,0,1,0,Point Disconnection,S&T,Point Throwing,Restore switch rail chamfer angle,Joint inspection with S&T
TDM-024,Engineering,Ballast Cleaning,Clogged / Foul Ballast Bed,Ballast screening deficiency > 30% fines causing poor drainage,High,Medium,360,240,480,BCM Machine Crew,Ballast Cleaning Machine (BCM Rake),Integrated Traffic-cum-Power Block,1,1,0,OHE Power Isolation -> S&T Track Circuit Isolation,"TRD, S&T",Train Operations,Provide temporary 30 km/h caution order during multi-day work,Follow with DGS dynamic stabilizer and tamping
TDM-025,Engineering,Ballast Cleaning,Shoulder Ballast Contamination,Mud pumping through ballast shoulders at bridge approaches,Medium,Medium,240,180,300,Shoulder Ballast Cleaning Crew,Shoulder Ballast Cleaner (FRM/SBCM),Traffic Block,0,1,1,Line Block,TRD,Deep Excavation,Clean shoulder ballast to allow sub-surface drainage,Ensures track elasticity during monsoon
TDM-026,Engineering,Ballast Cleaning,Station Yard Track Drain Choking,Ballast silt accumulation causing standing water in platform line,High,Medium,180,120,240,Yard Maintenance Gang,"Excavator, Mud Pump, Ballast Rake",Traffic Block,0,1,1,Traffic Block Grant,S&T,None,Pump out water and clean ballast bed,Eliminates track circuit failure due to standing water
TDM-027,Engineering,Ballast Cleaning,Cess / Drainage Deepening,Cess level elevated above bottom of ballast bed,Low,Low,240,150,300,Cess Maintenance Gang,"Mini Backhoe Loader, Cess Regulators",No Block (Cess Work),0,0,1,None,TRD,Heavy Track Machine,Cut cess slope to 1:30 away from track,Maintains formation health
TDM-028,Engineering,Track Tamping,Track Alignment & Level Deviation,Cross level difference > 6mm and twist deviation,High,Medium,240,180,300,Tamping Machine Crew,CSM 09-32 / Duomatic Heavy Tamper,Traffic Block,0,1,1,Traffic Block Grant,"TRD, S&T",None,Temporary 50 km/h caution until post-tamping stabilization,Includes automatic 3-point lining and levelling
TDM-029,Engineering,Track Tamping,Turnout Packing & Lining Fault,Loose packing under crossing nose causing lead rail settlement,High,High,210,150,270,Unimat Turnout Tamper Crew,Unimat 08-475 4S Tamper,Integrated Traffic + S&T Block,0,1,0,S&T Point Disconnection -> Line Block,S&T,Point Motor Operation,Joint inspection by SSE/P-Way and SSE/Signal mandatory,Precision turnout packing
TDM-030,Engineering,Track Tamping,Post-Renewal Track Stabilization,Unconsolidated ballast post rail/sleeper renewal,Medium,Low,180,120,240,Dynamic Track Stabilizer Crew,Dynamic Track Stabilizer (DGS),Traffic Block,0,1,1,Line Block,TRD,Heavy Manual Track Lifting,Reduces caution order duration from 7 days to 24 hours,"Simulates 100,000 GMT of traffic consolidation"
TDM-031,Engineering,Track Tamping,Bridge Transition Approach Settlement,Differential settlement at bridge ballast-to-slab transition,High,High,180,120,240,Tamping Gang,CSM Tamper with Level Slew Sensors,Traffic Block,0,1,0,Line Block,TRD,None,Ramp adjustment 1 in 1000 approaching bridge,Prevents heavy dynamic vertical impact
TDM-032,Engineering,Points & Crossing Maintenance,Worn Switch Rail / Tongue Rail Chipped,Tongue rail wear at junction point exceeding 3mm gap,Critical,Critical,180,120,240,Turnout Specialist Gang,"Hydraulic Switch Rail Bender, Portable Arc Welder",Integrated S&T + Traffic Block,0,1,0,S&T Point Machine Disconnection -> Line Block,S&T,Switching Operation,Clamp and lock point in straight position immediately,IRPWM Clause 237 Point maintenance rules
TDM-033,Engineering,Points & Crossing Maintenance,Worn CMS Crossing Nose,Built-up manganese crossing nose worn > 6mm,High,High,210,150,300,Hardfacing Welding Crew,Translamatic Robotic Welder / Special Electrodes,Traffic Block,0,1,0,Traffic Block Grant,S&T,High Speed Diversion,Recondition via in-situ welding or replace CMS crossing,Extends crossing life significantly
TDM-034,Engineering,Points & Crossing Maintenance,Check Rail Clearance Error,Check rail clearance less than 41mm or greater than 45mm,High,High,120,60,180,P-Way Gang,"Check Rail Shims, Torque Spanners",Traffic Block,0,1,0,Line Block,S&T,None,Impose 15 km/h restriction on turnout loop,Critical to avoid flange climbing
TDM-035,Engineering,Points & Crossing Maintenance,Loose Stretcher Bar Bolts,Stretcher bar connecting bolts worn / missing split pins,Critical,Critical,60,30,90,Joint Turnout Squad,"Torque Wrench, Split Pins, Stretcher Shims",Traffic Block (Caution Order),0,1,0,S&T Disconnection Notice,S&T,Point Motor Operation,"Immediate point locking, suspend power operation",Joint certification with Signal supervisor
TDM-036,Engineering,Points & Crossing Maintenance,Switch Toe Gap Out of Tolerance,Toe of switch not housing snugly against stock rail (> 2mm gap),High,High,90,45,120,Turnout Specialist Gang,"Point Adjuster, Shims, Torque Spanners",Integrated S&T + Traffic Block,0,1,0,S&T Disconnection,S&T,Point Throwing,Adjust switch bracket and test with 5mm gauge,Mandatory joint safety sign-off
TDM-037,S&T,Signal Inspection,LED Signal Aspect Intensity Drop,Signal aspect lux level dropped below 50 Lux at 100m,Medium,Medium,60,30,90,Signal Maintainer Squad,"Lux Meter, Current/Voltage Multimeter",No Block (Shadow Maintenance),0,0,1,None,"Engineering, TRD",None,Replace LED signal unit during train interval,Scheduled preventive check under SMMS
TDM-038,S&T,Signal Inspection,Signal Cable Insulation Degradation,Insulation resistance of multi-core signalling cable < 1 MOhm/km,High,High,120,60,180,S&T Telecom / Cable Testing Gang,Megger 500V/1000V Insulation Tester,Shadow Block / Disconnection Notice,0,0,1,Signal Disconnection Notice,Engineering,Cable Trench Excavation,Isolate spare conductor cores and schedule cable replacement,Prevents signal blanking or false green aspect
TDM-039,S&T,Signal Inspection,Aspect Current Sensor Anomaly,Current monitoring module reporting intermittent fluctuating telemetry,Low,Low,45,30,60,S&T Electronic Maintainer,Digital Multimeter & Telemetry Probe,No Block,0,0,1,None,"Engineering, TRD",None,Recalibrate or swap sensor card,SMMS automated telemetry cross-check
TDM-040,S&T,Signal Inspection,Signal Sighting Distance Obstruction,Tree branches / structure infringing driver minimum 200m sighting,High,High,90,45,120,Signal Maintainer Gang,"Tree Trimmer, Measuring Rangefinder",No Block (Track-side),0,0,1,None,Engineering,None,Trim vegetation and record driver sighting verification,Mandatory under Indian Railways General Rules
TDM-041,S&T,Signal Inspection,Route Indicator Lamp Burnout,Junction route indicator matrix LED cluster failed,High,High,60,30,90,Signal Maintainer Squad,"Spare LED Route Unit, Multimeter",Signalling Disconnection,0,0,1,Disconnection Notice,Engineering,None,Inform Station Master; trains must be signaled on main route only,Ensures unambiguous diversion guidance
TDM-042,S&T,Signal Maintenance,Signal Blank / Lamp Failure,Home / Starter Signal completely unlit (Blank Signal),Critical,Critical,90,45,120,Emergency Signal Gang,"LED Signal Unit, Current Transformer, Step-down Transformer",Signalling Disconnection & S&T Block,0,1,0,Signalling Disconnection Notice -> Line Block,Engineering,None,Treat as Danger aspect immediately; issue Paper Line Clear Ticket (PLCT),Indian Railways General Rules (GR 3.38 & 3.49)
TDM-043,S&T,Signal Maintenance,Signal Post Corrosion & Alignment Tilt,Signal post tilted > 2 degrees due to cess erosion,Medium,Low,150,90,210,Signal Construction Gang,"Plumb Line, Torque Wrench, Concrete Base Grout",Signalling Disconnection,0,0,1,Disconnection Notice,Engineering,High Speed Running,Realign post and tighten foundation bolts,Ensures optimal driver sighting distance (min 200m)
TDM-044,S&T,Signal Maintenance,Integrated Power Supply (IPS) Module Failure,DC-DC converter inverter card failed in IPS room,Critical,Critical,120,60,180,Power Electronics Specialist,"Spare IPS Converter Module, Digital Oscilloscope",No Block (Station Relay Room Work),0,0,0,Station Master Intimation,TRD,None,Auto-switch to standby inverter bank; replace faulty module,Station relay room dual-redundant power backup
TDM-045,S&T,Signal Maintenance,Electronic Interlocking (EI) VDU Communication Fault,Visual Display Unit operator console link loss with Central EI rack,Critical,Critical,90,45,120,EI Specialist Engineer,"Optic Converter, Network Analyzer, Standby VDU",No Block (Station Relay Room),0,0,0,Station Master Intimation,Engineering,Route Setting,Switch control to standby VDU channel immediately,Dual-redundant Warm Standby architecture
TDM-046,S&T,Signal Maintenance,Signalling Relay Contact Oxidation (Q-Series),Plug-in QN1 neutral relay contact resistance > 0.1 Ohm,High,High,75,45,105,Relay Testing Team,"Micro-ohmmeter, Spare QN1 Relay, Anti-static Mat",Signalling Disconnection,0,0,1,Disconnection Notice,Engineering,None,Plug in pre-calibrated sealed relay,Fail-safe relay interlocking standard
TDM-047,S&T,Point Machine Maintenance,Point Machine Out of Adjustment / Flashover,Obstruction test fails > 5mm with motor overload trip,Critical,Critical,90,45,120,Point Specialist Crew,"Point Gauge (5mm test piece), Motor Amp Meter",Signalling Disconnection & S&T Block,0,1,0,Signalling Disconnection Notice -> Line Block,Engineering,Point Throwing by Controller,Hand crank and clamp point immediately for through line,Indian Railways Signal Engineering Manual (IRSEM) Para 19.3
TDM-048,S&T,Point Machine Maintenance,Point Detection Contact Carbonization,Intermittent point detection contact bounce in Electronic Interlocking,High,High,75,45,105,Signal Maintainer Squad,"Contact Burnisher, Contact Lubricant, Megger",Signalling Disconnection,0,0,1,Signalling Disconnection Notice,Engineering,Point Motor Operation,Clean contacts and test 10 consecutive reverse/normal operations,Ensures solid point detection in relay room
TDM-049,S&T,Point Machine Maintenance,Point Machine Motor Replacement,Point machine 110V DC motor winding degradation,High,High,120,90,180,Signal Replacement Crew,"Spare 110V DC Point Motor, Torque Spanners",Integrated S&T + P-Way Block,0,1,0,Signalling Disconnection -> Joint P-Way Clearance,Engineering,Point Throwing,Joint testing with SSE/P-Way before recommissioning,Mandatory joint certification before reconnecting
TDM-050,S&T,Point Machine Maintenance,Lock Slide Notch Wear & Burr,Lock bar slide notch rounded off causing positive locking failure,Critical,Critical,90,60,120,Point Specialist Crew,"Lock Slide Replacement Kit, Feeler Gauge",Signalling Disconnection & S&T Block,0,1,0,Disconnection Notice,Engineering,Switching Movement,Replace lock slide bar and verify 1.5mm locking margin,Critical point locking fail-safe mechanism
TDM-051,S&T,Point Machine Maintenance,Crank Handle Interlock Microswitch Jam,Emergency crank handle electrical contact seized in key box,High,High,45,30,60,Signal Maintainer Squad,"Microswitch Assembly, Keybox Contact Cleaner",Signalling Disconnection,0,0,1,Disconnection Notice,Engineering,None,Service contact and perform electrical key interlock proving,Enables emergency manual point operation
TDM-052,S&T,Track Circuit Maintenance,Track Circuit Dropping / False Occupancy,DC track circuit showing red occupancy with track clear,Critical,Critical,60,30,90,Track Circuit Maintenance Gang,"Bond Tester, Shunt Resistance Test Piece (0.5 Ohm), Multi-meter",Signalling Disconnection & S&T Block,0,1,0,Signalling Disconnection Notice,Engineering,None,Manual verification of track clearance; issue PLCT,Check insulated rail joint (Glued Joint) and bond wires
TDM-053,S&T,Track Circuit Maintenance,Glued Insulated Rail Joint (GJ) Failure,Insulation end post crushed causing electrical shorting between rails,Critical,Critical,150,90,210,Joint S&T + P-Way Gang,"Insulation End Post, Nylon Bushings, Torque Wrench",Integrated S&T + Traffic Block,0,1,0,Signalling Disconnection -> Line Block,Engineering,Heavy Track Machine Operation,Clamp emergency joint and reconnect bypass track circuit,Requires joint P-Way & Signal attendance
TDM-054,S&T,Track Circuit Maintenance,Bond Wire Broken / Disconnected,Chafed track jumper cable at rail head connection,Medium,Medium,45,30,60,Signal Maintainer Squad,"Rail Bond Drill, Pin Expander, Copper Bond Wire",Shadow Block / Caution Window,0,0,1,None,Engineering,Track Tamping,Reconnect bond pin into rail web hole,Preventive check during track walk
TDM-055,S&T,Track Circuit Maintenance,Ballast Resistance Leakage (Low Ballast Resistance),Heavy rain causing track circuit ballast resistance < 2 Ohm/km,High,High,90,45,120,Track Circuit Maintenance Gang,"Variable Feed Resistance Box, Shunt Tester",Signalling Disconnection,0,0,1,Disconnection Notice,Engineering,None,Adjust feed resistance tap and clear ballast web contact,Ensures track relay pick-up voltage margin
TDM-056,S&T,Track Circuit Maintenance,Track Relay Choke Coil Breakdown,Impedance bond choke coil open circuit in 25kV electrified territory,Critical,Critical,75,45,105,S&T Line Gang,"Spare Choke Coil, AC Immunized Relay",Signalling Disconnection & S&T Block,0,1,0,Disconnection Notice,TRD,None,Replace choke to filter 50Hz traction return current,Prevents false track circuit drop from traction return
TDM-057,S&T,Axle Counter Maintenance,Digital Axle Counter (SSDAC/HASDAC) Count Error,Directional sensor phase difference distortion causing section lockout,Critical,Critical,75,45,120,Axle Counter Specialist Crew,"High Frequency Sensor Tester, Oscillation Meter",Signalling Disconnection & S&T Block,0,1,0,Signalling Disconnection Notice,Engineering,Heavy Ballast Cleaning,Cooperative reset with Station Master after verifying track clearance,Indian Railways DAC Reset Procedure Standard Operating Procedure
TDM-058,S&T,Axle Counter Maintenance,Track Device (Sensor) Misalignment,Tx/Rx coil clamping bolt loose on rail web,High,High,60,30,90,Signal Maintainer Squad,"Torque Wrench (45 Nm), Non-magnetic Gap Gauge",Signalling Disconnection,0,0,1,Disconnection Notice,Engineering,Tamping Machine passing sensor,Re-align sensor coil to 13mm from rail flange,Must avoid mechanical impact from tamping tines
TDM-059,S&T,Axle Counter Maintenance,Axle Counter Evaluator Card Failure,Microprocessor comparator channel discordance in evaluator rack,Critical,Critical,90,45,120,Axle Counter Specialist Crew,"Spare Evaluator Card, Diagnostic Laptop",No Block (Station Relay Room),0,0,0,Station Master Intimation,Engineering,None,Replace evaluator motherboard and perform section dummy count proving,2-out-of-2 hardware redundancy fail-safe
TDM-060,S&T,Axle Counter Maintenance,High Voltage Surge Suppressor Burnout,Lightning surge arrestor tripped at track-side location box,High,High,45,30,60,S&T Maintenance Crew,"Class B/C Surge Protection Device (SPD), Multimeter",No Block (Location Box),0,0,1,None,TRD,None,Swap SPD cartridge and verify earthing resistance < 1 Ohm,Protects sensitive digital counting electronics
TDM-061,S&T,Telecom Equipment Maintenance,Optical Fibre Cable (OFC) Attenuation Surge,OFC core attenuation exceeded 0.25 dB/km due to root intrusion,High,Medium,180,120,240,Telecom OFC Splicing Gang,"Optical Time Domain Reflectometer (OTDR), Fusion Splicer",No Block (Cess/Trench Work),0,0,1,None,Engineering,Cess Deep Excavation,Switch telemetry and voice channels to redundant protection ring,Telecom OFC backbone for control communication & SCADA
TDM-062,S&T,Telecom Equipment Maintenance,VHF / MTRC Radio Base Station Fault,Driver-Guard VHF base repeater transceiving power drop,High,High,90,45,120,Telecom Wireless Specialist,"RF Wattmeter, Antenna SWR Meter",No Block (Station Tower Work),0,0,0,Station Master Intimation,TRD,None,Switch to standby transceiver bank,Essential for section locopilot emergency broadcast
TDM-063,S&T,Telecom Equipment Maintenance,Emergency Control Telephone (EC) Socket Defect,Track-side emergency telephone post disconnected / corroded,High,Medium,60,30,90,Telecom Line Squad,"Portable EC Phone, Insulation Tester, Cable Crimper",No Block (Track-side Post),0,0,1,None,Engineering,None,Restore telephone socket line integrity,Mandatory communication lifeline every 1 km
TDM-064,S&T,Telecom Equipment Maintenance,Yard CCTV Surveillance Node Offline,Optic media converter failure at outer home signal monitoring camera,Low,Low,60,30,90,Telecom Video Network Tech,"Media Converter, RJ45 Tester, Power Supply",No Block (Mast Mounted),0,0,1,None,Engineering,None,Replace media converter and re-establish stream to Control Office,Security and operational yard monitoring
TDM-065,TRD,OHE Inspection,Contact Wire Height & Stagger Deviation,Contact wire height drooped below 5.5m or stagger > 200mm,High,Medium,120,60,180,Tower Wagon Inspection Crew,"Tower Wagon (8-Wheeler), Height & Stagger Gauge",Traffic-cum-Power Block (OHE Isolation),1,1,0,Power Block (Permit-to-Work) -> Line Block,Engineering,High Speed Electric Locomotives,Speed restriction 60 km/h for pantograph safety,Prevents pantograph entanglement
TDM-066,TRD,OHE Inspection,Thermal Hotspot in Isolator / Jumper,Infrared thermo-vision scan shows > 40°C rise over ambient at jumper clamp,High,High,90,60,120,TRD Thermo-vision Team,"Thermal Imager Camera, Torque Spanner",Power Block (OHE Isolation),1,1,0,Power Block Isolation Grant,"Engineering, S&T",Heavy Freight Traction,Tighten PG clamp or replace parallel groove jumper,Prevents catenary wire parting under load
TDM-067,TRD,OHE Inspection,Catenary Dropper Missing / Damaged,Flexible copper dropper unclipped causing localized sag,Medium,Medium,60,30,90,TRD Line Maintenance Gang,"Ladder Trolley, Dropper Crimper, Current Shunt",Power Block (OHE Isolation),1,1,0,Power Block Isolation Grant,Engineering,High Speed Train Movement,Install new pre-fabricated copper dropper,Standard AC Traction Manual (ACTM) specs
TDM-068,TRD,OHE Inspection,Mast Earthing Bond Disconnected,Copper structure earthing bond severed by ballast machine,High,High,60,30,90,TRD Ground Maintenance Gang,"Exothermic Welding Kit, Bond Wire, Earth Resistance Tester",No Block (Mast Foot),0,0,1,None,Engineering,Track Machine Movement,Reconnect mast bond to rail immediately,Prevents touch potential electrocution hazard
TDM-069,TRD,OHE Inspection,Section Insulator Arcing Horn Burn,Excessive electrical erosion on section insulator arcing horns,High,High,90,45,120,TRD Specialist Gang,"Arcing Horn Gap Gauge, Torque Wrenches",Traffic-cum-Power Block (OHE Isolation),1,1,0,Power Block Isolation -> Line Block,S&T,Train Passing Neutral Section,Realign horn gap and polish contact runners,Maintains electrical separation between feeder zones
TDM-070,TRD,OHE Wire Maintenance,Contact Wire Kink / Mechanical Damage,Kink in 107 sq mm copper contact wire due to localized impact,Critical,Critical,180,120,240,Tower Wagon Gang,"Wire Straightener, Hydraulic Puller, Come-Along Clamps",Traffic-cum-Power Block (OHE Isolation),1,1,0,Power Block (Permit-to-Work) -> Traffic Block,"Engineering, S&T",Electric Train Operations,"Immediate OHE power isolation, impose neutral section coasting",Straighten or splice replacement contact wire segment
TDM-071,TRD,OHE Wire Maintenance,Catenary Wire Strand Broken,3 strands snapped in 65 sq mm cadmium copper catenary wire,Critical,Critical,210,150,270,TRD Heavy Maintenance Gang,"Splice Casing, Hydraulic Crimper, Tension Rig",Traffic-cum-Power Block (OHE Isolation),1,1,0,OHE Power Isolation -> Line Block,Engineering,Electric Locomotive Movement,Speed restriction 30 km/h until spliced,Must handle 1000 kgf mechanical tension
TDM-072,TRD,OHE Wire Maintenance,Anti-Creep Wire Sagging,Anti-creep central anchor wire loose in tension length,Medium,Low,120,90,150,Tower Wagon Crew,"Turnbuckle Spanners, Dynamometer",Power Block,1,1,1,Power Block Isolation Grant,Engineering,None,Re-tension turnbuckle to specified ACTM sag table,Prevents longitudinal wire migration during summer
TDM-073,TRD,OHE Wire Maintenance,Bridging Jumper Burning / Degradation,Current carrying jumper between parallel catenaries overheated,High,High,120,60,180,Tower Wagon Gang,"PG Clamps, Flexible Copper Cable, Crimper",Traffic-cum-Power Block (OHE Isolation),1,1,0,Power Block Isolation Grant,Engineering,Heavy Freight Movement,Replace 105 sq mm jumper cable,Maintains equalized current distribution between wires
TDM-074,TRD,OHE Wire Maintenance,Cross Feeder Wire Vibration Fatigue,25kV cross-track feeder cable swaying excessively in high wind,Medium,Medium,90,45,120,TRD Line Maintenance Gang,"Vibration Dampers, Feeder Tensioner",Power Block,1,1,1,Power Block Grant,Engineering,None,Install Stockbridge vibration dampers on feeder span,Prevents mechanical fatigue failure
TDM-075,TRD,Contact Wire Replacement,Severe Contact Wire Wear (< 74 sq mm),Residual cross section worn below critical condemning limit,Critical,Critical,300,240,420,Wiring Train / Heavy Tower Wagon Rake,"OHE Wiring Train, Tensioning Winch, Splice Machine",Integrated Traffic-cum-Power Block,1,1,0,OHE Power Isolation (PTW) -> Line Block -> Section Clearance,"Engineering, S&T",All Train Movements,Mandatory replacement before monsoon / winter high tension,Indian Railways ACTM Volume II Contact Wire renewal rules
TDM-076,TRD,Contact Wire Replacement,Contact Wire Parting / Snap Incident,Complete wire snap causing power breakdown and pantograph entanglement,Critical,Critical,240,180,360,Emergency Breakdown Crew,"Tower Wagon, Emergency Splice Sleeves, Tirfor Winch",Emergency Traffic-cum-Power Block,1,1,0,Emergency OHE Power Isolation -> Full Line Block,"Engineering, S&T",All Movements,"Cut out power immediately via SCADA, trip traction substation feeder",Emergency restoration protocol
TDM-077,TRD,Contact Wire Replacement,In-Span Splice Elimination,Multiple temporary splice joints within single 1.5 km tension length,High,Medium,240,180,300,Wiring Train Rake,"OHE Wiring Train, Pulling Rig, Tension Clamps",Traffic-cum-Power Block (OHE Isolation),1,1,0,Power Block -> Traffic Block,Engineering,Train Operations,Replace spliced section with continuous grooved copper wire,Restores smooth high speed pantograph traversal
TDM-078,TRD,Contact Wire Replacement,Turnout Overlap Wire Renewal,Crossing contact wire worn at diamond overlap junction,High,High,210,150,270,Tower Wagon Special Squad,"Wire Tensioner, Turnout Overlap Rig",Integrated Traffic-cum-Power Block,1,1,0,Power Block -> Line Block,"S&T, Engineering",Train Passing Turnout,Replace knuckle contact wire and tune pantograph entry ramp,Smooth transition across turnout
TDM-079,TRD,OHE Component Replacement,Insulator Flashover / Broken Porcelain Disc,Stay arm / bracket insulator shattered by lightning surge,Critical,Critical,120,60,180,Tower Wagon Crew,"Polymer / Composite 25kV Insulator, Torque Wrenches",Traffic-cum-Power Block (OHE Isolation),1,1,0,Power Block (PTW) -> Traffic Block,"Engineering, S&T",Electric Train Movements,Traction Substation (TSS) feeder auto-tripped on distance protection,Replace with modern 25kV composite silicone insulator
TDM-080,TRD,OHE Component Replacement,Section Insulator Runner Wear,Section insulator runner chipped causing pantograph arcing,High,High,150,90,210,TRD Specialist Gang,"Section Insulator Overhaul Kit, Arc Chute",Traffic-cum-Power Block (OHE Isolation),1,1,0,Power Block Isolation -> Line Block,S&T,Train Passing Section Insulator,Coast electric locos through neutral section until replaced,Ensures electrical isolation between adjacent sub-sectors
TDM-081,TRD,OHE Component Replacement,Cantilever Bracket Assembly Misalignment,Cantilever mast bracket shifted due to mast foundation settlement,High,Medium,150,90,210,TRD Line Maintenance Gang,"Cantilever Adjuster, Mast Clamps, Spanners",Traffic-cum-Power Block,1,1,0,Power Block Isolation -> Traffic Block,Engineering,Heavy Track Lifting,Re-align push-off / pull-off bracket assembly,Ensures correct stagger of ±200mm across temperature range
TDM-082,TRD,OHE Component Replacement,Auto-Tensioning Device (ATD) Weight Jam,Pulley seized / balance weights resting on bottom stop,Critical,Critical,120,60,180,Tower Wagon Squad,"Hydraulic Winch, 5:1 ATD Pulley, Stainless Steel Rope",Traffic-cum-Power Block (OHE Isolation),1,1,0,Power Block (PTW) -> Traffic Block,Engineering,High Temperature Operations,Free jammed weight stack and lubricate guide pipe,Maintains constant 1000 kgf tension across seasons
TDM-083,TRD,OHE Component Replacement,Traction Substation 25kV Vacuum Circuit Breaker (VCB) Fault,VCB vacuum bottle interrupter contact resistance elevated,Critical,Critical,180,120,240,TSS Specialist Team,"Contact Resistance Meter, Spare 25kV VCB, High Voltage Probe",Power Block (Substation Isolation),1,0,0,SCADA Remote Feeder Isolation,None,Feeder Substation Feeding,Feed affected sector from adjacent TSS through bridging interruptor,Substation primary protection device
TDM-084,TRD,Tower Wagon Inspection,Routine Catenary & OHE Profile Survey,Scheduled multi-span mechanical and electrical survey,Low,Low,180,120,240,Tower Wagon Inspection Team,4-Wheeler / 8-Wheeler Tower Wagon with Pantograph Sensor,Traffic-cum-Power Block,1,1,1,Power Block -> Traffic Block,Engineering,High Speed Movements,Scheduled fortnightly patrol,Includes video recording of contact wire profile
TDM-085,TRD,Tower Wagon Inspection,Substation Feeder Jumper Maintenance,Feeder drop wire connection inspection at Traction Sub-Station (TSS),Medium,Medium,120,60,180,TSS Maintenance Crew,"Grounding Rods, High Voltage Tester, Spanners",Power Block (Feeder Isolation),1,0,1,TSS Feeder Disconnection,None,TSS Transformer Loading,Isolate feeding sub-sector and feed from adjacent TSS via bridging,ACTM Substation maintenance schedule
TDM-086,TRD,Tower Wagon Inspection,Overline Structure / Bridge Clearance Audit,Contact wire vertical clearance under road overbridge (ROB) < 4.8m,High,High,150,90,210,Tower Wagon Inspection Team,"Laser Height Gauge, Slew Adjuster",Traffic-cum-Power Block (OHE Isolation),1,1,0,Power Block Isolation Grant,Engineering,High Container Train Pass,Adjust bracket height and enforce neutral section speed restriction,Prevents flashover to bridge girder
TDM-087,TRD,Tower Wagon Inspection,Neutral Section (PTFE Type) Inspection,PTFE short neutral section transition zone surface pitting,High,High,120,60,180,TRD Specialist Gang,"Neutral Section Gauge, Arc Trap Kit",Traffic-cum-Power Block (OHE Isolation),1,1,0,Power Block -> Line Block,S&T,Electric Train Power Draw,Clean PTFE runners and calibrate magnetic arc traps,Crucial phase break between different feeding grid supplies
TDM-088,TRD,Tower Wagon Inspection,Tunnel OHE Catenary Clearance Check,Dripping water / seepage causing localized flashover risk in tunnel,Critical,Critical,180,120,240,Tunnel TRD Inspection Team,"Tunnel Scaffolding Rig, Insulation Tester",Traffic-cum-Power Block (OHE Isolation),1,1,0,Power Block -> Line Block,Engineering,Electric Train Pass,Install drip shields and clean tunnel insulators,ACTM Tunnel electrification guidelines
TDM-089,Engineering,Track Inspection,Diamond Crossing Flange Wear,Obtuse crossing wear exceeding 4mm in yard junction,High,High,120,60,180,P-Way Section Gang,"Feeler Gauge, Rail Caliper, Optical Sighting Bar",Traffic Block,0,1,0,None,S&T,Yard Movements,Impose 15 km/h restriction across diamond crossing,Yard safety critical node
TDM-090,Engineering,Track Inspection,Buffer Stop Foundation Settlement,Dead end terminal buffer stop alignment shifted by shunt impact,Medium,Low,90,45,120,Civil Works Gang,"Hydraulic Jacks, Spirit Level, Grout",No Block (Dead End Line),0,0,1,None,None,Shunting on Siding,Re-anchor buffer stop base plates,Terminal safety compliance
TDM-091,Engineering,Track Inspection,Derailment Catch Siding Switch Inspection,Sand hump point mechanism friction / sand cushion deficiency,Critical,High,90,45,120,Joint Safety Inspection Gang,"Depth Gauge, Sand Replenishment Kit",Traffic Block,0,1,0,None,S&T,None,Replenish approved silica sand in hump trap,G&SR Catch Siding Rules
TDM-092,Engineering,Rail Replacement,Rail End Batter at Joint,Dip angle batter > 2mm at fishplated mechanical joint,High,Medium,120,60,180,P-Way Welding Gang,"Gas Cutting, Chamfering Rig, Weld Unit",Traffic Block,0,1,0,Line Block,TRD,None,Crop battered rail ends and insert 6m closure rail,Prevents joint impact fatigue
TDM-093,Engineering,Sleeper Replacement,Points & Crossing Special Turnout Sleeper Shift,Long PSC turnout sleeper skewed under switch motor base,High,High,180,120,240,Turnout Gang,"Sleeper Puller, Heavy Jacks",Integrated S&T + Traffic Block,0,1,0,S&T Disconnection,S&T,Point Throwing,Re-square sleeper and torque motor base bolts,Ensures correct switch throw geometry
TDM-094,Engineering,Rail Grinding,Gauge Corner Micro-Spalling on High Rail,Cluster of shallow micro-spalls on sharp curve rail head,High,High,240,180,300,RGM Crew,RGM 72-Stone Machine,Traffic Block,0,1,0,Traffic Block,TRD,None,Execute 2-pass grinding cycle,Restores transverse profile
TDM-095,Engineering,Ballast Cleaning,Level Crossing Ballast Deep Screening,Compacted mud cushion under road tarmac across LC gate,Critical,Critical,360,240,480,LC Maintenance Squad,"Excavator, Road Breaker, Ballast Tamper",Integrated Traffic + Road Traffic Block,0,1,0,District Road Closure Permit -> Line Block,S&T,Road & Rail Movements,Joint work with local civil administration for road detour,Prevents LC track collapse
TDM-096,Engineering,Track Tamping,Crossover S-Curve Alignment Tamping,Reverse curve alignment defect in yard crossover,High,High,180,120,240,Unimat Tamper Crew,Unimat 4S Tamper with Computerized Curve Calculator,Traffic Block,0,1,0,S&T Disconnection,S&T,Yard Traffic,Eliminates sudden jerk during train crossover diversion,G&SR Crossover alignment parameters
TDM-097,S&T,Signal Inspection,Calling-on Signal Aspect Failure,Calling-on C-marker auxiliary signal lamp unlit,High,Medium,60,30,90,Signal Maintainer Squad,"LED C-Unit, Step-down Transformer",Signalling Disconnection,0,0,1,Disconnection Notice,Engineering,None,Replace C-marker unit; issue pilot order for occupied line entry,Essential for yard reception during failure
TDM-098,S&T,Signal Inspection,Shunt Signal Position Light Defect,Position light shunt signal showing incorrect angle indication,Medium,Medium,45,30,60,Signal Maintainer Squad,"LED Strip, Angle Calibration Jig",No Block (Yard Shunting),0,0,1,None,Engineering,Shunting,Realign shunt position light optical angle,Yard shunting movement safety
TDM-099,S&T,Signal Maintenance,Data Logger Channel Telemetry Lockout,Station data logger 64-channel analog card communication failure,High,Low,60,30,90,S&T Electronic Tech,"Data Logger Interface Card, Serial Probe",No Block (Relay Room),0,0,0,None,None,None,Swap interface card and download offline event buffer,Crucial forensic recording equipment
TDM-100,S&T,Point Machine Maintenance,Ground Connection Rodding Buckling,Point drive rod bent by falling ballast stone / debris,Critical,Critical,90,45,120,Point Specialist Crew,"Straightening Rig, Spare Drive Rod",Signalling Disconnection & S&T Block,0,1,0,Disconnection Notice,Engineering,Point Throwing,Replace drive rod and test stroke with 5mm gauge,Prevents incomplete point throw
TDM-101,S&T,Track Circuit Maintenance,Track Lead Cable Sheath Damage,Rodent bite severed PVC sheath of feed-end track cable,High,High,60,30,90,Signal Maintainer Gang,"Armoured 2-Core Cable, Heat Shrink Sleeve",Shadow Block,0,0,1,None,Engineering,None,Heat-shrink joint and bury in concrete cable trough,Prevents wet weather earth leakage
TDM-102,S&T,Axle Counter Maintenance,Reset Box Pushbutton Key Interlock Seizure,Station Master reset box key lock jammed in supervisory panel,Critical,High,45,30,60,S&T Station Maintainer,"Reset Box Switch Module, Spare Key Set",No Block (SM Panel),0,0,0,Station Master Intimation,None,Section Clearances,Replace reset switch module and test pilot reset count,SOP for Axle Counter cooperative reset
TDM-103,S&T,Telecom Equipment Maintenance,Passenger Information System (PIS) Display Node Link Drop,Platform LED train arrival display boards communication fault,Low,Low,60,30,90,Telecom Network Tech,"RS485 Hub, Ethernet Switch, Multimeter",No Block (Platform Work),0,0,1,None,None,None,Reboot network switch and update train feed listener,Passenger amenity compliance
TDM-104,TRD,OHE Inspection,Neutral Section Transverse Slew Anomaly,PTFE neutral section laterally displaced > 30mm from track center,Critical,Critical,90,45,120,Tower Wagon Inspection Crew,"Laser Alignment Tool, Cantilever Tensioner",Traffic-cum-Power Block (OHE Isolation),1,1,0,Power Block Isolation Grant,Engineering,Electric Locomotive Movement,Re-center neutral section within ±10mm tolerance,Prevents pantograph horn collision
TDM-105,TRD,OHE Wire Maintenance,Contact Wire Splice Sleeve Deformation,Mechanical tension splice sleeve bent under heavy pantograph impact,Critical,Critical,120,60,180,Tower Wagon Squad,"Hydraulic Crimper, Splice Bridge Jig",Traffic-cum-Power Block (OHE Isolation),1,1,0,Power Block (PTW) -> Line Block,Engineering,Train Operations,Cut out deformed sleeve and insert double-wedge splice,High speed corridor reliability
TDM-106,TRD,Contact Wire Replacement,Loop Line Contact Wire Heavy Carbonization,Platform loop line wire corroded with carbon drag build-up,High,Medium,240,150,300,Wiring Train Rake,"OHE Wiring Train, Tension Winch",Traffic-cum-Power Block,1,1,0,Power Block -> Line Block,Engineering,Loop Line Movements,Replace 107 sq mm copper wire along platform line,Prevents arcing during passenger loco starts
TDM-107,TRD,OHE Component Replacement,Traction Substation 132kV Isolator Contact Blade Pitting,Severe surface oxidation on outdoor substation gang isolator blade,Critical,High,180,120,240,TSS Maintenance Crew,"Silver Plating Paste, High Current Micro-ohmmeter",Power Block (Grid Isolation),1,0,0,State Grid SLDC Coordination,None,TSS Transformer Loading,Service isolator contact fingers and test contact resistance < 50 micro-ohm,Substation primary 132kV grid connection
TDM-108,TRD,Tower Wagon Inspection,Level Crossing Gate OHE Anti-Collision Guard Wire Sag,Height barrier protective catenary sagging across road lane,High,High,90,45,120,Tower Wagon Crew,"Tensioning Rig, Clamp Wrenches",Traffic-cum-Power Block,1,1,0,Power Block Isolation,Engineering,Road & Rail Movements,Re-tension road height barrier wire to mandated 5.2m clearance,Protects 25kV OHE from oversized road trucks
