train_number,direction,station_code,station_name,station_km,arrival_time,departure_time,pass_or_skip,service_day,scheduled_run_date
12621,DOWN,GDR,Gudur Jn,136.04,00:08,00:10,STOP,Daily,2026-09-27
12621,DOWN,MBL,Manubolu,145.39,00:19,00:19,PASS,Daily,2026-09-27
12621,DOWN,VKT,Venkatachalam Jn,157.85,00:26,00:26,PASS,Daily,2026-09-27
12621,DOWN,NLR,Nellore,174.36,00:34,00:36,STOP,Daily,2026-09-27
12621,DOWN,BTTR,Bitragunta,208.25,01:01,01:01,PASS,Daily,2026-09-27
12621,DOWN,KVZ,Kavali,224.8,01:11,01:11,PASS,Daily,2026-09-27
12621,DOWN,OGL,Ongole,290.4,02:03,02:05,STOP,Daily,2026-09-27
12621,DOWN,CLX,Chirala,339.87,02:44,02:44,PASS,Daily,2026-09-27
12621,DOWN,BPP,Bapatla,354.86,02:56,02:56,PASS,Daily,2026-09-27
12621,DOWN,TEL,Tenali Jn,397.25,03:33,03:35,STOP,Daily,2026-09-27
12621,DOWN,KCC,Krishna Canal Jn,423.71,03:54,03:54,PASS,Daily,2026-09-27
12621,DOWN,BZA,Vijayawada Jn,428.76,04:10,04:20,STOP,Daily,2026-09-27
12846,DOWN,GDR,Gudur Jn,136.04,00:23,00:25,STOP,Mon,2026-09-27
12846,DOWN,NLR,Nellore,174.36,00:56,00:58,STOP,Mon,2026-09-27
12846,DOWN,KVZ,Kavali,224.8,01:35,01:35,PASS,Mon,2026-09-27
12846,DOWN,OGL,Ongole,290.4,02:28,02:30,STOP,Mon,2026-09-27
12846,DOWN,CLX,Chirala,339.87,03:09,03:09,PASS,Mon,2026-09-27
12846,DOWN,TEL,Tenali Jn,397.25,03:56,03:56,PASS,Mon,2026-09-27
12846,DOWN,BZA,Vijayawada Jn,428.76,04:30,04:40,STOP,Mon,2026-09-27
13352,DOWN,GDR,Gudur Jn,136.04,00:43,00:45,STOP,Daily,2026-09-27
13352,DOWN,NLR,Nellore,174.36,01:16,01:18,STOP,Daily,2026-09-27
13352,DOWN,KVZ,Kavali,224.8,01:57,01:59,STOP,Daily,2026-09-27
13352,DOWN,OGL,Ongole,290.4,03:17,03:19,STOP,Daily,2026-09-27
13352,DOWN,CLX,Chirala,339.87,04:08,04:10,STOP,Daily,2026-09-27
13352,DOWN,BPP,Bapatla,354.86,04:22,04:24,STOP,Daily,2026-09-27
13352,DOWN,TEL,Tenali Jn,397.25,05:08,05:10,STOP,Daily,2026-09-27
13352,DOWN,BZA,Vijayawada Jn,428.76,05:50,06:10,STOP,Daily,2026-09-27
13352,DOWN,EE,Eluru,488.26,07:10,07:12,STOP,Daily,2026-09-27
13352,DOWN,TDD,Tadepalligudem,536.09,07:52,07:54,STOP,Daily,2026-09-27
13352,DOWN,NDD,Nidadavolu Jn,555.81,08:13,08:15,STOP,Daily,2026-09-27
13352,DOWN,RJY,Rajahmundry,578.15,08:51,08:53,STOP,Daily,2026-09-27
13352,DOWN,SLO,Samalkot Jn,628.36,09:51,09:53,STOP,Daily,2026-09-27
13352,DOWN,TUNI,Tuni,681.99,10:45,10:47,STOP,Daily,2026-09-27
13352,DOWN,AKP,Anakapalle,745.65,11:51,11:53,STOP,Daily,2026-09-27
13352,DOWN,DVD,Duvvada,761.49,12:18,12:20,STOP,Daily,2026-09-27
13352,DOWN,VSKP,Visakhapatnam Jn,778.66,13:00,13:25,STOP,Daily,2026-09-27
20702,DOWN,GDR,Gudur Jn,136.04,16:33,16:35,PASS,Ex Tue,2026-09-27
20702,DOWN,NLR,Nellore,174.36,17:02,17:04,STOP,Ex Tue,2026-09-27
20702,DOWN,OGL,Ongole,290.4,18:13,18:15,STOP,Ex Tue,2026-09-27
20702,DOWN,CLX,Chirala,339.87,18:53,18:53,PASS,Ex Tue,2026-09-27
20702,DOWN,TEL,Tenali Jn,397.25,19:35,19:35,PASS,Ex Tue,2026-09-27
20702,DOWN,BZA,Vijayawada Jn,428.76,20:05,20:15,STOP,Ex Tue,2026-09-27
12760,UP,BZA,Vijayawada Jn,428.76,00:10,00:20,STOP,Daily,2026-09-27
12760,UP,TEL,Tenali Jn,397.25,00:55,00:57,STOP,Daily,2026-09-27
12760,UP,BPP,Bapatla,354.86,01:32,01:32,PASS,Daily,2026-09-27
12760,UP,CLX,Chirala,339.87,01:47,01:49,STOP,Daily,2026-09-27
12760,UP,OGL,Ongole,290.4,02:30,02:32,STOP,Daily,2026-09-27
12760,UP,KVZ,Kavali,224.8,03:18,03:20,STOP,Daily,2026-09-27
12760,UP,NLR,Nellore,174.36,03:59,04:01,STOP,Daily,2026-09-27
12760,UP,GDR,Gudur Jn,136.04,04:40,04:42,STOP,Daily,2026-09-27
12841,UP,VSKP,Visakhapatnam Jn,778.66,04:30,04:50,STOP,Daily,2026-09-27
12841,UP,DVD,Duvvada,761.49,05:18,05:20,STOP,Daily,2026-09-27
12841,UP,AKP,Anakapalle,745.65,05:31,05:31,PASS,Daily,2026-09-27
12841,UP,TUNI,Tuni,681.99,06:10,06:10,PASS,Daily,2026-09-27
12841,UP,SLO,Samalkot Jn,628.36,06:54,06:56,STOP,Daily,2026-09-27
12841,UP,RJY,Rajahmundry,578.15,07:37,07:39,STOP,Daily,2026-09-27
12841,UP,TDD,Tadepalligudem,536.09,08:23,08:25,STOP,Daily,2026-09-27
12841,UP,EE,Eluru,488.26,09:02,09:04,STOP,Daily,2026-09-27
12841,UP,BZA,Vijayawada Jn,428.76,10:25,10:35,STOP,Daily,2026-09-27
12841,UP,TEL,Tenali Jn,397.25,11:06,11:08,STOP,Daily,2026-09-27
12841,UP,OGL,Ongole,290.4,12:35,12:37,STOP,Daily,2026-09-27
12841,UP,NLR,Nellore,174.36,14:08,14:10,STOP,Daily,2026-09-27
12841,UP,GDR,Gudur Jn,136.04,14:48,14:50,STOP,Daily,2026-09-27
12728,UP,BZA,Vijayawada Jn,428.76,23:00,23:20,STOP,Daily,2026-09-27
12728,UP,EE,Eluru,488.26,00:15,00:17,STOP,Daily,2026-09-27
12728,UP,TDD,Tadepalligudem,536.09,00:53,00:55,STOP,Daily,2026-09-27
12728,UP,NDD,Nidadavolu Jn,555.81,01:07,01:07,PASS,Daily,2026-09-27
12728,UP,RJY,Rajahmundry,578.15,01:50,01:52,STOP,Daily,2026-09-27
12728,UP,APT,Anaparthi,601.9,02:13,02:15,STOP,Daily,2026-09-27
12728,UP,SLO,Samalkot Jn,628.36,02:40,02:42,STOP,Daily,2026-09-27
12728,UP,ANV,Annavaram,665.23,03:12,03:14,STOP,Daily,2026-09-27
12728,UP,TUNI,Tuni,681.99,03:34,03:36,STOP,Daily,2026-09-27
12728,UP,NRP,Narsipatnam Road,704.06,03:54,03:54,PASS,Daily,2026-09-27
12728,UP,YLM,Elamanchili,721.82,04:21,04:23,STOP,Daily,2026-09-27
12728,UP,AKP,Anakapalle,745.65,04:46,04:48,STOP,Daily,2026-09-27
12728,UP,DVD,Duvvada,761.49,05:15,05:17,STOP,Daily,2026-09-27
12728,UP,VSKP,Visakhapatnam Jn,778.66,05:55,06:05,STOP,Daily,2026-09-27
20834,UP,SC,Secunderabad Jn,0.0,15:00,15:00,ORIGIN,Ex Tue,2026-09-27
20834,UP,BZA,Vijayawada Jn,428.76,19:11,19:16,STOP,Ex Tue,2026-09-27
20834,UP,RJY,Rajahmundry,578.15,20:45,20:47,STOP,Ex Tue,2026-09-27
20834,UP,SLO,Samalkot Jn,628.36,21:29,21:31,STOP,Ex Tue,2026-09-27
20834,UP,TUNI,Tuni,681.99,22:11,22:11,PASS,Ex Tue,2026-09-27
20834,UP,DVD,Duvvada,761.49,23:20,23:22,STOP,Ex Tue,2026-09-27
20834,UP,VSKP,Visakhapatnam Jn,778.66,23:45,23:45,TERMINATE,Ex Tue,2026-09-27
22834,DOWN,GDR,Gudur Jn,136.04,00:23,00:25,STOP,Thu,2026-09-27
22834,DOWN,NLR,Nellore,174.36,00:56,00:58,STOP,Thu,2026-09-27
22834,DOWN,KVZ,Kavali,224.8,01:35,01:35,PASS,Thu,2026-09-27
22834,DOWN,OGL,Ongole,290.4,02:26,02:28,STOP,Thu,2026-09-27
22834,DOWN,CLX,Chirala,339.87,03:09,03:09,PASS,Thu,2026-09-27
22834,DOWN,TEL,Tenali Jn,397.25,03:56,03:56,PASS,Thu,2026-09-27
22834,DOWN,BZA,Vijayawada Jn,428.76,04:30,04:40,STOP,Thu,2026-09-27
20850,DOWN,GDR,Gudur Jn,136.04,01:00,01:02,STOP,Sun,2026-09-27
20850,DOWN,NLR,Nellore,174.36,01:33,01:35,STOP,Sun,2026-09-27
20850,DOWN,OGL,Ongole,290.4,03:06,03:08,STOP,Sun,2026-09-27
20850,DOWN,TEL,Tenali Jn,397.25,04:31,04:31,PASS,Sun,2026-09-27
20850,DOWN,BZA,Vijayawada Jn,428.76,05:05,05:15,STOP,Sun,2026-09-27
12764,UP,BZA,Vijayawada Jn,428.76,00:30,00:40,STOP,Daily,2026-09-27
12764,UP,TEL,Tenali Jn,397.25,01:15,01:17,STOP,Daily,2026-09-27
12764,UP,CLX,Chirala,339.87,02:07,02:09,STOP,Daily,2026-09-27
12764,UP,OGL,Ongole,290.4,02:51,02:53,STOP,Daily,2026-09-27
12764,UP,KVZ,Kavali,224.8,03:38,03:40,STOP,Daily,2026-09-27
12764,UP,NLR,Nellore,174.36,04:18,04:20,STOP,Daily,2026-09-27
12764,UP,GDR,Gudur Jn,136.04,04:53,04:55,STOP,Daily,2026-09-27
17249,DOWN,GDR,Gudur Jn,136.04,01:17,01:17,STOP,Daily,2026-09-27
17249,DOWN,NLR,Nellore,174.36,01:51,01:53,STOP,Daily,2026-09-27
17249,DOWN,KVZ,Kavali,224.8,02:49,02:58,STOP,Daily,2026-09-27
17249,DOWN,OGL,Ongole,290.4,03:58,04:00,STOP,Daily,2026-09-27
17249,DOWN,CLX,Chirala,339.87,04:54,04:56,STOP,Daily,2026-09-27
17249,DOWN,BPP,Bapatla,354.86,05:08,05:10,STOP,Daily,2026-09-27
17249,DOWN,TEL,Tenali Jn,397.25,05:55,05:57,STOP,Daily,2026-09-27
17249,DOWN,BZA,Vijayawada Jn,428.76,06:35,06:45,STOP,Daily,2026-09-27
17249,DOWN,EE,Eluru,488.26,07:57,07:59,STOP,Daily,2026-09-27
17249,DOWN,NDD,Nidadavolu Jn,555.81,08:58,09:00,STOP,Daily,2026-09-27
17249,DOWN,RJY,Rajahmundry,578.15,09:35,09:37,STOP,Daily,2026-09-27
17249,DOWN,SLO,Samalkot Jn,628.36,10:40,10:42,STOP,Daily,2026-09-27
17249,DOWN,CCT,Kakinada Town,12.4,11:40,11:40,TERMINATE,Daily,2026-09-27
20630,DOWN,GDR,Gudur Jn,136.04,01:28,01:30,STOP,Daily,2026-09-27
20630,DOWN,NLR,Nellore,174.36,02:03,02:05,STOP,Daily,2026-09-27
20630,DOWN,KVZ,Kavali,224.8,02:40,02:42,PASS,Daily,2026-09-27
20630,DOWN,OGL,Ongole,290.4,03:35,03:37,STOP,Daily,2026-09-27
20630,DOWN,CLX,Chirala,339.87,04:20,04:22,STOP,Daily,2026-09-27
20630,DOWN,BPP,Bapatla,354.86,04:37,04:48,STOP,Daily,2026-09-27
20630,DOWN,TEL,Tenali Jn,397.25,05:40,05:42,STOP,Daily,2026-09-27
20630,DOWN,BZA,Vijayawada Jn,428.76,06:35,06:45,STOP,Daily,2026-09-27
12712,DOWN,GDR,Gudur Jn,136.04,16:43,16:45,STOP,Daily,2026-09-27
12712,DOWN,NLR,Nellore,174.36,17:20,17:22,STOP,Daily,2026-09-27
12712,DOWN,BTTR,Bitragunta,208.25,17:52,17:54,STOP,Daily,2026-09-27
12712,DOWN,KVZ,Kavali,224.8,18:08,18:10,STOP,Daily,2026-09-27
12712,DOWN,SKM,Singarayakonda,262.45,18:40,18:42,STOP,Daily,2026-09-27
12712,DOWN,OGL,Ongole,290.4,19:09,19:11,STOP,Daily,2026-09-27
12712,DOWN,CLX,Chirala,339.87,19:54,19:56,STOP,Daily,2026-09-27
12712,DOWN,BPP,Bapatla,354.86,20:08,20:10,STOP,Daily,2026-09-27
12712,DOWN,NDO,Nidubrolu,375.32,20:28,20:30,STOP,Daily,2026-09-27
12712,DOWN,TEL,Tenali Jn,397.25,20:52,20:54,STOP,Daily,2026-09-27
12712,DOWN,BZA,Vijayawada Jn,428.76,21:35,21:35,TERMINATE,Daily,2026-09-27
17202,UP,BZA,Vijayawada Jn,428.76,19:50,20:10,STOP,Daily,2026-09-27
17202,UP,KCC,Krishna Canal Jn,423.71,20:38,20:40,STOP,Daily,2026-09-27
17202,UP,GNT,Guntur Jn,25.43,21:35,21:35,TERMINATE,Daily,2026-09-27
67260,DOWN,BTTR,Bitragunta,208.25,04:00,04:00,ORIGIN,Daily,2026-09-27
67260,DOWN,KVZ,Kavali,224.8,04:16,04:18,STOP,Daily,2026-09-27
67260,DOWN,SKM,Singarayakonda,262.45,05:00,05:02,STOP,Daily,2026-09-27
67260,DOWN,OGL,Ongole,290.4,05:39,05:41,STOP,Daily,2026-09-27
67260,DOWN,CLX,Chirala,339.87,07:01,07:03,STOP,Daily,2026-09-27
67260,DOWN,BPP,Bapatla,354.86,07:25,07:27,STOP,Daily,2026-09-27
67260,DOWN,TEL,Tenali Jn,397.25,08:28,08:30,STOP,Daily,2026-09-27
67260,DOWN,BZA,Vijayawada Jn,428.76,09:35,09:35,TERMINATE,Daily,2026-09-27
67214,DOWN,TEL,Tenali Jn,397.25,06:50,06:55,ORIGIN,Daily,2026-09-27
67214,DOWN,DIG,Duggirala,407.06,07:08,07:10,STOP,Daily,2026-09-27
67214,DOWN,PVD,Pedavadlapudi,416.61,07:21,07:22,STOP,Daily,2026-09-27
67214,DOWN,KCC,Krishna Canal Jn,423.71,07:34,07:36,STOP,Daily,2026-09-27
67214,DOWN,BZA,Vijayawada Jn,428.76,07:55,07:55,TERMINATE,Daily,2026-09-27
67274,UP,OGL,Ongole,290.4,14:35,14:40,ORIGIN,Daily,2026-09-27
67274,UP,CLX,Chirala,339.87,16:07,16:09,STOP,Daily,2026-09-27
67274,UP,BPP,Bapatla,354.86,16:31,16:33,STOP,Daily,2026-09-27
67274,UP,TEL,Tenali Jn,397.25,18:06,18:08,STOP,Daily,2026-09-27
67274,UP,BZA,Vijayawada Jn,428.76,19:05,19:05,TERMINATE,Daily,2026-09-27
17258,UP,COA,Kakinada Port,15.6,03:30,03:30,ORIGIN,Daily,2026-09-27
17258,UP,CCT,Kakinada Town,12.4,03:45,03:50,STOP,Daily,2026-09-27
17258,UP,SLO,Samalkot Jn,628.36,06:44,06:46,STOP,Daily,2026-09-27
17258,UP,RJY,Rajahmundry,578.15,07:53,07:55,STOP,Daily,2026-09-27
17258,UP,NDD,Nidadavolu Jn,555.81,08:54,08:56,STOP,Daily,2026-09-27
17258,UP,BZA,Vijayawada Jn,428.76,12:15,12:25,STOP,Daily,2026-09-27
