train_id,train_number,name,origin,destination,category,stock,service_days,direction,scenario
12621,12621,Tamil Nadu Express,MAS,NDLS,SUF,LHB,Daily,DOWN,HIGH_TRAFFIC
12846,12846,Bhubaneswar Superfast,SMVB,BBS,SUF,LHB,Mon,DOWN,HIGH_TRAFFIC
22834,22834,Bhubaneswar SF Express,SMVB,BBS,SUF,LHB,Thu,DOWN,HIGH_TRAFFIC
13352,13352,Dhanbad Express,ALLP,DHN,Exp,LHB,Daily,DOWN,HIGH_TRAFFIC
20850,20850,Bhubaneswar Express,RMM,BBS,SUF,LHB,Sun,DOWN,HIGH_TRAFFIC
17249,17249,Kakinada Express,TPTY,CCT,Exp,ICF,Daily,DOWN,MEDIUM_TRAFFIC
20630,20630,Sabari Express,TVC,SC,Exp,LHB,Daily,DOWN,MEDIUM_TRAFFIC
20702,20702,Vande Bharat Express,TPTY,SC,VNDB,T 20,Ex Tue,DOWN,HIGH_TRAFFIC
20833,20833,Vande Bharat Express,VSKP,SC,VNDB,T 18,Ex Tue,DOWN,HIGH_TRAFFIC
12712,12712,Pinakini Express,MAS,BZA,SUF,LHB,Daily,DOWN,MEDIUM_TRAFFIC
67260,67260,Bitragunta-Vijayawada MEMU,BTTR,BZA,Pass,MEMU,Daily,DOWN,LOW_TRAFFIC
67214,67214,Tenali-Vijayawada Passenger,TEL,BZA,Pass,MEMU,Daily,DOWN,LOW_TRAFFIC
12760,12760,Charminar Express,HYB,TBM,SUF,LHB,Daily,UP,HIGH_TRAFFIC
12764,12764,Padmavathi Express,SC,TPTY,SUF,LHB,Daily,UP,HIGH_TRAFFIC
12841,12841,Coromandel Express,HWH,MAS,SUF,LHB,Daily,UP,HIGH_TRAFFIC
12864,12864,Howrah Express,SMVB,HWH,SUF,LHB,Daily,UP,HIGH_TRAFFIC
12704,12704,Falaknuma Express,SC,HWH,SUF,LHB,Daily,UP,HIGH_TRAFFIC
12728,12728,Godavari Express,HYB,VSKP,SUF,LHB,Daily,UP,MEDIUM_TRAFFIC
17202,17202,Golconda Express,SC,GNT,Exp,ICF,Daily,UP,MEDIUM_TRAFFIC
20701,20701,Vande Bharat Express,SC,TPTY,VNDB,T 20,Ex Tue,UP,HIGH_TRAFFIC
20834,20834,Vande Bharat Express,SC,VSKP,VNDB,T 18,Ex Tue,UP,HIGH_TRAFFIC
67274,67274,Ongole-Vijayawada Passenger,OGL,BZA,Pass,MEMU,Daily,UP,LOW_TRAFFIC
17258,17258,Kakinada Vijayawada Express,COA,BZA,Exp,MEMU,Daily,UP,LOW_TRAFFIC
